announcement_id,symbol,original_DissemDT,original_DT_TM,chosen_timestamp,timestamp_source,effective_event_timestamp,effective_trading_date,effective_bar_timestamp,alignment_status,exclusion_reason
d4395f8a-6089-4a17-8dec-385a6acb2b67,HDFCBANK,2026-08-19T23:19:39.42,2026-08-19T23:19:39.42,2026-08-19T23:19:39.420000,DissemDT,2026-08-19T23:19:39.420000,,,excluded,no complete bar at or after dissemination
391541fa-8d4b-41b6-9304-1e15bed1d5d8,HDFCBANK,2026-08-19T22:52:54.67,2026-08-19T22:52:54.67,2026-08-19T22:52:54.670000,DissemDT,2026-08-19T22:52:54.670000,,,excluded,no complete bar at or after dissemination
989d8d2f-2b08-4a1c-8d43-f55bae61c178,RELIANCE,2026-08-18T20:06:38.747,2026-08-18T20:06:38.747,2026-08-18T20:06:38.747000,DissemDT,2026-08-18T20:06:38.747000,2026-08-19,2026-08-19T09:15:00,aligned,
b0bc3391-c0aa-44d6-be8d-a10b20b10247,RELIANCE,2026-08-18T17:44:19.31,2026-08-18T17:44:19.31,2026-08-18T17:44:19.310000,DissemDT,2026-08-18T17:44:19.310000,2026-08-19,2026-08-19T09:15:00,aligned,
32de7735-b8e6-4653-b377-0c5762be73af,RVNL,2026-08-18T14:24:13.29,2026-08-18T14:24:13.29,2026-08-18T14:24:13.290000,DissemDT,2026-08-18T14:24:13.290000,2026-08-18,2026-08-18T14:25:00,aligned,
4acb87f7-f8ca-4f17-a825-1eb510af3ee8,RELIANCE,2026-08-17T17:18:06.063,2026-08-17T17:18:06.063,2026-08-17T17:18:06.063000,DissemDT,2026-08-17T17:18:06.063000,2026-08-18,2026-08-18T09:15:00,aligned,
dfebd7ae-ef5c-498b-bd7e-d6c9f5287d66,HDFCBANK,2026-08-16T19:43:27.497,2026-08-16T19:43:27.497,2026-08-16T19:43:27.497000,DissemDT,2026-08-16T19:43:27.497000,2026-08-17,2026-08-17T09:15:00,aligned,
1b38bbdb-3f24-4c99-8bef-0f65d84b54c7,RVNL,2026-08-14T18:22:56.08,2026-08-14T18:22:56.08,2026-08-14T18:22:56.080000,DissemDT,2026-08-14T18:22:56.080000,2026-08-17,2026-08-17T09:15:00,aligned,
e48e0687-d683-47d5-bdd9-698a1db9af01,RELIANCE,2026-08-14T17:45:54.693,2026-08-14T17:45:54.693,2026-08-14T17:45:54.693000,DissemDT,2026-08-14T17:45:54.693000,2026-08-17,2026-08-17T09:15:00,aligned,
fdedca80-5ed5-459b-8b46-6d9020656e72,HDFCBANK,2026-08-14T14:10:20.837,2026-08-14T14:10:20.837,2026-08-14T14:10:20.837000,DissemDT,2026-08-14T14:10:20.837000,2026-08-14,2026-08-14T14:11:00,aligned,
756d89ee-d5be-4702-b5cd-e3d3b23a1bc9,RELIANCE,2026-08-13T19:40:26.91,2026-08-13T19:40:26.91,2026-08-13T19:40:26.910000,DissemDT,2026-08-13T19:40:26.910000,2026-08-14,2026-08-14T09:15:00,aligned,
c0db4881-b0ea-45cc-a259-4f2f6d2a9b8c,RVNL,2026-08-13T18:10:55.75,2026-08-13T18:10:55.75,2026-08-13T18:10:55.750000,DissemDT,2026-08-13T18:10:55.750000,2026-08-14,2026-08-14T09:15:00,aligned,
a8e43384-e198-4e73-b137-60107113ccf0,HDFCBANK,2026-08-13T16:21:49.777,2026-08-13T16:21:49.777,2026-08-13T16:21:49.777000,DissemDT,2026-08-13T16:21:49.777000,2026-08-14,2026-08-14T09:15:00,aligned,
a5958e2f-2a89-47c9-86df-1b276e17a181,RELIANCE,2026-08-12T19:47:33.767,2026-08-12T19:47:33.767,2026-08-12T19:47:33.767000,DissemDT,2026-08-12T19:47:33.767000,2026-08-13,2026-08-13T09:15:00,aligned,
bb8d5e61-5c6a-402a-95a0-3a9075c846e4,NYKAA,2026-08-12T19:45:26.12,2026-08-12T19:45:26.12,2026-08-12T19:45:26.120000,DissemDT,2026-08-12T19:45:26.120000,2026-08-13,2026-08-13T09:15:00,aligned,
26ada054-2010-42e6-be95-6c89b1f2460a,HAL,2026-08-12T14:07:34.347,2026-08-12T14:07:34.347,2026-08-12T14:07:34.347000,DissemDT,2026-08-12T14:07:34.347000,2026-08-12,2026-08-12T14:08:00,aligned,
52acb470-fea0-4605-800d-7a6e62ee4e3f,RVNL,2026-08-11T14:43:53.78,2026-08-11T14:43:53.78,2026-08-11T14:43:53.780000,DissemDT,2026-08-11T14:43:53.780000,2026-08-11,2026-08-11T14:44:00,aligned,
fb92c392-fb37-4bf6-8cd1-28e52c7eba25,RVNL,2026-08-11T14:37:33.183,2026-08-11T14:37:33.183,2026-08-11T14:37:33.183000,DissemDT,2026-08-11T14:37:33.183000,2026-08-11,2026-08-11T14:38:00,aligned,
1be01677-8e68-4975-bad2-a8609ad13a51,NYKAA,2026-08-09T11:20:35.823,2026-08-09T11:20:35.823,2026-08-09T11:20:35.823000,DissemDT,2026-08-09T11:20:35.823000,2026-08-10,2026-08-10T09:15:00,aligned,
03987151-0867-4f76-8f46-d961c16722bd,NYKAA,2026-08-07T18:31:36.567,2026-08-07T18:31:36.567,2026-08-07T18:31:36.567000,DissemDT,2026-08-07T18:31:36.567000,2026-08-10,2026-08-10T09:15:00,aligned,
840479ef-f9d8-44e5-93f0-95462b04e436,RELIANCE,2026-08-07T17:17:39.373,2026-08-07T17:17:39.373,2026-08-07T17:17:39.373000,DissemDT,2026-08-07T17:17:39.373000,2026-08-10,2026-08-10T09:15:00,aligned,
b317d3dc-b4bf-48ad-a38b-96fddfdd27b8,RELIANCE,2026-08-07T16:56:11.88,2026-08-07T16:56:11.88,2026-08-07T16:56:11.880000,DissemDT,2026-08-07T16:56:11.880000,2026-08-10,2026-08-10T09:15:00,aligned,
fc0ee682-710e-4f87-87c9-82e096028d5e,NYKAA,2026-08-06T18:52:59.187,2026-08-06T18:52:59.187,2026-08-06T18:52:59.187000,DissemDT,2026-08-06T18:52:59.187000,2026-08-07,2026-08-07T09:15:00,aligned,
2b1b830b-4ae2-47ca-9b0d-b26c85560bfb,RVNL,2026-08-06T18:19:13.967,2026-08-06T18:19:13.967,2026-08-06T18:19:13.967000,DissemDT,2026-08-06T18:19:13.967000,2026-08-07,2026-08-07T09:15:00,aligned,
23ece895-c034-4458-8803-800b2f529da3,HDFCBANK,2026-08-05T21:24:22.577,2026-08-05T21:24:22.577,2026-08-05T21:24:22.577000,DissemDT,2026-08-05T21:24:22.577000,2026-08-06,2026-08-06T09:15:00,aligned,
bf39a759-c4dc-4a51-a524-6238139b6d10,HDFCBANK,2026-08-05T21:06:57.29,2026-08-05T21:06:57.29,2026-08-05T21:06:57.290000,DissemDT,2026-08-05T21:06:57.290000,2026-08-06,2026-08-06T09:15:00,aligned,
976c006e-a58a-4465-a90d-9b31bdacda3e,NYKAA,2026-08-05T18:09:02.403,2026-08-05T18:09:02.403,2026-08-05T18:09:02.403000,DissemDT,2026-08-05T18:09:02.403000,2026-08-06,2026-08-06T09:15:00,aligned,
c5a7daaa-1e09-4be0-901b-1ce4383fc626,HAL,2026-08-05T11:57:22.827,2026-08-05T11:57:22.827,2026-08-05T11:57:22.827000,DissemDT,2026-08-05T11:57:22.827000,2026-08-05,2026-08-05T11:58:00,aligned,
359c85a3-31bb-45c8-9805-50aa5eeecaac,NYKAA,2026-08-04T22:21:04.967,2026-08-04T22:21:04.967,2026-08-04T22:21:04.967000,DissemDT,2026-08-04T22:21:04.967000,2026-08-05,2026-08-05T09:15:00,aligned,
c167a1fc-5143-4a3b-9251-4bc14970b8e7,NYKAA,2026-08-04T16:37:26.01,2026-08-04T16:37:26.01,2026-08-04T16:37:26.010000,DissemDT,2026-08-04T16:37:26.010000,2026-08-05,2026-08-05T09:15:00,aligned,
6cc3a2c3-75cd-4dad-99b4-6593197eabeb,NYKAA,2026-08-04T16:26:04.86,2026-08-04T16:26:04.86,2026-08-04T16:26:04.860000,DissemDT,2026-08-04T16:26:04.860000,2026-08-05,2026-08-05T09:15:00,aligned,
6c95000a-1b65-48f5-aedc-bf23c46cca57,NYKAA,2026-08-04T16:21:58.443,2026-08-04T16:21:58.443,2026-08-04T16:21:58.443000,DissemDT,2026-08-04T16:21:58.443000,2026-08-05,2026-08-05T09:15:00,aligned,
3f44b42e-4680-4e23-850a-6f3ee82001c1,NYKAA,2026-08-04T16:16:48.19,2026-08-04T16:16:48.19,2026-08-04T16:16:48.190000,DissemDT,2026-08-04T16:16:48.190000,2026-08-05,2026-08-05T09:15:00,aligned,
1a5a1dbc-d0c4-4e65-ae46-3e7d09e0959c,NYKAA,2026-08-04T16:12:32.08,2026-08-04T16:12:32.08,2026-08-04T16:12:32.080000,DissemDT,2026-08-04T16:12:32.080000,2026-08-05,2026-08-05T09:15:00,aligned,
3e4c10cc-c9ad-4f15-8623-29dcd9edffb7,HAL,2026-08-04T11:03:58.547,2026-08-04T11:03:58.547,2026-08-04T11:03:58.547000,DissemDT,2026-08-04T11:03:58.547000,2026-08-04,2026-08-04T11:04:00,aligned,
655d5823-4afb-4fe6-bccf-e30853143c61,HAL,2026-08-04T10:49:02.24,2026-08-04T10:49:02.237,2026-08-04T10:49:02.240000,DissemDT,2026-08-04T10:49:02.240000,2026-08-04,2026-08-04T10:50:00,aligned,
a645bf9d-feea-4853-a6f6-09a644844752,HAL,2026-08-04T10:28:29.267,2026-08-04T10:28:29.267,2026-08-04T10:28:29.267000,DissemDT,2026-08-04T10:28:29.267000,2026-08-04,2026-08-04T10:29:00,aligned,
9eee348e-d452-447a-aae0-993453be6b38,RVNL,2026-08-03T16:43:24.463,2026-08-03T16:43:24.463,2026-08-03T16:43:24.463000,DissemDT,2026-08-03T16:43:24.463000,2026-08-04,2026-08-04T09:15:00,aligned,
33f5e948-eddc-432e-9b94-2c1dfd18fdd3,NYKAA,2026-08-02T19:05:14.46,2026-08-02T19:05:14.46,2026-08-02T19:05:14.460000,DissemDT,2026-08-02T19:05:14.460000,2026-08-03,2026-08-03T09:15:00,aligned,
be93c6c0-9dc7-4227-8a7b-420a6ecac34a,RVNL,2026-08-02T13:07:21.417,2026-08-02T13:07:21.417,2026-08-02T13:07:21.417000,DissemDT,2026-08-02T13:07:21.417000,2026-08-03,2026-08-03T09:15:00,aligned,
047088f3-322c-45ca-8cce-0938e3f3a205,RELIANCE,2026-08-01T23:10:15.95,2026-08-01T23:10:15.95,2026-08-01T23:10:15.950000,DissemDT,2026-08-01T23:10:15.950000,2026-08-03,2026-08-03T09:15:00,aligned,
e12e784f-78f8-486f-9841-7f46e932c090,NYKAA,2026-08-01T19:57:05.12,2026-08-01T19:57:05.12,2026-08-01T19:57:05.120000,DissemDT,2026-08-01T19:57:05.120000,2026-08-03,2026-08-03T09:15:00,aligned,
079bb979-4cd5-440a-9fa4-61d968879cd6,NYKAA,2026-08-01T19:51:54.553,2026-08-01T19:51:54.553,2026-08-01T19:51:54.553000,DissemDT,2026-08-01T19:51:54.553000,2026-08-03,2026-08-03T09:15:00,aligned,
b5f22a2f-9f3c-4874-8d9c-c6fb2f9f7743,NYKAA,2026-08-01T19:47:00.283,2026-08-01T19:47:00.283,2026-08-01T19:47:00.283000,DissemDT,2026-08-01T19:47:00.283000,2026-08-03,2026-08-03T09:15:00,aligned,
96200368-07a1-48f4-859d-1f88325c77a9,NYKAA,2026-08-01T19:32:30.467,2026-08-01T19:32:30.467,2026-08-01T19:32:30.467000,DissemDT,2026-08-01T19:32:30.467000,2026-08-03,2026-08-03T09:15:00,aligned,
42f5980a-b3a7-41f7-9678-391b281090b0,RVNL,2026-08-01T16:41:06.33,2026-08-01T16:41:06.33,2026-08-01T16:41:06.330000,DissemDT,2026-08-01T16:41:06.330000,2026-08-03,2026-08-03T09:15:00,aligned,
7250a20b-08b0-47cf-8d6f-1c9589d4f7ad,RVNL,2026-08-01T16:39:16.703,2026-08-01T16:39:16.703,2026-08-01T16:39:16.703000,DissemDT,2026-08-01T16:39:16.703000,2026-08-03,2026-08-03T09:15:00,aligned,
0ebf3db7-8f8d-45ec-b05b-60af0c668a85,RVNL,2026-08-01T16:33:05.57,2026-08-01T16:33:05.57,2026-08-01T16:33:05.570000,DissemDT,2026-08-01T16:33:05.570000,2026-08-03,2026-08-03T09:15:00,aligned,
42f8773e-1d90-4342-b0fe-d17a483f6712,RVNL,2026-07-31T18:12:54.923,2026-07-31T18:12:54.923,2026-07-31T18:12:54.923000,DissemDT,2026-07-31T18:12:54.923000,2026-08-03,2026-08-03T09:15:00,aligned,
9c75d8a8-0687-41cf-b5b5-cff180a7ae37,HAL,2026-07-31T17:26:57.033,2026-07-31T17:26:57.033,2026-07-31T17:26:57.033000,DissemDT,2026-07-31T17:26:57.033000,2026-08-03,2026-08-03T09:15:00,aligned,
dfbaf156-98c9-481a-9c15-1649aa1e5128,HDFCBANK,2026-07-31T12:14:56.32,2026-07-31T12:14:56.32,2026-07-31T12:14:56.320000,DissemDT,2026-07-31T12:14:56.320000,2026-07-31,2026-07-31T12:15:00,aligned,
f29c34cb-aaf6-44a0-a489-e5ee25964d53,HDFCBANK,2026-07-31T12:05:33.023,2026-07-31T12:05:33.023,2026-07-31T12:05:33.023000,DissemDT,2026-07-31T12:05:33.023000,2026-07-31,2026-07-31T12:06:00,aligned,
23a42a9c-fca4-4add-9e1f-25c9dece9027,NYKAA,2026-07-30T18:34:59.657,2026-07-30T18:34:59.657,2026-07-30T18:34:59.657000,DissemDT,2026-07-30T18:34:59.657000,2026-07-31,2026-07-31T09:15:00,aligned,
15dbb1cf-12c9-4380-9582-b7632ef10b5d,RVNL,2026-07-30T15:53:52.85,2026-07-30T15:53:52.85,2026-07-30T15:53:52.850000,DissemDT,2026-07-30T15:53:52.850000,2026-07-31,2026-07-31T09:15:00,aligned,
c48571be-dadd-4867-a847-47cbe09765ad,RVNL,2026-07-29T18:53:44.793,2026-07-29T18:53:44.793,2026-07-29T18:53:44.793000,DissemDT,2026-07-29T18:53:44.793000,2026-07-30,2026-07-30T09:15:00,aligned,
b7bb3ea2-ef1b-47bf-b084-6fef11dbff2e,HAL,2026-07-29T17:03:27.65,2026-07-29T17:03:27.65,2026-07-29T17:03:27.650000,DissemDT,2026-07-29T17:03:27.650000,2026-07-30,2026-07-30T09:15:00,aligned,
2f52c6ae-00de-4cca-bbd1-0103d4ade2d5,RVNL,2026-07-29T16:24:26.937,2026-07-29T16:24:26.937,2026-07-29T16:24:26.937000,DissemDT,2026-07-29T16:24:26.937000,2026-07-30,2026-07-30T09:15:00,aligned,
e42c1dc2-b7df-4a5e-998b-71e9d6c3ec0e,HAL,2026-07-29T14:59:12.227,2026-07-29T14:59:12.227,2026-07-29T14:59:12.227000,DissemDT,2026-07-29T14:59:12.227000,2026-07-29,2026-07-29T15:00:00,aligned,
bd44d8ab-a927-40f0-8fad-0c72f9d9b23c,RVNL,2026-07-28T18:21:45.677,2026-07-28T18:21:45.677,2026-07-28T18:21:45.677000,DissemDT,2026-07-28T18:21:45.677000,2026-07-29,2026-07-29T09:15:00,aligned,
e5ee9a61-8b14-4e13-9c04-516f8db09715,RVNL,2026-07-28T17:00:41.143,2026-07-28T17:00:41.143,2026-07-28T17:00:41.143000,DissemDT,2026-07-28T17:00:41.143000,2026-07-29,2026-07-29T09:15:00,aligned,
299a0687-e0ad-47b1-b86d-2927a359466e,RVNL,2026-07-28T16:57:05.54,2026-07-28T16:57:05.54,2026-07-28T16:57:05.540000,DissemDT,2026-07-28T16:57:05.540000,2026-07-29,2026-07-29T09:15:00,aligned,
dc21ee9c-f4f7-4c85-928f-8053bd8fd0e5,NYKAA,2026-07-27T19:53:37.583,2026-07-27T19:53:37.583,2026-07-27T19:53:37.583000,DissemDT,2026-07-27T19:53:37.583000,2026-07-28,2026-07-28T09:15:00,aligned,
fdc4d42f-3775-4121-a427-83c0cfe08735,NYKAA,2026-07-27T19:48:10.68,2026-07-27T19:48:10.68,2026-07-27T19:48:10.680000,DissemDT,2026-07-27T19:48:10.680000,2026-07-28,2026-07-28T09:15:00,aligned,
8857a43b-1490-496d-952a-05d68f8ace32,HDFCBANK,2026-07-27T15:56:57.08,2026-07-27T15:56:57.08,2026-07-27T15:56:57.080000,DissemDT,2026-07-27T15:56:57.080000,2026-07-28,2026-07-28T09:15:00,aligned,
11883343-7d6e-41e3-81e5-47393faa2488,RELIANCE,2026-07-25T14:37:43.477,2026-07-25T14:37:43.477,2026-07-25T14:37:43.477000,DissemDT,2026-07-25T14:37:43.477000,2026-07-27,2026-07-27T09:15:00,aligned,
c0979737-26d1-4a8d-84c6-dd3f04b0375b,RVNL,2026-07-25T13:19:04.34,2026-07-25T13:19:04.34,2026-07-25T13:19:04.340000,DissemDT,2026-07-25T13:19:04.340000,2026-07-27,2026-07-27T09:15:00,aligned,
8b3ba119-f1e4-4f23-be72-bdf2c340a023,RVNL,2026-07-25T13:07:53.74,2026-07-25T13:07:53.74,2026-07-25T13:07:53.740000,DissemDT,2026-07-25T13:07:53.740000,2026-07-27,2026-07-27T09:15:00,aligned,
2d5dc6dd-57bd-42d2-bcdd-637c828bb8fd,HDFCBANK,2026-07-24T19:07:05.07,2026-07-24T19:07:05.07,2026-07-24T19:07:05.070000,DissemDT,2026-07-24T19:07:05.070000,2026-07-27,2026-07-27T09:15:00,aligned,
bdd09d50-a84f-4f03-8995-4cc68c39dc8a,HDFCBANK,2026-07-24T15:52:36.74,2026-07-24T15:52:36.74,2026-07-24T15:52:36.740000,DissemDT,2026-07-24T15:52:36.740000,2026-07-27,2026-07-27T09:15:00,aligned,
769c1337-f005-4d89-857e-c3f8bdfd17a2,NYKAA,2026-07-23T20:10:49.047,2026-07-23T20:10:49.047,2026-07-23T20:10:49.047000,DissemDT,2026-07-23T20:10:49.047000,2026-07-24,2026-07-24T09:15:00,aligned,
f1355e46-9d93-46a0-b376-3e0b0d824391,NYKAA,2026-07-23T20:05:05.47,2026-07-23T20:05:05.47,2026-07-23T20:05:05.470000,DissemDT,2026-07-23T20:05:05.470000,2026-07-24,2026-07-24T09:15:00,aligned,
0f4bcc4c-3fe0-47e6-9803-de29839b30c4,RELIANCE,2026-07-22T16:09:50.42,2026-07-22T16:09:50.42,2026-07-22T16:09:50.420000,DissemDT,2026-07-22T16:09:50.420000,2026-07-23,2026-07-23T09:15:00,aligned,
1d76ca7a-6600-4c63-afbf-cfdfb9b9f985,HDFCBANK,2026-07-21T13:51:06.687,2026-07-21T13:51:06.687,2026-07-21T13:51:06.687000,DissemDT,2026-07-21T13:51:06.687000,2026-07-21,2026-07-21T13:52:00,aligned,
b90e85d9-100e-4367-8a11-ab125c6f75ee,RELIANCE,2026-07-21T12:22:13.777,2026-07-21T12:22:13.777,2026-07-21T12:22:13.777000,DissemDT,2026-07-21T12:22:13.777000,2026-07-21,2026-07-21T12:23:00,aligned,
d0248815-4c61-4051-9093-a66db2e1e1f1,RVNL,2026-07-20T14:22:20.48,2026-07-20T14:22:20.48,2026-07-20T14:22:20.480000,DissemDT,2026-07-20T14:22:20.480000,2026-07-20,2026-07-20T14:23:00,aligned,
bc793bdc-eaa7-4661-b0d2-d7eab2a36dd1,RELIANCE,2026-07-19T18:13:24.85,2026-07-19T18:13:24.85,2026-07-19T18:13:24.850000,DissemDT,2026-07-19T18:13:24.850000,2026-07-20,2026-07-20T09:15:00,aligned,
b721d49a-325d-4aff-966e-101c5a3b6323,HDFCBANK,2026-07-18T21:44:19.86,2026-07-18T21:44:19.86,2026-07-18T21:44:19.860000,DissemDT,2026-07-18T21:44:19.860000,2026-07-20,2026-07-20T09:15:00,aligned,
416b95b3-e8da-4793-9fb4-03262cec60de,RELIANCE,2026-07-18T19:34:46.067,2026-07-18T19:34:46.067,2026-07-18T19:34:46.067000,DissemDT,2026-07-18T19:34:46.067000,2026-07-20,2026-07-20T09:15:00,aligned,
74a4410e-c368-4058-bce8-bf2318c2599f,HDFCBANK,2026-07-18T15:18:18.6,2026-07-18T15:18:18.6,2026-07-18T15:18:18.600000,DissemDT,2026-07-18T15:18:18.600000,2026-07-20,2026-07-20T09:15:00,aligned,
504d44c3-9c2a-4d9c-b247-bec01839eaab,HDFCBANK,2026-07-18T14:27:17.553,2026-07-18T14:27:17.553,2026-07-18T14:27:17.553000,DissemDT,2026-07-18T14:27:17.553000,2026-07-20,2026-07-20T09:15:00,aligned,
2d57b8ec-8a8b-4fd6-a793-9fd088561102,HDFCBANK,2026-07-18T14:22:51.453,2026-07-18T14:22:51.453,2026-07-18T14:22:51.453000,DissemDT,2026-07-18T14:22:51.453000,2026-07-20,2026-07-20T09:15:00,aligned,
6d280df9-31a1-49af-b3e3-177c20b597a9,RELIANCE,2026-07-17T19:25:34.94,2026-07-17T19:25:34.94,2026-07-17T19:25:34.940000,DissemDT,2026-07-17T19:25:34.940000,2026-07-20,2026-07-20T09:15:00,aligned,
04c71447-8195-43bd-abad-2767e57b9c9c,RELIANCE,2026-07-17T19:22:17.76,2026-07-17T19:22:17.76,2026-07-17T19:22:17.760000,DissemDT,2026-07-17T19:22:17.760000,2026-07-20,2026-07-20T09:15:00,aligned,
bb4cb9ae-4b64-499e-aeaf-e041ea2316b4,RELIANCE,2026-07-17T19:14:28.54,2026-07-17T19:14:28.54,2026-07-17T19:14:28.540000,DissemDT,2026-07-17T19:14:28.540000,2026-07-20,2026-07-20T09:15:00,aligned,
1a46c329-49d8-4a26-843a-d9cd86653f1a,RELIANCE,2026-07-17T19:09:24.257,2026-07-17T19:09:24.257,2026-07-17T19:09:24.257000,DissemDT,2026-07-17T19:09:24.257000,2026-07-20,2026-07-20T09:15:00,aligned,
3d966192-56c7-43da-a66a-fd14983a6ad0,HAL,2026-07-17T16:03:54,2026-07-17T16:03:54,2026-07-17T16:03:54,DissemDT,2026-07-17T16:03:54,2026-07-20,2026-07-20T09:15:00,aligned,
cd3ac064-7a70-4cc8-b371-63797b025a51,RVNL,2026-07-17T13:59:31.243,2026-07-17T13:59:31.243,2026-07-17T13:59:31.243000,DissemDT,2026-07-17T13:59:31.243000,2026-07-17,2026-07-17T14:00:00,aligned,
72e5c9f0-7613-4309-bd36-27f42544d7d7,HDFCBANK,2026-07-16T11:06:25.983,2026-07-16T11:06:25.983,2026-07-16T11:06:25.983000,DissemDT,2026-07-16T11:06:25.983000,2026-07-16,2026-07-16T11:07:00,aligned,
39ae933a-b847-4c1e-badd-b831b1e3ad35,RVNL,2026-07-15T17:49:20.957,2026-07-15T17:49:20.957,2026-07-15T17:49:20.957000,DissemDT,2026-07-15T17:49:20.957000,2026-07-16,2026-07-16T09:15:00,aligned,
4bae54d2-9fb6-4d34-b5e5-e549a56e4f37,HDFCBANK,2026-07-15T17:00:31.02,2026-07-15T17:00:31.02,2026-07-15T17:00:31.020000,DissemDT,2026-07-15T17:00:31.020000,2026-07-16,2026-07-16T09:15:00,aligned,
8d363659-2906-40c8-949c-46f060ea2c49,RVNL,2026-07-15T15:06:38.28,2026-07-15T15:06:38.28,2026-07-15T15:06:38.280000,DissemDT,2026-07-15T15:06:38.280000,2026-07-15,2026-07-15T15:07:00,aligned,
5dc0aa19-6bdd-4d27-8dd0-1dd0e222010c,RVNL,2026-07-13T16:56:04.407,2026-07-13T16:56:04.407,2026-07-13T16:56:04.407000,DissemDT,2026-07-13T16:56:04.407000,2026-07-14,2026-07-14T09:15:00,aligned,
ff4700f1-2662-4ff9-9749-fe9e2afb747e,HDFCBANK,2026-07-12T14:33:20.37,2026-07-12T14:33:20.37,2026-07-12T14:33:20.370000,DissemDT,2026-07-12T14:33:20.370000,2026-07-13,2026-07-13T09:15:00,aligned,
c897d948-ce81-428f-9f57-f460b2cf5663,HDFCBANK,2026-07-11T00:06:13.937,2026-07-11T00:06:13.937,2026-07-11T00:06:13.937000,DissemDT,2026-07-11T00:06:13.937000,2026-07-13,2026-07-13T09:15:00,aligned,
154f0bb5-3361-4555-b37e-12f92a188c2d,HDFCBANK,2026-07-10T23:56:09.04,2026-07-10T23:56:09.04,2026-07-10T23:56:09.040000,DissemDT,2026-07-10T23:56:09.040000,2026-07-13,2026-07-13T09:15:00,aligned,
0e70249b-e200-445a-bccd-e374b5b27ba7,HDFCBANK,2026-07-10T23:50:46.327,2026-07-10T23:50:46.327,2026-07-10T23:50:46.327000,DissemDT,2026-07-10T23:50:46.327000,2026-07-13,2026-07-13T09:15:00,aligned,
1ab50875-92d6-48b1-811e-b399c5bf99aa,RELIANCE,2026-07-10T17:48:43.49,2026-07-10T17:48:43.49,2026-07-10T17:48:43.490000,DissemDT,2026-07-10T17:48:43.490000,2026-07-13,2026-07-13T09:15:00,aligned,
4509d961-8548-4d26-a874-bd14eb74a620,RELIANCE,2026-07-10T17:40:40.247,2026-07-10T17:40:40.247,2026-07-10T17:40:40.247000,DissemDT,2026-07-10T17:40:40.247000,2026-07-13,2026-07-13T09:15:00,aligned,
ac8acebd-377b-4555-8a41-2279b87ff353,NYKAA,2026-07-10T12:32:08.83,2026-07-10T12:32:08.83,2026-07-10T12:32:08.830000,DissemDT,2026-07-10T12:32:08.830000,2026-07-10,2026-07-10T12:33:00,aligned,
aafd2aa9-b038-4153-9420-1ae22cd314e5,HDFCBANK,2026-07-09T17:09:53.533,2026-07-09T17:09:53.533,2026-07-09T17:09:53.533000,DissemDT,2026-07-09T17:09:53.533000,2026-07-10,2026-07-10T09:15:00,aligned,
0d5270f8-ef50-42c9-b9bb-afc3ee483408,RELIANCE,2026-07-08T19:12:35.15,2026-07-08T19:12:35.15,2026-07-08T19:12:35.150000,DissemDT,2026-07-08T19:12:35.150000,2026-07-09,2026-07-09T09:15:00,aligned,
34dcbcae-fb45-46b1-ad80-420c6394a34e,NYKAA,2026-07-08T15:13:21.323,2026-07-08T15:13:21.323,2026-07-08T15:13:21.323000,DissemDT,2026-07-08T15:13:21.323000,2026-07-08,2026-07-08T15:14:00,aligned,
684945ba-46c5-41df-8aff-d837f9c608ec,RVNL,2026-07-07T14:30:35.947,2026-07-07T14:30:35.947,2026-07-07T14:30:35.947000,DissemDT,2026-07-07T14:30:35.947000,2026-07-07,2026-07-07T14:31:00,aligned,
f6d75332-af42-4af2-a46e-17c2d60940a1,RELIANCE,2026-07-06T17:22:40.997,2026-07-06T17:22:40.997,2026-07-06T17:22:40.997000,DissemDT,2026-07-06T17:22:40.997000,2026-07-07,2026-07-07T09:15:00,aligned,
9d944694-7037-4d46-b946-43f6b18fbb14,NYKAA,2026-07-05T17:36:02.16,2026-07-05T17:36:02.16,2026-07-05T17:36:02.160000,DissemDT,2026-07-05T17:36:02.160000,2026-07-06,2026-07-06T09:15:00,aligned,
65387f45-5c3c-473c-9dc3-ee04aec67d53,HDFCBANK,2026-07-04T09:04:20.74,2026-07-04T09:04:20.74,2026-07-04T09:04:20.740000,DissemDT,2026-07-04T09:04:20.740000,2026-07-06,2026-07-06T09:15:00,aligned,
45fa536f-8691-4d7b-abee-4e64899908f4,RELIANCE,2026-07-03T19:53:42.42,2026-07-03T19:53:42.42,2026-07-03T19:53:42.420000,DissemDT,2026-07-03T19:53:42.420000,2026-07-06,2026-07-06T09:15:00,aligned,
d52bca64-76b2-4e6a-8f19-96ba395530f5,HAL,2026-07-01T14:15:29.97,2026-07-01T14:15:29.97,2026-07-01T14:15:29.970000,DissemDT,2026-07-01T14:15:29.970000,2026-07-01,2026-07-01T14:16:00,aligned,
7887aa3e-65ef-425f-a04f-819d1d183bd3,RELIANCE,2026-06-30T17:52:56.08,2026-06-30T17:52:56.08,2026-06-30T17:52:56.080000,DissemDT,2026-06-30T17:52:56.080000,2026-07-01,2026-07-01T09:15:00,aligned,
d3c41620-2014-4c5d-a653-fa3ed89f596f,HDFCBANK,2026-06-29T22:32:50.273,2026-06-29T22:32:50.273,2026-06-29T22:32:50.273000,DissemDT,2026-06-29T22:32:50.273000,2026-06-30,2026-06-30T09:15:00,aligned,
ed9549f4-bda1-445f-b470-b0b2c23110b6,HDFCBANK,2026-06-29T20:22:22.93,2026-06-29T20:22:22.93,2026-06-29T20:22:22.930000,DissemDT,2026-06-29T20:22:22.930000,2026-06-30,2026-06-30T09:15:00,aligned,
fcd7cbaa-aa5e-4f4d-9eb6-3f1c9c6f4d2a,NYKAA,2026-06-29T18:55:45.133,2026-06-29T18:55:45.133,2026-06-29T18:55:45.133000,DissemDT,2026-06-29T18:55:45.133000,2026-06-30,2026-06-30T09:15:00,aligned,
e8591d75-796f-4a27-becb-c258a472b509,HAL,2026-06-29T12:55:38.97,2026-06-29T12:55:38.97,2026-06-29T12:55:38.970000,DissemDT,2026-06-29T12:55:38.970000,2026-06-29,2026-06-29T12:56:00,aligned,
fad5944e-32bb-492f-8a05-f3d2fc99c3d1,HAL,2026-06-29T12:50:31.667,2026-06-29T12:50:31.667,2026-06-29T12:50:31.667000,DissemDT,2026-06-29T12:50:31.667000,2026-06-29,2026-06-29T12:51:00,aligned,
77134515-c43e-46eb-8652-21f707527be5,HAL,2026-06-29T12:39:51.553,2026-06-29T12:39:51.553,2026-06-29T12:39:51.553000,DissemDT,2026-06-29T12:39:51.553000,2026-06-29,2026-06-29T12:40:00,aligned,
289cd89e-b748-4876-a91c-449fd6205768,HDFCBANK,2026-06-26T21:36:45.577,2026-06-26T21:36:45.577,2026-06-26T21:36:45.577000,DissemDT,2026-06-26T21:36:45.577000,2026-06-29,2026-06-29T09:15:00,aligned,
6b3bff34-84f8-40bd-9d87-4b2e29f095b9,HDFCBANK,2026-06-26T15:04:21.93,2026-06-26T15:04:21.93,2026-06-26T15:04:21.930000,DissemDT,2026-06-26T15:04:21.930000,2026-06-29,2026-06-29T09:15:00,aligned,
fbd7e3f1-ac5d-4227-8e32-4d6ef275da4a,HAL,2026-06-26T12:07:49.293,2026-06-26T12:07:49.293,2026-06-26T12:07:49.293000,DissemDT,2026-06-26T12:07:49.293000,2026-06-29,2026-06-29T09:15:00,aligned,
704a96e5-224f-4519-ba2b-e5deb7135255,RVNL,2026-06-25T16:12:34.593,2026-06-25T16:12:34.593,2026-06-25T16:12:34.593000,DissemDT,2026-06-25T16:12:34.593000,2026-06-29,2026-06-29T09:15:00,aligned,
741bddf8-1439-4e57-94e4-e70541473af0,HDFCBANK,2026-06-25T12:23:34.493,2026-06-25T12:23:34.493,2026-06-25T12:23:34.493000,DissemDT,2026-06-25T12:23:34.493000,2026-06-25,2026-06-25T12:24:00,aligned,
b4c787ec-3949-4737-a1db-8fe2f44ca3e6,RELIANCE,2026-06-24T16:10:40.66,2026-06-24T16:10:40.66,2026-06-24T16:10:40.660000,DissemDT,2026-06-24T16:10:40.660000,2026-06-25,2026-06-25T09:15:00,aligned,
7b83c462-2be5-4ca5-aea1-009d0d9cf4c0,HDFCBANK,2026-06-23T20:51:56.953,2026-06-23T20:51:56.953,2026-06-23T20:51:56.953000,DissemDT,2026-06-23T20:51:56.953000,2026-06-24,2026-06-24T09:15:00,aligned,
18c5c03f-0715-498d-97a3-bc9ee3c752e3,NYKAA,2026-06-23T17:29:31.18,2026-06-23T17:29:31.18,2026-06-23T17:29:31.180000,DissemDT,2026-06-23T17:29:31.180000,2026-06-24,2026-06-24T09:15:00,aligned,
9f49151d-fad4-4633-8053-73afa4fd70f9,RELIANCE,2026-06-20T18:49:52.043,2026-06-20T18:49:52.043,2026-06-20T18:49:52.043000,DissemDT,2026-06-20T18:49:52.043000,2026-06-22,2026-06-22T09:15:00,aligned,
958be8c1-c4aa-49ae-b9d6-bbc2769cfd5d,RVNL,2026-06-20T12:10:43.66,2026-06-20T12:10:43.66,2026-06-20T12:10:43.660000,DissemDT,2026-06-20T12:10:43.660000,2026-06-22,2026-06-22T09:15:00,aligned,
61fd39db-6d04-4d5f-92df-f8ecbc3dc6d4,RELIANCE,2026-06-19T19:52:52.153,2026-06-19T19:52:52.153,2026-06-19T19:52:52.153000,DissemDT,2026-06-19T19:52:52.153000,2026-06-22,2026-06-22T09:15:00,aligned,
3e3647be-a6bd-4ff7-bb01-4c430a5a8e6d,RELIANCE,2026-06-19T17:16:44.677,2026-06-19T17:16:44.677,2026-06-19T17:16:44.677000,DissemDT,2026-06-19T17:16:44.677000,2026-06-22,2026-06-22T09:15:00,aligned,
ede581f6-4248-45bb-815b-0a1fbb2f2e74,RELIANCE,2026-06-19T17:04:26.277,2026-06-19T17:04:26.277,2026-06-19T17:04:26.277000,DissemDT,2026-06-19T17:04:26.277000,2026-06-22,2026-06-22T09:15:00,aligned,
514a1b67-455a-420c-a7a7-bfe53daf4473,RELIANCE,2026-06-19T16:54:04.053,2026-06-19T16:54:04.053,2026-06-19T16:54:04.053000,DissemDT,2026-06-19T16:54:04.053000,2026-06-22,2026-06-22T09:15:00,aligned,
c70e2252-bee7-4f7c-a554-36cb5808a139,RELIANCE,2026-06-19T14:17:56.537,2026-06-19T14:17:56.537,2026-06-19T14:17:56.537000,DissemDT,2026-06-19T14:17:56.537000,2026-06-19,2026-06-19T14:18:00,aligned,
25ff7a4f-e36d-4596-95d3-0bc1f43d1649,HDFCBANK,2026-06-18T16:47:31.24,2026-06-18T16:47:31.24,2026-06-18T16:47:31.240000,DissemDT,2026-06-18T16:47:31.240000,2026-06-19,2026-06-19T09:15:00,aligned,
db1611a8-a22e-427f-8aa9-6ec18d778b66,NYKAA,2026-06-18T10:11:53.563,2026-06-18T10:11:53.563,2026-06-18T10:11:53.563000,DissemDT,2026-06-18T10:11:53.563000,2026-06-18,2026-06-18T10:12:00,aligned,
b9807845-5de0-43bb-ae77-06fe708d9479,NYKAA,2026-06-18T10:03:23.53,2026-06-18T10:03:23.53,2026-06-18T10:03:23.530000,DissemDT,2026-06-18T10:03:23.530000,2026-06-18,2026-06-18T10:04:00,aligned,
b2e8f935-cd4b-4e69-9657-912c375eb729,RVNL,2026-06-17T18:52:48.483,2026-06-17T18:52:48.483,2026-06-17T18:52:48.483000,DissemDT,2026-06-17T18:52:48.483000,2026-06-18,2026-06-18T09:15:00,aligned,
a5d4958c-4296-491c-896c-54a960c37819,NYKAA,2026-06-17T14:33:18.837,2026-06-17T14:33:18.837,2026-06-17T14:33:18.837000,DissemDT,2026-06-17T14:33:18.837000,2026-06-17,2026-06-17T14:34:00,aligned,
3789d57d-a190-4c63-aca3-81b3ae6b4008,NYKAA,2026-06-17T13:01:00.677,2026-06-17T13:01:00.677,2026-06-17T13:01:00.677000,DissemDT,2026-06-17T13:01:00.677000,2026-06-17,2026-06-17T13:02:00,aligned,
476d5e4c-6000-48b4-88d0-91abb12761c0,HDFCBANK,2026-06-16T22:39:07,2026-06-16T22:39:07,2026-06-16T22:39:07,DissemDT,2026-06-16T22:39:07,2026-06-17,2026-06-17T09:15:00,aligned,
012b1d27-9e20-4b4d-bceb-559d2794b2df,HAL,2026-06-16T15:56:03.047,2026-06-16T15:56:03.047,2026-06-16T15:56:03.047000,DissemDT,2026-06-16T15:56:03.047000,2026-06-17,2026-06-17T09:15:00,aligned,
fb41cbd3-f975-4172-84d6-6e3f5b4534e9,HDFCBANK,2026-06-16T14:29:01.037,2026-06-16T14:29:01.037,2026-06-16T14:29:01.037000,DissemDT,2026-06-16T14:29:01.037000,2026-06-16,2026-06-16T14:30:00,aligned,
895d17f0-58d4-4d3f-92fd-a0ce02409cb5,RELIANCE,2026-06-14T15:49:13.797,2026-06-14T15:49:13.797,2026-06-14T15:49:13.797000,DissemDT,2026-06-14T15:49:13.797000,2026-06-15,2026-06-15T09:15:00,aligned,
9a730873-a275-4d34-a9d3-4730976f078c,NYKAA,2026-06-10T18:14:33.46,2026-06-10T18:14:33.46,2026-06-10T18:14:33.460000,DissemDT,2026-06-10T18:14:33.460000,2026-06-11,2026-06-11T09:15:00,aligned,
16263bb3-80e3-4799-890e-55793f57b758,RELIANCE,2026-06-10T16:23:18.433,2026-06-10T16:23:18.433,2026-06-10T16:23:18.433000,DissemDT,2026-06-10T16:23:18.433000,2026-06-11,2026-06-11T09:15:00,aligned,
50adb7d1-85ff-45b3-91e1-1a028169aee0,RELIANCE,2026-06-10T08:36:10.497,2026-06-10T08:36:10.497,2026-06-10T08:36:10.497000,DissemDT,2026-06-10T08:36:10.497000,2026-06-10,2026-06-10T09:15:00,aligned,
9473c8e1-4300-4964-8889-55d3a563d713,RELIANCE,2026-06-09T19:44:02.21,2026-06-09T19:44:02.21,2026-06-09T19:44:02.210000,DissemDT,2026-06-09T19:44:02.210000,2026-06-10,2026-06-10T09:15:00,aligned,
6c0603a5-2871-41f9-b9a3-b59a59538dad,RVNL,2026-06-08T17:38:49.373,2026-06-08T17:38:49.373,2026-06-08T17:38:49.373000,DissemDT,2026-06-08T17:38:49.373000,2026-06-09,2026-06-09T09:15:00,aligned,
8dffbff6-906b-45fe-8172-96583bc8f343,RELIANCE,2026-06-08T16:08:00.66,2026-06-08T16:08:00.66,2026-06-08T16:08:00.660000,DissemDT,2026-06-08T16:08:00.660000,2026-06-09,2026-06-09T09:15:00,aligned,
ae12608d-0994-495b-9f17-6c5aa51727fc,NYKAA,2026-06-05T18:52:28.273,2026-06-05T18:52:28.273,2026-06-05T18:52:28.273000,DissemDT,2026-06-05T18:52:28.273000,2026-06-08,2026-06-08T09:15:00,aligned,
655d31ba-c655-4609-8944-f88aa24a94af,RELIANCE,2026-06-05T18:49:31.85,2026-06-05T18:49:31.85,2026-06-05T18:49:31.850000,DissemDT,2026-06-05T18:49:31.850000,2026-06-08,2026-06-08T09:15:00,aligned,
25d58695-e80d-4c57-9ea0-e0270438d5e0,RELIANCE,2026-06-04T20:07:00.727,2026-06-04T20:07:00.727,2026-06-04T20:07:00.727000,DissemDT,2026-06-04T20:07:00.727000,2026-06-05,2026-06-05T09:15:00,aligned,
8e0741ae-0168-4a24-8aa7-5a6d1d231f2c,RELIANCE,2026-06-02T19:28:05.62,2026-06-02T19:28:05.62,2026-06-02T19:28:05.620000,DissemDT,2026-06-02T19:28:05.620000,2026-06-03,2026-06-03T09:15:00,aligned,
b6068d93-dc9f-4475-bbb2-a0766170a4bd,RELIANCE,2026-06-02T19:23:55.94,2026-06-02T19:23:55.94,2026-06-02T19:23:55.940000,DissemDT,2026-06-02T19:23:55.940000,2026-06-03,2026-06-03T09:15:00,aligned,
1985e150-3f18-47b5-96c0-05533135d1e6,RELIANCE,2026-06-02T16:54:00.263,2026-06-02T16:54:00.263,2026-06-02T16:54:00.263000,DissemDT,2026-06-02T16:54:00.263000,2026-06-03,2026-06-03T09:15:00,aligned,
11945619-1a24-4d7c-bac7-fa8288088a8f,HDFCBANK,2026-06-02T13:03:54.89,2026-06-02T13:03:54.89,2026-06-02T13:03:54.890000,DissemDT,2026-06-02T13:03:54.890000,2026-06-02,2026-06-02T13:04:00,aligned,
704ecf99-f228-43b3-85c6-29430dfac8f3,RVNL,2026-06-02T12:48:08.25,2026-06-02T12:48:08.25,2026-06-02T12:48:08.250000,DissemDT,2026-06-02T12:48:08.250000,2026-06-02,2026-06-02T12:49:00,aligned,
9992a37a-c5b3-4ea8-9121-1b9eb1109a2c,RELIANCE,2026-06-01T19:03:45.267,2026-06-01T19:03:45.267,2026-06-01T19:03:45.267000,DissemDT,2026-06-01T19:03:45.267000,2026-06-02,2026-06-02T09:15:00,aligned,
c0fdfe66-8752-4e3c-af79-251acceb8d3d,RELIANCE,2026-05-30T10:50:42.993,2026-05-30T10:50:42.993,2026-05-30T10:50:42.993000,DissemDT,2026-05-30T10:50:42.993000,2026-06-01,2026-06-01T09:15:00,aligned,
95d43aaa-aea2-4e94-8c06-f77216cfdcff,RELIANCE,2026-05-29T20:24:56.15,2026-05-29T20:24:56.15,2026-05-29T20:24:56.150000,DissemDT,2026-05-29T20:24:56.150000,2026-06-01,2026-06-01T09:15:00,aligned,
67d695b2-863a-41c9-bb89-da579b4ab29c,RVNL,2026-05-29T18:56:28,2026-05-29T18:56:28,2026-05-29T18:56:28,DissemDT,2026-05-29T18:56:28,2026-06-01,2026-06-01T09:15:00,aligned,
44d13183-ebc3-4ba6-9161-62afa0f5af55,NYKAA,2026-05-29T18:01:25.257,2026-05-29T18:01:25.257,2026-05-29T18:01:25.257000,DissemDT,2026-05-29T18:01:25.257000,2026-06-01,2026-06-01T09:15:00,aligned,
9a950928-fbeb-448c-89bc-b18e4a056068,RELIANCE,2026-05-29T16:43:10.147,2026-05-29T16:43:10.147,2026-05-29T16:43:10.147000,DissemDT,2026-05-29T16:43:10.147000,2026-06-01,2026-06-01T09:15:00,aligned,
329d2572-cddc-4374-870d-7f26b9493b2e,NYKAA,2026-05-29T13:29:26.213,2026-05-29T13:29:26.213,2026-05-29T13:29:26.213000,DissemDT,2026-05-29T13:29:26.213000,2026-05-29,2026-05-29T13:30:00,aligned,
e059788f-78bc-4829-9107-769f82b01fe4,HDFCBANK,2026-05-29T12:09:25.173,2026-05-29T12:09:25.173,2026-05-29T12:09:25.173000,DissemDT,2026-05-29T12:09:25.173000,2026-05-29,2026-05-29T12:10:00,aligned,
b05262e1-6b0c-4c07-8df9-292b32df963f,HDFCBANK,2026-05-28T21:29:42.28,2026-05-28T21:29:42.28,2026-05-28T21:29:42.280000,DissemDT,2026-05-28T21:29:42.280000,2026-05-29,2026-05-29T09:15:00,aligned,
a4cd480a-32c8-4343-94e7-3165f8f7a1a6,NYKAA,2026-05-28T18:26:43.027,2026-05-28T18:26:43.027,2026-05-28T18:26:43.027000,DissemDT,2026-05-28T18:26:43.027000,2026-05-29,2026-05-29T09:15:00,aligned,
daed40c1-e942-481b-96bd-2ae61333dddc,RELIANCE,2026-05-28T13:48:09.287,2026-05-28T13:48:09.287,2026-05-28T13:48:09.287000,DissemDT,2026-05-28T13:48:09.287000,2026-05-29,2026-05-29T09:15:00,aligned,
84100eea-37bc-4d8c-984e-1141bd12e433,RELIANCE,2026-05-28T13:37:02.737,2026-05-28T13:37:02.737,2026-05-28T13:37:02.737000,DissemDT,2026-05-28T13:37:02.737000,2026-05-29,2026-05-29T09:15:00,aligned,
218ed42b-2395-4bfe-b200-c3e420db3857,RELIANCE,2026-05-28T13:20:44.47,2026-05-28T13:20:44.47,2026-05-28T13:20:44.470000,DissemDT,2026-05-28T13:20:44.470000,2026-05-29,2026-05-29T09:15:00,aligned,
3a260be5-b73e-4f94-89ae-0bd2c5b96fa9,RELIANCE,2026-05-28T10:23:39.497,2026-05-28T10:23:39.497,2026-05-28T10:23:39.497000,DissemDT,2026-05-28T10:23:39.497000,2026-05-29,2026-05-29T09:15:00,aligned,
4668058f-86e6-4df9-8718-e84d55fa7376,RVNL,2026-05-27T22:30:35.7,2026-05-27T22:30:35.7,2026-05-27T22:30:35.700000,DissemDT,2026-05-27T22:30:35.700000,2026-05-29,2026-05-29T09:15:00,aligned,
e861269e-8b53-41b7-9134-a878717b6a12,HDFCBANK,2026-05-27T20:34:09.607,2026-05-27T20:34:09.607,2026-05-27T20:34:09.607000,DissemDT,2026-05-27T20:34:09.607000,2026-05-29,2026-05-29T09:15:00,aligned,
7d8618de-d1dc-4ef2-bde7-11aef7b1573f,RELIANCE,2026-05-27T19:33:08.04,2026-05-27T19:33:08.04,2026-05-27T19:33:08.040000,DissemDT,2026-05-27T19:33:08.040000,2026-05-29,2026-05-29T09:15:00,aligned,
ae7797c7-23e1-46a6-ada0-410468c0b4c8,RVNL,2026-05-27T18:03:05.167,2026-05-27T18:03:05.167,2026-05-27T18:03:05.167000,DissemDT,2026-05-27T18:03:05.167000,2026-05-29,2026-05-29T09:15:00,aligned,
9d98bf4b-c854-43f0-8ee5-390a1767e6d5,RELIANCE,2026-05-27T17:59:49.16,2026-05-27T17:59:49.16,2026-05-27T17:59:49.160000,DissemDT,2026-05-27T17:59:49.160000,2026-05-29,2026-05-29T09:15:00,aligned,
0169a11e-abd5-41b7-a09c-b876d12fd135,RELIANCE,2026-05-27T17:52:29.84,2026-05-27T17:52:29.84,2026-05-27T17:52:29.840000,DissemDT,2026-05-27T17:52:29.840000,2026-05-29,2026-05-29T09:15:00,aligned,
0e54b531-e13f-4477-837f-0b78e57af984,HAL,2026-05-27T10:54:31.323,2026-05-27T10:54:31.323,2026-05-27T10:54:31.323000,DissemDT,2026-05-27T10:54:31.323000,2026-05-27,2026-05-27T10:55:00,aligned,
6d37da6f-ca08-44e3-8587-ceab066ffc28,RELIANCE,2026-05-26T20:33:59.6,2026-05-26T20:33:59.6,2026-05-26T20:33:59.600000,DissemDT,2026-05-26T20:33:59.600000,2026-05-27,2026-05-27T09:15:00,aligned,
51ed69db-6fb4-4ba0-bd48-df0576774780,RVNL,2026-05-26T17:11:06.047,2026-05-26T17:11:06.047,2026-05-26T17:11:06.047000,DissemDT,2026-05-26T17:11:06.047000,2026-05-27,2026-05-27T09:15:00,aligned,
b675787a-243c-4f12-81c4-d7b497969534,HDFCBANK,2026-05-26T17:10:03.603,2026-05-26T17:10:03.603,2026-05-26T17:10:03.603000,DissemDT,2026-05-26T17:10:03.603000,2026-05-27,2026-05-27T09:15:00,aligned,
346b9d34-278c-46f3-8d33-74045e791252,NYKAA,2026-05-26T16:59:38.553,2026-05-26T16:59:38.553,2026-05-26T16:59:38.553000,DissemDT,2026-05-26T16:59:38.553000,2026-05-27,2026-05-27T09:15:00,aligned,
e6fb90bc-702a-4a48-8c60-f3635fd7bd83,HDFCBANK,2026-05-26T15:54:03.4,2026-05-26T15:54:03.4,2026-05-26T15:54:03.400000,DissemDT,2026-05-26T15:54:03.400000,2026-05-27,2026-05-27T09:15:00,aligned,
01232598-da6a-4f47-b9fa-947452037290,RVNL,2026-05-25T19:04:13.847,2026-05-25T19:04:13.847,2026-05-25T19:04:13.847000,DissemDT,2026-05-25T19:04:13.847000,2026-05-26,2026-05-26T09:15:00,aligned,
6671deef-f7e6-47f6-ad30-921b76bb9cde,RVNL,2026-05-25T19:01:52.817,2026-05-25T19:01:52.817,2026-05-25T19:01:52.817000,DissemDT,2026-05-25T19:01:52.817000,2026-05-26,2026-05-26T09:15:00,aligned,
08b619de-752c-47d5-9533-14841909d5ad,RVNL,2026-05-25T18:12:06.523,2026-05-25T18:12:06.523,2026-05-25T18:12:06.523000,DissemDT,2026-05-25T18:12:06.523000,2026-05-26,2026-05-26T09:15:00,aligned,
c8d6aa5a-133b-4abe-b14a-440f286e3498,NYKAA,2026-05-22T19:05:53.163,2026-05-22T19:05:53.163,2026-05-22T19:05:53.163000,DissemDT,2026-05-22T19:05:53.163000,2026-05-25,2026-05-25T09:15:00,aligned,
19dd0b51-09c8-4fc0-9d27-9df67ca0aebe,RVNL,2026-05-22T12:44:45.267,2026-05-22T12:44:45.267,2026-05-22T12:44:45.267000,DissemDT,2026-05-22T12:44:45.267000,2026-05-22,2026-05-22T12:45:00,aligned,
3ae20c59-7b1d-412a-9d82-0e3b558e5b29,RVNL,2026-05-22T12:34:21.47,2026-05-22T12:34:21.47,2026-05-22T12:34:21.470000,DissemDT,2026-05-22T12:34:21.470000,2026-05-22,2026-05-22T12:35:00,aligned,
21f2fd6e-6726-4e10-8655-db15a6fb7eb6,HAL,2026-05-22T11:30:42.703,2026-05-22T11:30:42.703,2026-05-22T11:30:42.703000,DissemDT,2026-05-22T11:30:42.703000,2026-05-22,2026-05-22T11:31:00,aligned,
f03cb0d8-1c9a-4779-a1b2-69fc9b979453,NYKAA,2026-05-21T22:39:30.593,2026-05-21T22:39:30.593,2026-05-21T22:39:30.593000,DissemDT,2026-05-21T22:39:30.593000,2026-05-22,2026-05-22T09:15:00,aligned,
ac447832-8372-43d7-b84b-6d7e70e72897,NYKAA,2026-05-21T16:48:31.09,2026-05-21T16:48:31.09,2026-05-21T16:48:31.090000,DissemDT,2026-05-21T16:48:31.090000,2026-05-22,2026-05-22T09:15:00,aligned,
b2ed4d65-0d05-497d-807b-28f74d70c6ed,NYKAA,2026-05-21T16:41:30.207,2026-05-21T16:41:30.207,2026-05-21T16:41:30.207000,DissemDT,2026-05-21T16:41:30.207000,2026-05-22,2026-05-22T09:15:00,aligned,
32c43f23-2809-4254-97c5-6409e497ce8b,NYKAA,2026-05-21T16:18:46.007,2026-05-21T16:18:46.007,2026-05-21T16:18:46.007000,DissemDT,2026-05-21T16:18:46.007000,2026-05-22,2026-05-22T09:15:00,aligned,
fd917287-11cb-47cc-acf6-ed4c9a7c68a4,NYKAA,2026-05-21T16:11:27.23,2026-05-21T16:11:27.23,2026-05-21T16:11:27.230000,DissemDT,2026-05-21T16:11:27.230000,2026-05-22,2026-05-22T09:15:00,aligned,
8ce6c9d3-d28f-4620-9d81-a2bcfce5b72d,HDFCBANK,2026-05-20T21:44:20.28,2026-05-20T21:44:20.28,2026-05-20T21:44:20.280000,DissemDT,2026-05-20T21:44:20.280000,2026-05-21,2026-05-21T09:15:00,aligned,
67949150-1185-4bae-919a-bb2981ba8147,RELIANCE,2026-05-20T19:28:23.56,2026-05-20T19:28:23.56,2026-05-20T19:28:23.560000,DissemDT,2026-05-20T19:28:23.560000,2026-05-21,2026-05-21T09:15:00,aligned,
8bbcdf5e-584d-4150-982b-df4b7af93cc9,RVNL,2026-05-20T18:09:40.24,2026-05-20T18:09:40.24,2026-05-20T18:09:40.240000,DissemDT,2026-05-20T18:09:40.240000,2026-05-21,2026-05-21T09:15:00,aligned,
4b523e72-8ff4-4525-861c-8442d7d1a83e,RELIANCE,2026-05-20T17:27:21.95,2026-05-20T17:27:21.95,2026-05-20T17:27:21.950000,DissemDT,2026-05-20T17:27:21.950000,2026-05-21,2026-05-21T09:15:00,aligned,
580633f9-9a4e-431f-a699-8ad6f85ec978,RVNL,2026-05-20T14:37:11.137,2026-05-20T14:37:11.137,2026-05-20T14:37:11.137000,DissemDT,2026-05-20T14:37:11.137000,2026-05-20,2026-05-20T14:38:00,aligned,
97f3438f-04dd-477f-862d-1a43099f7b81,RELIANCE,2026-05-20T14:27:26.053,2026-05-20T14:27:26.053,2026-05-20T14:27:26.053000,DissemDT,2026-05-20T14:27:26.053000,2026-05-20,2026-05-20T14:28:00,aligned,
67b24537-65d7-4659-b1c1-91c02a3dcb04,RVNL,2026-05-19T18:11:50.777,2026-05-19T18:11:50.777,2026-05-19T18:11:50.777000,DissemDT,2026-05-19T18:11:50.777000,2026-05-20,2026-05-20T09:15:00,aligned,
1d688cbd-125e-4dc0-a4f0-27bfaeb5cf85,HDFCBANK,2026-05-19T16:20:51.82,2026-05-19T16:20:51.82,2026-05-19T16:20:51.820000,DissemDT,2026-05-19T16:20:51.820000,2026-05-20,2026-05-20T09:15:00,aligned,
f241d20a-13bf-45ca-9677-70decb325ce6,NYKAA,2026-05-15T17:54:40.867,2026-05-15T17:54:40.867,2026-05-15T17:54:40.867000,DissemDT,2026-05-15T17:54:40.867000,2026-05-18,2026-05-18T09:15:00,aligned,
34bcdef4-136b-4938-b233-d120acc0eae2,HAL,2026-05-15T17:48:33.453,2026-05-15T17:48:33.453,2026-05-15T17:48:33.453000,DissemDT,2026-05-15T17:48:33.453000,2026-05-18,2026-05-18T09:15:00,aligned,
75f554fa-f30e-45af-b5c4-cf16b1416367,RVNL,2026-05-14T18:28:21.23,2026-05-14T18:28:21.23,2026-05-14T18:28:21.230000,DissemDT,2026-05-14T18:28:21.230000,2026-05-15,2026-05-15T09:15:00,aligned,
6cef8f26-381f-4da0-8565-f581a3896c6c,HAL,2026-05-14T12:40:46.42,2026-05-14T12:40:46.42,2026-05-14T12:40:46.420000,DissemDT,2026-05-14T12:40:46.420000,2026-05-14,2026-05-14T12:41:00,aligned,
48eb51bf-4019-42c3-a279-64c67f26ffb6,NYKAA,2026-05-14T12:27:09.683,2026-05-14T12:27:09.683,2026-05-14T12:27:09.683000,DissemDT,2026-05-14T12:27:09.683000,2026-05-14,2026-05-14T12:28:00,aligned,
5fde7341-d5b4-41c3-b4bd-68b389e0dac5,NYKAA,2026-05-13T21:01:05.863,2026-05-13T21:01:05.863,2026-05-13T21:01:05.863000,DissemDT,2026-05-13T21:01:05.863000,2026-05-14,2026-05-14T09:15:00,aligned,
d2fa49fe-ca44-489e-b698-908422b41d39,NYKAA,2026-05-13T20:44:12.697,2026-05-13T20:44:12.697,2026-05-13T20:44:12.697000,DissemDT,2026-05-13T20:44:12.697000,2026-05-14,2026-05-14T09:15:00,aligned,
dbfac32e-565c-4f0d-a64b-b1bf0b396a80,NYKAA,2026-05-13T20:41:25.953,2026-05-13T20:41:25.953,2026-05-13T20:41:25.953000,DissemDT,2026-05-13T20:41:25.953000,2026-05-14,2026-05-14T09:15:00,aligned,
e7e077c1-39a2-4c6d-8190-e5cb690adfea,NYKAA,2026-05-13T20:37:05.767,2026-05-13T20:37:05.767,2026-05-13T20:37:05.767000,DissemDT,2026-05-13T20:37:05.767000,2026-05-14,2026-05-14T09:15:00,aligned,
50101cea-fa68-4e43-9f33-6654f910b46a,HDFCBANK,2026-05-13T17:05:59.883,2026-05-13T17:05:59.883,2026-05-13T17:05:59.883000,DissemDT,2026-05-13T17:05:59.883000,2026-05-14,2026-05-14T09:15:00,aligned,
0bd5714f-6e37-4c13-866d-a5c21ce23e7e,RVNL,2026-05-12T18:16:05.257,2026-05-12T18:16:05.257,2026-05-12T18:16:05.257000,DissemDT,2026-05-12T18:16:05.257000,2026-05-13,2026-05-13T09:15:00,aligned,
46a3ef14-4294-4598-a8f0-53da239c6c04,HAL,2026-05-11T16:48:57.887,2026-05-11T16:48:57.887,2026-05-11T16:48:57.887000,DissemDT,2026-05-11T16:48:57.887000,2026-05-12,2026-05-12T09:15:00,aligned,
fb3bf768-0e7d-4b0a-a858-99d8704e7258,HAL,2026-05-11T14:28:20.087,2026-05-11T14:28:20.087,2026-05-11T14:28:20.087000,DissemDT,2026-05-11T14:28:20.087000,2026-05-11,2026-05-11T14:29:00,aligned,
9944195b-7e5e-4700-8112-66143f931703,NYKAA,2026-05-08T22:13:00.46,2026-05-08T22:13:00.46,2026-05-08T22:13:00.460000,DissemDT,2026-05-08T22:13:00.460000,2026-05-11,2026-05-11T09:15:00,aligned,
ed8ff58e-bb87-4f4a-989c-6692df934e72,RVNL,2026-05-08T16:08:53.953,2026-05-08T16:08:53.953,2026-05-08T16:08:53.953000,DissemDT,2026-05-08T16:08:53.953000,2026-05-11,2026-05-11T09:15:00,aligned,
f538105c-8868-4718-8e60-e686320b22af,NYKAA,2026-05-08T16:00:19.997,2026-05-08T16:00:19.997,2026-05-08T16:00:19.997000,DissemDT,2026-05-08T16:00:19.997000,2026-05-11,2026-05-11T09:15:00,aligned,
19056cfc-5b79-4a96-bc81-e511a7e381af,RELIANCE,2026-05-07T14:56:22.303,2026-05-07T14:56:22.303,2026-05-07T14:56:22.303000,DissemDT,2026-05-07T14:56:22.303000,2026-05-07,2026-05-07T14:57:00,aligned,
0520ec3f-f287-485a-b18f-d2fd9e2c41e9,HDFCBANK,2026-05-06T22:20:29.61,2026-05-06T22:20:29.61,2026-05-06T22:20:29.610000,DissemDT,2026-05-06T22:20:29.610000,2026-05-07,2026-05-07T09:15:00,aligned,
9dd749ae-e8a1-4117-b99e-8095ac617cd5,HAL,2026-05-04T15:24:45.817,2026-05-04T15:24:45.817,2026-05-04T15:24:45.817000,DissemDT,2026-05-04T15:24:45.817000,2026-05-04,2026-05-04T15:25:00,aligned,
0446d64b-d3ac-40fd-8846-6c6117e2df07,HAL,2026-05-01T13:03:36.42,2026-05-01T13:03:36.42,2026-05-01T13:03:36.420000,DissemDT,2026-05-01T13:03:36.420000,2026-05-04,2026-05-04T09:15:00,aligned,
b9125622-7267-45fa-bc72-48aa547d670f,HAL,2026-05-01T12:52:37.053,2026-05-01T12:52:37.053,2026-05-01T12:52:37.053000,DissemDT,2026-05-01T12:52:37.053000,2026-05-04,2026-05-04T09:15:00,aligned,
d4ec1d39-56d8-423a-8945-3e47117e999b,HAL,2026-05-01T09:07:04.46,2026-05-01T09:07:04.46,2026-05-01T09:07:04.460000,DissemDT,2026-05-01T09:07:04.460000,2026-05-04,2026-05-04T09:15:00,aligned,
76fd8838-b11c-4dc8-acab-9a1d64ca700f,RVNL,2026-04-30T18:03:39.053,2026-04-30T18:03:39.053,2026-04-30T18:03:39.053000,DissemDT,2026-04-30T18:03:39.053000,2026-05-04,2026-05-04T09:15:00,aligned,
3833f6a3-6699-4ca7-9507-dc7b230b2d11,RELIANCE,2026-04-30T16:03:05.177,2026-04-30T16:03:05.177,2026-04-30T16:03:05.177000,DissemDT,2026-04-30T16:03:05.177000,2026-05-04,2026-05-04T09:15:00,aligned,
630a02df-dd02-48b5-a685-6708f8732a0f,HDFCBANK,2026-04-29T12:34:42.12,2026-04-29T12:34:42.12,2026-04-29T12:34:42.120000,DissemDT,2026-04-29T12:34:42.120000,2026-04-29,2026-04-29T12:35:00,aligned,
fdb1793e-f5ab-46e4-8f34-dc37ca1bfe68,RVNL,2026-04-28T18:14:37.087,2026-04-28T18:14:37.087,2026-04-28T18:14:37.087000,DissemDT,2026-04-28T18:14:37.087000,2026-04-29,2026-04-29T09:15:00,aligned,
18d27756-afef-45c5-ac40-64669d4899ef,HAL,2026-04-28T17:07:09.343,2026-04-28T17:07:09.343,2026-04-28T17:07:09.343000,DissemDT,2026-04-28T17:07:09.343000,2026-04-29,2026-04-29T09:15:00,aligned,
16a2c55b-0068-40a3-a14f-c86816fcf5c5,HDFCBANK,2026-04-27T14:36:14.687,2026-04-27T14:36:14.687,2026-04-27T14:36:14.687000,DissemDT,2026-04-27T14:36:14.687000,2026-04-27,2026-04-27T14:37:00,aligned,
205c82dc-7864-4821-ba9a-47d912622375,RELIANCE,2026-04-26T23:25:52.417,2026-04-26T23:25:52.417,2026-04-26T23:25:52.417000,DissemDT,2026-04-26T23:25:52.417000,2026-04-27,2026-04-27T09:15:00,aligned,
7944c4df-b29a-495c-a013-da4d952573a6,RELIANCE,2026-04-25T16:45:30.54,2026-04-25T16:45:30.54,2026-04-25T16:45:30.540000,DissemDT,2026-04-25T16:45:30.540000,2026-04-27,2026-04-27T09:15:00,aligned,
c7250f3e-6e6a-41a1-8e51-284b2de0e38a,RELIANCE,2026-04-24T19:43:47.49,2026-04-24T19:43:47.49,2026-04-24T19:43:47.490000,DissemDT,2026-04-24T19:43:47.490000,2026-04-27,2026-04-27T09:15:00,aligned,
b13a2653-5882-429c-b580-f6a96767ea46,RELIANCE,2026-04-24T19:35:45.963,2026-04-24T19:35:45.963,2026-04-24T19:35:45.963000,DissemDT,2026-04-24T19:35:45.963000,2026-04-27,2026-04-27T09:15:00,aligned,
10397275-679e-4b01-bf9a-259f2f9d0cb7,RELIANCE,2026-04-24T19:29:46.143,2026-04-24T19:29:46.143,2026-04-24T19:29:46.143000,DissemDT,2026-04-24T19:29:46.143000,2026-04-27,2026-04-27T09:15:00,aligned,
72e19e04-7a6d-4a96-bf0e-cdfa2ddd361b,RELIANCE,2026-04-24T19:26:25.357,2026-04-24T19:26:25.357,2026-04-24T19:26:25.357000,DissemDT,2026-04-24T19:26:25.357000,2026-04-27,2026-04-27T09:15:00,aligned,
2ad72d43-c5ec-497d-9bf0-0b8187781498,HDFCBANK,2026-04-24T15:45:11.887,2026-04-24T15:45:11.887,2026-04-24T15:45:11.887000,DissemDT,2026-04-24T15:45:11.887000,2026-04-27,2026-04-27T09:15:00,aligned,
52be3152-9f13-43d8-9045-9f2be4463557,RELIANCE,2026-04-24T11:13:30.63,2026-04-24T11:13:30.63,2026-04-24T11:13:30.630000,DissemDT,2026-04-24T11:13:30.630000,2026-04-24,2026-04-24T11:14:00,aligned,
db52c2b7-6af8-41a5-828a-dfbf89bb4d0f,RELIANCE,2026-04-22T20:50:13.267,2026-04-22T20:50:13.267,2026-04-22T20:50:13.267000,DissemDT,2026-04-22T20:50:13.267000,2026-04-23,2026-04-23T09:15:00,aligned,
500e75f3-0b0c-4ef9-a278-103e536e5c9e,HDFCBANK,2026-04-22T14:34:09.433,2026-04-22T14:34:09.433,2026-04-22T14:34:09.433000,DissemDT,2026-04-22T14:34:09.433000,2026-04-22,2026-04-22T14:35:00,aligned,
54120159-3628-4428-bdde-bc0f9d820b7a,HDFCBANK,2026-04-21T13:45:23.687,2026-04-21T13:45:23.687,2026-04-21T13:45:23.687000,DissemDT,2026-04-21T13:45:23.687000,2026-04-21,2026-04-21T13:46:00,aligned,
4b93658d-c5ba-4180-bfd6-d159e489251f,HDFCBANK,2026-04-20T12:53:37.053,2026-04-20T12:53:37.053,2026-04-20T12:53:37.053000,DissemDT,2026-04-20T12:53:37.053000,2026-04-20,2026-04-20T12:54:00,aligned,
e7d27a1e-036f-49ef-a5cb-8065543caa06,HDFCBANK,2026-04-20T11:50:52.96,2026-04-20T11:50:52.96,2026-04-20T11:50:52.960000,DissemDT,2026-04-20T11:50:52.960000,2026-04-20,2026-04-20T11:51:00,aligned,
2817301b-67a8-4903-84e4-cdebc9bcfdfd,HDFCBANK,2026-04-18T22:23:39.17,2026-04-18T22:23:39.17,2026-04-18T22:23:39.170000,DissemDT,2026-04-18T22:23:39.170000,2026-04-20,2026-04-20T09:15:00,aligned,
e58710d8-4405-4c0b-911e-d4a558f03c48,HDFCBANK,2026-04-18T19:50:39.623,2026-04-18T19:50:39.623,2026-04-18T19:50:39.623000,DissemDT,2026-04-18T19:50:39.623000,2026-04-20,2026-04-20T09:15:00,aligned,
81de666e-1b0a-494b-8fe9-e3dbf3904d0e,HDFCBANK,2026-04-18T15:41:26.007,2026-04-18T15:41:26.007,2026-04-18T15:41:26.007000,DissemDT,2026-04-18T15:41:26.007000,2026-04-20,2026-04-20T09:15:00,aligned,
7bc1462c-69f8-4db0-94b7-966b3f0c1320,HDFCBANK,2026-04-18T15:03:17.46,2026-04-18T15:03:17.46,2026-04-18T15:03:17.460000,DissemDT,2026-04-18T15:03:17.460000,2026-04-20,2026-04-20T09:15:00,aligned,
874d4397-a4d6-4bbb-8776-87760d165213,HDFCBANK,2026-04-18T14:55:49.767,2026-04-18T14:55:49.767,2026-04-18T14:55:49.767000,DissemDT,2026-04-18T14:55:49.767000,2026-04-20,2026-04-20T09:15:00,aligned,
121e4ed1-888b-409e-9f57-bbc1e86ca250,HDFCBANK,2026-04-18T14:45:54.733,2026-04-18T14:45:54.733,2026-04-18T14:45:54.733000,DissemDT,2026-04-18T14:45:54.733000,2026-04-20,2026-04-20T09:15:00,aligned,
cf633cd2-4026-4290-b2af-90e0bcaeff92,RELIANCE,2026-04-17T18:28:12.73,2026-04-17T18:28:12.73,2026-04-17T18:28:12.730000,DissemDT,2026-04-17T18:28:12.730000,2026-04-20,2026-04-20T09:15:00,aligned,
868bb21a-70b8-40aa-8429-14779000d141,RELIANCE,2026-04-17T18:21:19.45,2026-04-17T18:21:19.45,2026-04-17T18:21:19.450000,DissemDT,2026-04-17T18:21:19.450000,2026-04-20,2026-04-20T09:15:00,aligned,
845dbc45-bea4-48bd-a47c-446db8e7b7f5,RVNL,2026-04-17T17:56:14.363,2026-04-17T17:56:14.363,2026-04-17T17:56:14.363000,DissemDT,2026-04-17T17:56:14.363000,2026-04-20,2026-04-20T09:15:00,aligned,
a5c5e17d-2712-48ac-8ba2-925381a47592,NYKAA,2026-04-16T19:34:33.473,2026-04-16T19:34:33.473,2026-04-16T19:34:33.473000,DissemDT,2026-04-16T19:34:33.473000,2026-04-17,2026-04-17T09:15:00,aligned,
fc5ca3e1-4124-4de3-a22c-030341ad7eda,RELIANCE,2026-04-16T19:34:03.767,2026-04-16T19:34:03.767,2026-04-16T19:34:03.767000,DissemDT,2026-04-16T19:34:03.767000,2026-04-17,2026-04-17T09:15:00,aligned,
80569b3d-5baa-4a40-a174-b6c05ff90ee3,RVNL,2026-04-16T18:12:32.467,2026-04-16T18:12:32.467,2026-04-16T18:12:32.467000,DissemDT,2026-04-16T18:12:32.467000,2026-04-17,2026-04-17T09:15:00,aligned,
eb97114c-f475-453d-889a-5b8603605c15,HDFCBANK,2026-04-16T16:40:14.603,2026-04-16T16:40:14.603,2026-04-16T16:40:14.603000,DissemDT,2026-04-16T16:40:14.603000,2026-04-17,2026-04-17T09:15:00,aligned,
1ae2e150-8da2-4946-bc5c-ea222e3a9eb4,HDFCBANK,2026-04-16T15:35:53.743,2026-04-16T15:35:53.743,2026-04-16T15:35:53.743000,DissemDT,2026-04-16T15:35:53.743000,2026-04-17,2026-04-17T09:15:00,aligned,
ccd0ad2d-4ac6-4feb-9fb5-b3914dd9e0ba,HDFCBANK,2026-04-14T15:29:40.473,2026-04-14T15:29:40.473,2026-04-14T15:29:40.473000,DissemDT,2026-04-14T15:29:40.473000,2026-04-15,2026-04-15T09:15:00,aligned,
4f7e91f6-61c1-47df-8165-d0c9619cb1ed,RELIANCE,2026-04-13T23:15:03.94,2026-04-13T23:15:03.94,2026-04-13T23:15:03.940000,DissemDT,2026-04-13T23:15:03.940000,2026-04-15,2026-04-15T09:15:00,aligned,
f5cc6e51-99d5-48ed-9079-3ca74fd99d9b,HDFCBANK,2026-04-13T17:20:44.923,2026-04-13T17:20:44.923,2026-04-13T17:20:44.923000,DissemDT,2026-04-13T17:20:44.923000,2026-04-15,2026-04-15T09:15:00,aligned,
89b7e741-747a-423a-adc0-05ca19c4479d,RELIANCE,2026-04-10T18:10:36.93,2026-04-10T18:10:36.93,2026-04-10T18:10:36.930000,DissemDT,2026-04-10T18:10:36.930000,2026-04-13,2026-04-13T09:15:00,aligned,
26c10b12-d995-4f9d-992a-50ecc29b7c63,RVNL,2026-04-08T12:35:11.977,2026-04-08T12:35:11.977,2026-04-08T12:35:11.977000,DissemDT,2026-04-08T12:35:11.977000,2026-04-08,2026-04-08T12:36:00,aligned,
9cc7eebb-7fb7-4028-a771-207729140ee0,HDFCBANK,2026-04-07T15:43:06.797,2026-04-07T15:43:06.797,2026-04-07T15:43:06.797000,DissemDT,2026-04-07T15:43:06.797000,2026-04-08,2026-04-08T09:15:00,aligned,
7b40f74a-2d44-4746-a527-31bc85224678,NYKAA,2026-04-06T18:03:11.697,2026-04-06T18:03:11.697,2026-04-06T18:03:11.697000,DissemDT,2026-04-06T18:03:11.697000,2026-04-07,2026-04-07T09:15:00,aligned,
3b4528e0-0d68-468f-af7a-e578d2bfc461,NYKAA,2026-04-06T15:54:22.907,2026-04-06T15:54:22.907,2026-04-06T15:54:22.907000,DissemDT,2026-04-06T15:54:22.907000,2026-04-07,2026-04-07T09:15:00,aligned,
48c0177f-6ac7-4007-8a69-11ca2ea35fb8,HAL,2026-04-06T10:42:33.15,2026-04-06T10:42:33.15,2026-04-06T10:42:33.150000,DissemDT,2026-04-06T10:42:33.150000,2026-04-06,2026-04-06T10:43:00,aligned,
f90af264-3cf8-4771-9470-68b56e7fae01,NYKAA,2026-04-06T09:27:26.243,2026-04-06T09:27:26.243,2026-04-06T09:27:26.243000,DissemDT,2026-04-06T09:27:26.243000,2026-04-06,2026-04-06T09:28:00,aligned,
8c8ea48b-121f-4d52-aa8e-1b2b61812580,HDFCBANK,2026-04-04T08:36:12.31,2026-04-04T08:36:12.31,2026-04-04T08:36:12.310000,DissemDT,2026-04-04T08:36:12.310000,2026-04-06,2026-04-06T09:15:00,aligned,
10f658a2-5e88-4bed-ab4c-dfb3937b36f8,NYKAA,2026-04-03T17:01:43.193,2026-04-03T17:01:43.193,2026-04-03T17:01:43.193000,DissemDT,2026-04-03T17:01:43.193000,2026-04-06,2026-04-06T09:15:00,aligned,
ae789af3-d0ae-4d64-b48b-e739c0f84f4e,HDFCBANK,2026-04-03T15:32:08.933,2026-04-03T15:32:08.933,2026-04-03T15:32:08.933000,DissemDT,2026-04-03T15:32:08.933000,2026-04-06,2026-04-06T09:15:00,aligned,
917c7d74-79d6-4d13-a733-d8db48fde6e0,RVNL,2026-04-02T18:32:39.897,2026-04-02T18:32:39.897,2026-04-02T18:32:39.897000,DissemDT,2026-04-02T18:32:39.897000,2026-04-06,2026-04-06T09:15:00,aligned,
fc5cfac3-17ab-454f-b1cb-1bbaedaaa3a5,HDFCBANK,2026-04-02T18:22:41.313,2026-04-02T18:22:41.313,2026-04-02T18:22:41.313000,DissemDT,2026-04-02T18:22:41.313000,2026-04-06,2026-04-06T09:15:00,aligned,
cda85a0d-9e36-4817-bab0-aa7336ace34b,HDFCBANK,2026-04-02T18:15:34.327,2026-04-02T18:15:34.327,2026-04-02T18:15:34.327000,DissemDT,2026-04-02T18:15:34.327000,2026-04-06,2026-04-06T09:15:00,aligned,
42c6474b-84ef-4e04-9218-537e256ba856,HDFCBANK,2026-04-02T08:51:17.817,2026-04-02T08:51:17.817,2026-04-02T08:51:17.817000,DissemDT,2026-04-02T08:51:17.817000,2026-04-02,2026-04-02T09:15:00,aligned,
a8bb12e1-aa4f-4866-b2ff-660471a55dc5,HAL,2026-04-01T09:49:41.137,2026-04-01T09:49:41.137,2026-04-01T09:49:41.137000,DissemDT,2026-04-01T09:49:41.137000,2026-04-01,2026-04-01T09:50:00,aligned,
3afd5a46-73d2-41c6-ba1e-1c106fe0d97f,HAL,2026-03-31T19:11:39.173,2026-03-31T19:11:39.173,2026-03-31T19:11:39.173000,DissemDT,2026-03-31T19:11:39.173000,2026-04-01,2026-04-01T09:15:00,aligned,
82dedb56-fe1b-4679-a269-224877962602,RELIANCE,2026-03-31T16:13:03.72,2026-03-31T16:13:03.72,2026-03-31T16:13:03.720000,DissemDT,2026-03-31T16:13:03.720000,2026-04-01,2026-04-01T09:15:00,aligned,
ecf6bd8d-927b-4662-b164-d69b8fe2c681,RELIANCE,2026-03-31T13:07:24.623,2026-03-31T13:07:24.623,2026-03-31T13:07:24.623000,DissemDT,2026-03-31T13:07:24.623000,2026-04-01,2026-04-01T09:15:00,aligned,
43702a35-89f3-4c0d-b38a-0b77043edc6e,HAL,2026-03-30T16:09:11.337,2026-03-30T16:09:11.337,2026-03-30T16:09:11.337000,DissemDT,2026-03-30T16:09:11.337000,2026-04-01,2026-04-01T09:15:00,aligned,
91bf09c5-61f4-4043-bf8d-cfbabef24159,HDFCBANK,2026-03-28T15:03:24.093,2026-03-28T15:03:24.093,2026-03-28T15:03:24.093000,DissemDT,2026-03-28T15:03:24.093000,2026-03-30,2026-03-30T09:15:00,aligned,
84393b7d-c14c-4c7e-bafd-bdd630d8a435,HDFCBANK,2026-03-27T09:52:52.403,2026-03-27T09:52:52.403,2026-03-27T09:52:52.403000,DissemDT,2026-03-27T09:52:52.403000,2026-03-27,2026-03-27T09:53:00,aligned,
20996d22-ffa1-4201-9bb1-d7c77ec911cc,RELIANCE,2026-03-26T22:47:56.67,2026-03-26T22:47:56.67,2026-03-26T22:47:56.670000,DissemDT,2026-03-26T22:47:56.670000,2026-03-27,2026-03-27T09:15:00,aligned,
8996e407-7b67-4510-ad82-e670e64fc4a3,HDFCBANK,2026-03-26T16:11:41.193,2026-03-26T16:11:41.193,2026-03-26T16:11:41.193000,DissemDT,2026-03-26T16:11:41.193000,2026-03-27,2026-03-27T09:15:00,aligned,
f29f1d41-e3f2-4fbe-ade1-b0f397a62ac5,RVNL,2026-03-25T18:32:25.54,2026-03-25T18:32:25.54,2026-03-25T18:32:25.540000,DissemDT,2026-03-25T18:32:25.540000,2026-03-27,2026-03-27T09:15:00,aligned,
4b42d2c1-2ada-49b5-a331-e9fdbc7df06c,HDFCBANK,2026-03-24T22:14:48.15,2026-03-24T22:14:48.15,2026-03-24T22:14:48.150000,DissemDT,2026-03-24T22:14:48.150000,2026-03-25,2026-03-25T09:15:00,aligned,
887ad7f8-cce0-4e35-84ea-b103d0da3a38,NYKAA,2026-03-24T20:13:22.213,2026-03-24T20:13:22.213,2026-03-24T20:13:22.213000,DissemDT,2026-03-24T20:13:22.213000,2026-03-25,2026-03-25T09:15:00,aligned,
8e122eb8-a451-445a-b9aa-dd1beb1594ef,HDFCBANK,2026-03-24T13:50:31.023,2026-03-24T13:50:31.023,2026-03-24T13:50:31.023000,DissemDT,2026-03-24T13:50:31.023000,2026-03-24,2026-03-24T13:51:00,aligned,
e7309da1-0fe3-4833-b6ca-a436cfdbbce3,HDFCBANK,2026-03-24T06:04:49.543,2026-03-24T06:04:49.543,2026-03-24T06:04:49.543000,DissemDT,2026-03-24T06:04:49.543000,2026-03-24,2026-03-24T09:15:00,aligned,
8d19e547-bb0a-42f2-a1db-0728a401bb6d,HDFCBANK,2026-03-23T23:40:21.897,2026-03-23T23:40:21.897,2026-03-23T23:40:21.897000,DissemDT,2026-03-23T23:40:21.897000,2026-03-24,2026-03-24T09:15:00,aligned,
6a2a849e-efc8-4882-a626-45673e59cd1a,HDFCBANK,2026-03-23T17:13:52.043,2026-03-23T17:13:52.043,2026-03-23T17:13:52.043000,DissemDT,2026-03-23T17:13:52.043000,2026-03-24,2026-03-24T09:15:00,aligned,
e84e90d3-c754-405e-b994-bc547a7db75e,HDFCBANK,2026-03-19T22:20:34.103,2026-03-19T22:20:34.103,2026-03-19T22:20:34.103000,DissemDT,2026-03-19T22:20:34.103000,2026-03-20,2026-03-20T09:15:00,aligned,
23d98a55-0394-4300-beea-36e1235ac8e7,HDFCBANK,2026-03-19T15:37:35.557,2026-03-19T15:37:35.557,2026-03-19T15:37:35.557000,DissemDT,2026-03-19T15:37:35.557000,2026-03-20,2026-03-20T09:15:00,aligned,
f2cc0797-48a0-41a8-8659-1f83ccaa1eb5,HDFCBANK,2026-03-19T13:35:51.47,2026-03-19T13:35:51.47,2026-03-19T13:35:51.470000,DissemDT,2026-03-19T13:35:51.470000,2026-03-19,2026-03-19T13:36:00,aligned,
4b42c783-f2c7-4a96-ab67-95e94486203c,HDFCBANK,2026-03-19T08:46:50.017,2026-03-19T08:46:50.017,2026-03-19T08:46:50.017000,DissemDT,2026-03-19T08:46:50.017000,2026-03-19,2026-03-19T09:15:00,aligned,
b8f19cf1-3f90-4b7c-afe4-c8a902c15e67,HDFCBANK,2026-03-19T02:45:43.04,2026-03-19T02:45:43.04,2026-03-19T02:45:43.040000,DissemDT,2026-03-19T02:45:43.040000,2026-03-19,2026-03-19T09:15:00,aligned,
c71dbe28-5662-4101-adfd-68b360352a46,HDFCBANK,2026-03-18T22:33:27.51,2026-03-18T22:33:27.51,2026-03-18T22:33:27.510000,DissemDT,2026-03-18T22:33:27.510000,2026-03-19,2026-03-19T09:15:00,aligned,
11609ee9-88f5-4df6-aa57-487a6a09829b,HDFCBANK,2026-03-18T11:31:42.473,2026-03-18T11:31:42.473,2026-03-18T11:31:42.473000,DissemDT,2026-03-18T11:31:42.473000,2026-03-18,2026-03-18T11:32:00,aligned,
9c10bb6f-4524-4314-b653-190f1dea8fd4,RELIANCE,2026-03-18T00:49:23.137,2026-03-18T00:49:23.137,2026-03-18T00:49:23.137000,DissemDT,2026-03-18T00:49:23.137000,2026-03-18,2026-03-18T09:15:00,aligned,
ea186355-ca4a-4423-9802-0c2ac37d5f0c,NYKAA,2026-03-17T11:02:04.87,2026-03-17T11:02:04.87,2026-03-17T11:02:04.870000,DissemDT,2026-03-17T11:02:04.870000,2026-03-17,2026-03-17T11:03:00,aligned,
b53c2787-da1f-4aed-aa14-9a381abcd224,RELIANCE,2026-03-16T19:14:55.29,2026-03-16T19:14:55.29,2026-03-16T19:14:55.290000,DissemDT,2026-03-16T19:14:55.290000,2026-03-17,2026-03-17T09:15:00,aligned,
79662289-2507-40a0-9cbd-b8370633b063,HDFCBANK,2026-03-16T17:28:11.2,2026-03-16T17:28:11.197,2026-03-16T17:28:11.200000,DissemDT,2026-03-16T17:28:11.200000,2026-03-17,2026-03-17T09:15:00,aligned,
37b7cd14-dd3b-45fc-8208-c89957e9753b,RVNL,2026-03-16T15:56:15.783,2026-03-16T15:56:15.783,2026-03-16T15:56:15.783000,DissemDT,2026-03-16T15:56:15.783000,2026-03-17,2026-03-17T09:15:00,aligned,
26a33892-c4a8-4d72-b0cb-506f22587830,HDFCBANK,2026-03-14T11:21:10.227,2026-03-14T11:21:10.227,2026-03-14T11:21:10.227000,DissemDT,2026-03-14T11:21:10.227000,2026-03-16,2026-03-16T09:15:00,aligned,
0dd3ca3e-2065-4291-8bf5-40bb6eae4a8d,RVNL,2026-03-12T17:06:17.377,2026-03-12T17:06:17.377,2026-03-12T17:06:17.377000,DissemDT,2026-03-12T17:06:17.377000,2026-03-13,2026-03-13T09:15:00,aligned,
64d94629-88ea-4637-9f53-d023a8d7c7ee,RELIANCE,2026-03-10T21:47:03.233,2026-03-10T21:47:03.233,2026-03-10T21:47:03.233000,DissemDT,2026-03-10T21:47:03.233000,2026-03-11,2026-03-11T09:15:00,aligned,
6224ad78-e825-47c9-88c2-dbc42a7c7d66,RELIANCE,2026-03-10T19:13:40.69,2026-03-10T19:13:40.69,2026-03-10T19:13:40.690000,DissemDT,2026-03-10T19:13:40.690000,2026-03-11,2026-03-11T09:15:00,aligned,
28271cfe-618f-479c-97e1-18542a1e44a4,HAL,2026-03-10T12:06:38.817,2026-03-10T12:06:38.817,2026-03-10T12:06:38.817000,DissemDT,2026-03-10T12:06:38.817000,2026-03-10,2026-03-10T12:07:00,aligned,
e15c3c29-504b-41c8-bf64-72176c97d99f,RELIANCE,2026-03-09T16:21:38.3,2026-03-09T16:21:38.3,2026-03-09T16:21:38.300000,DissemDT,2026-03-09T16:21:38.300000,2026-03-10,2026-03-10T09:15:00,aligned,
1fa06f29-e8ba-4a8f-a974-fd6ff4e55597,RVNL,2026-03-06T15:24:48.647,2026-03-06T15:24:48.647,2026-03-06T15:24:48.647000,DissemDT,2026-03-06T15:24:48.647000,2026-03-06,2026-03-06T15:25:00,aligned,
317e5725-3df6-4c3f-bebc-8ecc93393cc4,RELIANCE,2026-03-06T13:15:47.483,2026-03-06T13:15:47.483,2026-03-06T13:15:47.483000,DissemDT,2026-03-06T13:15:47.483000,2026-03-06,2026-03-06T13:16:00,aligned,
f43524e6-a222-4275-89db-3c254052df1d,RVNL,2026-03-06T12:37:49.39,2026-03-06T12:37:49.39,2026-03-06T12:37:49.390000,DissemDT,2026-03-06T12:37:49.390000,2026-03-06,2026-03-06T12:38:00,aligned,
eff05f38-9ac6-422e-bd81-80f2d428ff79,RVNL,2026-03-05T17:19:20.093,2026-03-05T17:19:20.093,2026-03-05T17:19:20.093000,DissemDT,2026-03-05T17:19:20.093000,2026-03-06,2026-03-06T09:15:00,aligned,
b824f9e0-a2b6-4979-b4c1-53e4146c59e3,RELIANCE,2026-03-04T19:31:34.64,2026-03-04T19:31:34.64,2026-03-04T19:31:34.640000,DissemDT,2026-03-04T19:31:34.640000,2026-03-05,2026-03-05T09:15:00,aligned,
b1087242-fcbc-41fa-9c17-be3f90b9210b,HDFCBANK,2026-03-04T16:10:40.37,2026-03-04T16:10:40.37,2026-03-04T16:10:40.370000,DissemDT,2026-03-04T16:10:40.370000,2026-03-05,2026-03-05T09:15:00,aligned,
a887288b-eed6-4d9f-a3eb-c899b1ce62ce,HAL,2026-03-03T17:17:33.93,2026-03-03T17:17:33.93,2026-03-03T17:17:33.930000,DissemDT,2026-03-03T17:17:33.930000,2026-03-04,2026-03-04T09:15:00,aligned,
a956eb69-d2f2-472a-8076-bc747d29968a,RVNL,2026-03-02T19:09:30.787,2026-03-02T19:09:30.787,2026-03-02T19:09:30.787000,DissemDT,2026-03-02T19:09:30.787000,2026-03-04,2026-03-04T09:15:00,aligned,
792908b1-6d8e-4014-8327-87de96f6a258,RVNL,2026-03-02T18:18:03.507,2026-03-02T18:18:03.507,2026-03-02T18:18:03.507000,DissemDT,2026-03-02T18:18:03.507000,2026-03-04,2026-03-04T09:15:00,aligned,
69649104-4a2b-451c-aa2c-def127254753,HDFCBANK,2026-02-27T15:37:20.66,2026-02-27T15:37:20.66,2026-02-27T15:37:20.660000,DissemDT,2026-02-27T15:37:20.660000,2026-03-02,2026-03-02T09:15:00,aligned,
096c476d-a5cd-4a25-8687-bb28df424c18,NYKAA,2026-02-26T20:11:18.937,2026-02-26T20:11:18.937,2026-02-26T20:11:18.937000,DissemDT,2026-02-26T20:11:18.937000,2026-02-27,2026-02-27T09:15:00,aligned,
197a7aba-4417-4eec-9007-5ec8f9b05ff2,RVNL,2026-02-26T14:53:50.743,2026-02-26T14:53:50.743,2026-02-26T14:53:50.743000,DissemDT,2026-02-26T14:53:50.743000,2026-02-26,2026-02-26T14:54:00,aligned,
58ad763b-3194-4392-ae9b-e2ba57119b18,RVNL,2026-02-26T14:51:05.157,2026-02-26T14:51:05.157,2026-02-26T14:51:05.157000,DissemDT,2026-02-26T14:51:05.157000,2026-02-26,2026-02-26T14:52:00,aligned,
c220162d-8ece-4a30-b1a1-c1f183cc6852,RVNL,2026-02-26T14:47:21.043,2026-02-26T14:47:21.043,2026-02-26T14:47:21.043000,DissemDT,2026-02-26T14:47:21.043000,2026-02-26,2026-02-26T14:48:00,aligned,
c38f83b7-fff7-47ad-bed0-752e497fdcfa,RVNL,2026-02-25T22:43:48.79,2026-02-25T22:43:48.79,2026-02-25T22:43:48.790000,DissemDT,2026-02-25T22:43:48.790000,2026-02-26,2026-02-26T09:15:00,aligned,
111a6c40-859a-4a24-9c0f-07dccd2a2e2e,RVNL,2026-02-25T22:34:33.107,2026-02-25T22:34:33.107,2026-02-25T22:34:33.107000,DissemDT,2026-02-25T22:34:33.107000,2026-02-26,2026-02-26T09:15:00,aligned,
1d202897-a8cd-4328-a820-65913fc7fc99,RELIANCE,2026-02-25T19:47:06.583,2026-02-25T19:47:06.583,2026-02-25T19:47:06.583000,DissemDT,2026-02-25T19:47:06.583000,2026-02-26,2026-02-26T09:15:00,aligned,
cc519be5-d265-42eb-8f62-2c25792192d8,RELIANCE,2026-02-24T19:48:17.453,2026-02-24T19:48:17.453,2026-02-24T19:48:17.453000,DissemDT,2026-02-24T19:48:17.453000,2026-02-25,2026-02-25T09:15:00,aligned,
10bebed8-badd-460b-8b42-d10432ddd6a7,RVNL,2026-02-24T16:10:22.397,2026-02-24T16:10:22.397,2026-02-24T16:10:22.397000,DissemDT,2026-02-24T16:10:22.397000,2026-02-25,2026-02-25T09:15:00,aligned,
856260e8-756b-4d10-b3c9-f7ea92d8ab79,RELIANCE,2026-02-23T19:45:42.22,2026-02-23T19:45:42.22,2026-02-23T19:45:42.220000,DissemDT,2026-02-23T19:45:42.220000,2026-02-24,2026-02-24T09:15:00,aligned,
cfa7b514-97b0-4e45-8e62-baf501c19ed4,HAL,2026-02-23T14:39:18.237,2026-02-23T14:39:18.237,2026-02-23T14:39:18.237000,DissemDT,2026-02-23T14:39:18.237000,2026-02-23,2026-02-23T14:40:00,aligned,
ae1d8f83-8290-4766-a345-d087dbdd6132,HDFCBANK,2026-02-20T15:57:38.997,2026-02-20T15:57:38.997,2026-02-20T15:57:38.997000,DissemDT,2026-02-20T15:57:38.997000,2026-02-23,2026-02-23T09:15:00,aligned,
8dcc9052-6e3b-4fef-9f6f-416c4844ada2,RELIANCE,2026-02-19T19:27:46.203,2026-02-19T19:27:46.203,2026-02-19T19:27:46.203000,DissemDT,2026-02-19T19:27:46.203000,2026-02-20,2026-02-20T09:15:00,aligned,
b64e2441-a7f4-430e-b50d-6975a8aa0e02,RVNL,2026-02-19T18:07:12.297,2026-02-19T18:07:12.297,2026-02-19T18:07:12.297000,DissemDT,2026-02-19T18:07:12.297000,2026-02-20,2026-02-20T09:15:00,aligned,
a73866ab-f343-4dc2-9ec9-6a7c2e499346,RELIANCE,2026-02-18T19:32:58.46,2026-02-18T19:32:58.46,2026-02-18T19:32:58.460000,DissemDT,2026-02-18T19:32:58.460000,2026-02-19,2026-02-19T09:15:00,aligned,
24c5dd2b-7cdf-4229-b2bf-13e290a86ac5,HAL,2026-02-18T16:23:42.257,2026-02-18T16:23:42.257,2026-02-18T16:23:42.257000,DissemDT,2026-02-18T16:23:42.257000,2026-02-19,2026-02-19T09:15:00,aligned,
52581361-1c64-4d88-98c3-7a049e576a8b,RVNL,2026-02-18T15:01:19.123,2026-02-18T15:01:19.123,2026-02-18T15:01:19.123000,DissemDT,2026-02-18T15:01:19.123000,2026-02-18,2026-02-18T15:02:00,aligned,
ab236a54-7c57-4af8-97e6-5bccb740a73b,RELIANCE,2026-02-16T18:20:19.173,2026-02-16T18:20:19.173,2026-02-16T18:20:19.173000,DissemDT,2026-02-16T18:20:19.173000,2026-02-17,2026-02-17T09:15:00,aligned,
ef2bc42d-a719-4e53-837f-7820c62a5c9a,HDFCBANK,2026-02-16T16:43:25.363,2026-02-16T16:43:25.363,2026-02-16T16:43:25.363000,DissemDT,2026-02-16T16:43:25.363000,2026-02-17,2026-02-17T09:15:00,aligned,
d31f2ff5-a9af-4688-b0e9-534e182ad93e,HAL,2026-02-13T09:50:20.1,2026-02-13T09:50:20.1,2026-02-13T09:50:20.100000,DissemDT,2026-02-13T09:50:20.100000,2026-02-13,2026-02-13T09:51:00,aligned,
46eff554-be9e-4d0a-96e1-15d527029dfa,NYKAA,2026-02-12T22:40:44.827,2026-02-12T22:40:44.827,2026-02-12T22:40:44.827000,DissemDT,2026-02-12T22:40:44.827000,2026-02-13,2026-02-13T09:15:00,aligned,
797896ef-6217-4a41-a40d-b81c817803c2,HAL,2026-02-12T18:32:15.723,2026-02-12T18:32:15.723,2026-02-12T18:32:15.723000,DissemDT,2026-02-12T18:32:15.723000,2026-02-13,2026-02-13T09:15:00,aligned,
89c3b44e-958a-4d12-af0f-43565b5f4314,HDFCBANK,2026-02-12T16:05:26.66,2026-02-12T16:05:26.66,2026-02-12T16:05:26.660000,DissemDT,2026-02-12T16:05:26.660000,2026-02-13,2026-02-13T09:15:00,aligned,
4c32380a-4353-4de0-91d8-bae2c7b27e4e,HAL,2026-02-12T13:30:55.233,2026-02-12T13:30:55.233,2026-02-12T13:30:55.233000,DissemDT,2026-02-12T13:30:55.233000,2026-02-12,2026-02-12T13:31:00,aligned,
a57e5cdd-789b-4d80-ae76-e044593f66f2,HAL,2026-02-12T13:28:22.27,2026-02-12T13:28:22.27,2026-02-12T13:28:22.270000,DissemDT,2026-02-12T13:28:22.270000,2026-02-12,2026-02-12T13:29:00,aligned,
6b2f033b-d40d-4af7-9c7a-8f51b35f55bc,HAL,2026-02-12T13:16:40.387,2026-02-12T13:16:40.387,2026-02-12T13:16:40.387000,DissemDT,2026-02-12T13:16:40.387000,2026-02-12,2026-02-12T13:17:00,aligned,
d25deeeb-ec9d-479a-9616-ab001712ad57,HDFCBANK,2026-02-11T22:42:41.253,2026-02-11T22:42:41.253,2026-02-11T22:42:41.253000,DissemDT,2026-02-11T22:42:41.253000,2026-02-12,2026-02-12T09:15:00,aligned,
589614a8-2f34-4ef5-9b59-057f1788b655,RELIANCE,2026-02-11T19:28:12.15,2026-02-11T19:28:12.147,2026-02-11T19:28:12.150000,DissemDT,2026-02-11T19:28:12.150000,2026-02-12,2026-02-12T09:15:00,aligned,
5a8b4aa8-bc83-46ad-8c7c-1dbbf0dbf594,HDFCBANK,2026-02-11T15:47:49.96,2026-02-11T15:47:49.96,2026-02-11T15:47:49.960000,DissemDT,2026-02-11T15:47:49.960000,2026-02-12,2026-02-12T09:15:00,aligned,
923db312-d905-4a66-8970-473a8d9c0a07,RELIANCE,2026-02-10T18:56:42.507,2026-02-10T18:56:42.507,2026-02-10T18:56:42.507000,DissemDT,2026-02-10T18:56:42.507000,2026-02-11,2026-02-11T09:15:00,aligned,
32c563c9-2a53-4cce-9e20-15d928f07750,RELIANCE,2026-02-10T15:43:28.89,2026-02-10T15:43:28.89,2026-02-10T15:43:28.890000,DissemDT,2026-02-10T15:43:28.890000,2026-02-11,2026-02-11T09:15:00,aligned,
edffbaa7-526b-4c9b-89d9-f44a071c5283,RELIANCE,2026-02-10T15:32:01.41,2026-02-10T15:32:01.41,2026-02-10T15:32:01.410000,DissemDT,2026-02-10T15:32:01.410000,2026-02-11,2026-02-11T09:15:00,aligned,
7c606ca8-11b6-4abb-9c3c-85ebd5cb5806,NYKAA,2026-02-09T20:08:43.423,2026-02-09T20:08:43.423,2026-02-09T20:08:43.423000,DissemDT,2026-02-09T20:08:43.423000,2026-02-10,2026-02-10T09:15:00,aligned,
febcffb4-19bc-4019-9501-ebc8da3b99fd,RVNL,2026-02-09T18:13:53.91,2026-02-09T18:13:53.91,2026-02-09T18:13:53.910000,DissemDT,2026-02-09T18:13:53.910000,2026-02-10,2026-02-10T09:15:00,aligned,
6de067a9-db7a-4b41-ac3e-d5dee6a2ca33,NYKAA,2026-02-09T17:29:25.81,2026-02-09T17:29:25.81,2026-02-09T17:29:25.810000,DissemDT,2026-02-09T17:29:25.810000,2026-02-10,2026-02-10T09:15:00,aligned,
9fe029b3-60b4-4d86-a831-1df340b0120b,NYKAA,2026-02-07T14:45:00.503,2026-02-07T14:45:00.503,2026-02-07T14:45:00.503000,DissemDT,2026-02-07T14:45:00.503000,2026-02-09,2026-02-09T09:15:00,aligned,
6747733d-8f71-4967-b29e-2e1f67fd975c,RELIANCE,2026-02-07T12:35:28.807,2026-02-07T12:35:28.807,2026-02-07T12:35:28.807000,DissemDT,2026-02-07T12:35:28.807000,2026-02-09,2026-02-09T09:15:00,aligned,
13e15815-6186-4a49-ab27-0aeb25909bc7,RVNL,2026-02-06T22:29:21.063,2026-02-06T22:29:21.063,2026-02-06T22:29:21.063000,DissemDT,2026-02-06T22:29:21.063000,2026-02-09,2026-02-09T09:15:00,aligned,
f735b30e-9dfe-4c12-bb41-34d0d0c78a1d,RELIANCE,2026-02-06T17:33:33.253,2026-02-06T17:33:33.253,2026-02-06T17:33:33.253000,DissemDT,2026-02-06T17:33:33.253000,2026-02-09,2026-02-09T09:15:00,aligned,
d1cdc1a3-eb87-4b22-ab4a-a7ec0a3cfeb8,RELIANCE,2026-02-06T16:25:03.15,2026-02-06T16:25:03.15,2026-02-06T16:25:03.150000,DissemDT,2026-02-06T16:25:03.150000,2026-02-09,2026-02-09T09:15:00,aligned,
04c768a3-a328-4f39-8959-ddfbf458bb62,NYKAA,2026-02-05T21:51:54.39,2026-02-05T21:51:54.39,2026-02-05T21:51:54.390000,DissemDT,2026-02-05T21:51:54.390000,2026-02-06,2026-02-06T09:15:00,aligned,
01529e2d-1765-4437-8597-b24e592cc997,RELIANCE,2026-02-05T18:42:28.263,2026-02-05T18:42:28.263,2026-02-05T18:42:28.263000,DissemDT,2026-02-05T18:42:28.263000,2026-02-06,2026-02-06T09:15:00,aligned,
e1d35e95-b2fa-460a-b706-210d2d237940,NYKAA,2026-02-05T16:21:11.19,2026-02-05T16:21:11.19,2026-02-05T16:21:11.190000,DissemDT,2026-02-05T16:21:11.190000,2026-02-06,2026-02-06T09:15:00,aligned,
8c00d9b7-d0a7-40a9-8194-4a3034f8f276,NYKAA,2026-02-05T16:10:34.52,2026-02-05T16:10:34.52,2026-02-05T16:10:34.520000,DissemDT,2026-02-05T16:10:34.520000,2026-02-06,2026-02-06T09:15:00,aligned,
412ee49b-20ee-4798-af19-8969b89890f2,NYKAA,2026-02-05T16:00:23.33,2026-02-05T16:00:23.33,2026-02-05T16:00:23.330000,DissemDT,2026-02-05T16:00:23.330000,2026-02-06,2026-02-06T09:15:00,aligned,
211b8a16-798b-4125-b647-c1a137e7b428,NYKAA,2026-02-05T15:46:36.63,2026-02-05T15:46:36.63,2026-02-05T15:46:36.630000,DissemDT,2026-02-05T15:46:36.630000,2026-02-06,2026-02-06T09:15:00,aligned,
0325cadc-1f9f-45d4-ba7d-b9203b950fe6,RVNL,2026-02-05T15:35:20.093,2026-02-05T15:35:20.093,2026-02-05T15:35:20.093000,DissemDT,2026-02-05T15:35:20.093000,2026-02-06,2026-02-06T09:15:00,aligned,
0527c02a-8b30-442c-aa7e-e8a44ce96cc1,RVNL,2026-02-05T15:33:35.713,2026-02-05T15:33:35.713,2026-02-05T15:33:35.713000,DissemDT,2026-02-05T15:33:35.713000,2026-02-06,2026-02-06T09:15:00,aligned,
89bfbc75-e9c3-471c-8c83-9100d25f670f,RVNL,2026-02-05T15:32:02.427,2026-02-05T15:32:02.427,2026-02-05T15:32:02.427000,DissemDT,2026-02-05T15:32:02.427000,2026-02-06,2026-02-06T09:15:00,aligned,
d5e6629d-d71e-48be-a7d6-b8afb706eb54,RVNL,2026-02-05T15:24:07.85,2026-02-05T15:24:07.85,2026-02-05T15:24:07.850000,DissemDT,2026-02-05T15:24:07.850000,2026-02-05,2026-02-05T15:25:00,aligned,
ed66258b-a22c-47a1-aa4b-3c8f305c50a6,HAL,2026-02-05T10:48:52.98,2026-02-05T10:48:52.98,2026-02-05T10:48:52.980000,DissemDT,2026-02-05T10:48:52.980000,2026-02-05,2026-02-05T10:49:00,aligned,
414ec989-5ead-4e13-abd8-25fea7642340,HAL,2026-02-04T16:25:42.257,2026-02-04T16:25:42.257,2026-02-04T16:25:42.257000,DissemDT,2026-02-04T16:25:42.257000,2026-02-05,2026-02-05T09:15:00,aligned,
60d42269-87f5-429c-8062-3d44fec7ef53,HAL,2026-02-04T16:14:59.987,2026-02-04T16:14:59.987,2026-02-04T16:14:59.987000,DissemDT,2026-02-04T16:14:59.987000,2026-02-05,2026-02-05T09:15:00,aligned,
264dee89-8e7d-4f8e-a943-f987a0a7c3eb,HDFCBANK,2026-02-04T15:16:45.07,2026-02-04T15:16:45.07,2026-02-04T15:16:45.070000,DissemDT,2026-02-04T15:16:45.070000,2026-02-04,2026-02-04T15:17:00,aligned,
41804286-6331-4f6e-88a7-6d47cd8eff80,HDFCBANK,2026-02-04T14:47:18.14,2026-02-04T14:47:18.14,2026-02-04T14:47:18.140000,DissemDT,2026-02-04T14:47:18.140000,2026-02-04,2026-02-04T14:48:00,aligned,
f0171551-cfb2-41b3-9a72-a750cc9e5fc3,HAL,2026-02-04T12:12:17.49,2026-02-04T12:12:17.49,2026-02-04T12:12:17.490000,DissemDT,2026-02-04T12:12:17.490000,2026-02-04,2026-02-04T12:13:00,aligned,
2fad9b10-92cd-4bf3-a094-01f9ba482deb,HAL,2026-02-04T11:21:48.49,2026-02-04T11:21:48.49,2026-02-04T11:21:48.490000,DissemDT,2026-02-04T11:21:48.490000,2026-02-04,2026-02-04T11:22:00,aligned,
fa8169de-f627-4925-b28f-4312f30ecd30,HDFCBANK,2026-02-03T21:27:56.277,2026-02-03T21:27:56.277,2026-02-03T21:27:56.277000,DissemDT,2026-02-03T21:27:56.277000,2026-02-04,2026-02-04T09:15:00,aligned,
92aac0ea-ee9d-4909-a9f2-22fe784ce53b,HDFCBANK,2026-02-03T17:11:21.833,2026-02-03T17:11:21.833,2026-02-03T17:11:21.833000,DissemDT,2026-02-03T17:11:21.833000,2026-02-04,2026-02-04T09:15:00,aligned,
d892845b-e9c4-466d-9297-a1236aa5f510,RELIANCE,2026-02-03T09:21:20.853,2026-02-03T09:21:20.853,2026-02-03T09:21:20.853000,DissemDT,2026-02-03T09:21:20.853000,2026-02-03,2026-02-03T09:22:00,aligned,
76c83e37-0b07-49d8-8c5e-aff68267183a,RELIANCE,2026-02-03T09:10:01.103,2026-02-03T09:10:01.103,2026-02-03T09:10:01.103000,DissemDT,2026-02-03T09:10:01.103000,2026-02-03,2026-02-03T09:15:00,aligned,
b46f8791-97d2-4f2e-863b-87734b196e27,HAL,2026-02-02T11:05:56.113,2026-02-02T11:05:56.113,2026-02-02T11:05:56.113000,DissemDT,2026-02-02T11:05:56.113000,2026-02-02,2026-02-02T11:06:00,aligned,
a6c3b638-ffbf-4914-ab43-026540bd6b44,HAL,2026-01-30T19:01:23.143,2026-01-30T19:01:23.143,2026-01-30T19:01:23.143000,DissemDT,2026-01-30T19:01:23.143000,2026-02-01,2026-02-01T09:15:00,aligned,
f612f5be-b50a-4db9-bd53-29e9ce3b576d,HDFCBANK,2026-01-30T12:24:02.073,2026-01-30T12:24:02.073,2026-01-30T12:24:02.073000,DissemDT,2026-01-30T12:24:02.073000,2026-01-30,2026-01-30T12:25:00,aligned,
938b75ad-e37c-42c4-83d5-13c945dd3961,RELIANCE,2026-01-29T19:46:42.323,2026-01-29T19:46:42.323,2026-01-29T19:46:42.323000,DissemDT,2026-01-29T19:46:42.323000,2026-01-30,2026-01-30T09:15:00,aligned,
fb4fd71a-f978-420f-a65e-9a594ef08788,RVNL,2026-01-29T18:30:16.55,2026-01-29T18:30:16.55,2026-01-29T18:30:16.550000,DissemDT,2026-01-29T18:30:16.550000,2026-01-30,2026-01-30T09:15:00,aligned,
25974554-8c7c-485f-b1fb-9b4b72c20b0d,HAL,2026-01-29T17:23:31.96,2026-01-29T17:23:31.96,2026-01-29T17:23:31.960000,DissemDT,2026-01-29T17:23:31.960000,2026-01-30,2026-01-30T09:15:00,aligned,
c77aa135-9f26-4b3e-9e40-36889f4d3f00,RELIANCE,2026-01-29T16:55:32.39,2026-01-29T16:55:32.39,2026-01-29T16:55:32.390000,DissemDT,2026-01-29T16:55:32.390000,2026-01-30,2026-01-30T09:15:00,aligned,
282e221f-ed12-4f8e-b5c3-7d3848289319,NYKAA,2026-01-29T13:49:01.407,2026-01-29T13:49:01.407,2026-01-29T13:49:01.407000,DissemDT,2026-01-29T13:49:01.407000,2026-01-29,2026-01-29T13:50:00,aligned,
5364f565-4e83-4cc6-8c0f-0bd54741b2ee,RVNL,2026-01-29T13:46:09.17,2026-01-29T13:46:09.17,2026-01-29T13:46:09.170000,DissemDT,2026-01-29T13:46:09.170000,2026-01-29,2026-01-29T13:47:00,aligned,
f3aa0c39-9885-4f67-8428-92177ae21335,HAL,2026-01-28T19:12:50.697,2026-01-28T19:12:50.697,2026-01-28T19:12:50.697000,DissemDT,2026-01-28T19:12:50.697000,2026-01-29,2026-01-29T09:15:00,aligned,
86c944ee-ddb9-4b55-898a-933a08d8736f,RVNL,2026-01-28T18:44:15.29,2026-01-28T18:44:15.29,2026-01-28T18:44:15.290000,DissemDT,2026-01-28T18:44:15.290000,2026-01-29,2026-01-29T09:15:00,aligned,
78a362e8-f059-46cb-aaa3-0da085ff0f6d,HAL,2026-01-28T18:15:03.547,2026-01-28T18:15:03.547,2026-01-28T18:15:03.547000,DissemDT,2026-01-28T18:15:03.547000,2026-01-29,2026-01-29T09:15:00,aligned,
7331d007-1599-49a3-ae70-0c1f1c10f8b2,RVNL,2026-01-28T16:05:01.147,2026-01-28T16:05:01.147,2026-01-28T16:05:01.147000,DissemDT,2026-01-28T16:05:01.147000,2026-01-29,2026-01-29T09:15:00,aligned,
b5d7cc11-36f5-4da7-b5ae-fac83a503bf5,HAL,2026-01-28T16:03:20.487,2026-01-28T16:03:20.487,2026-01-28T16:03:20.487000,DissemDT,2026-01-28T16:03:20.487000,2026-01-29,2026-01-29T09:15:00,aligned,
2bffeaf1-8e37-4780-ac43-e622ddd93d9d,NYKAA,2026-01-27T19:27:36.02,2026-01-27T19:27:36.02,2026-01-27T19:27:36.020000,DissemDT,2026-01-27T19:27:36.020000,2026-01-28,2026-01-28T09:15:00,aligned,
fb8da421-7cf9-4485-9dc5-3a34dd876a18,RVNL,2026-01-27T18:16:17.363,2026-01-27T18:16:17.363,2026-01-27T18:16:17.363000,DissemDT,2026-01-27T18:16:17.363000,2026-01-28,2026-01-28T09:15:00,aligned,
b9f77c39-83f2-483b-9a80-b3abf773b2fb,RVNL,2026-01-27T17:39:41.033,2026-01-27T17:39:41.033,2026-01-27T17:39:41.033000,DissemDT,2026-01-27T17:39:41.033000,2026-01-28,2026-01-28T09:15:00,aligned,
444a9ddb-f92a-4392-89a7-f0597032461e,HDFCBANK,2026-01-23T16:00:12.523,2026-01-23T16:00:12.523,2026-01-23T16:00:12.523000,DissemDT,2026-01-23T16:00:12.523000,2026-01-27,2026-01-27T09:15:00,aligned,
27b338bf-f3a1-470d-85a8-167099f5c58e,RELIANCE,2026-01-22T20:34:44.04,2026-01-22T20:34:44.04,2026-01-22T20:34:44.040000,DissemDT,2026-01-22T20:34:44.040000,2026-01-23,2026-01-23T09:15:00,aligned,
3a3ea84b-0668-4d34-b322-7ba40eac865a,RVNL,2026-01-22T19:45:18.08,2026-01-22T19:45:18.08,2026-01-22T19:45:18.080000,DissemDT,2026-01-22T19:45:18.080000,2026-01-23,2026-01-23T09:15:00,aligned,
096a0a2a-95a2-4aa0-bd3b-1c57b0eaf3cf,RVNL,2026-01-22T19:03:35.657,2026-01-22T19:03:35.657,2026-01-22T19:03:35.657000,DissemDT,2026-01-22T19:03:35.657000,2026-01-23,2026-01-23T09:15:00,aligned,
ff666dad-1a25-4f9b-9e7a-de2efeb31c4f,HDFCBANK,2026-01-21T16:57:59.713,2026-01-21T16:57:59.713,2026-01-21T16:57:59.713000,DissemDT,2026-01-21T16:57:59.713000,2026-01-22,2026-01-22T09:15:00,aligned,
266a6182-b31e-4d58-ab4f-5380fef1a048,HDFCBANK,2026-01-20T19:46:43.913,2026-01-20T19:46:43.913,2026-01-20T19:46:43.913000,DissemDT,2026-01-20T19:46:43.913000,2026-01-21,2026-01-21T09:15:00,aligned,
c136c0a3-658b-4b3c-9899-5eca82daba8e,NYKAA,2026-01-20T19:32:24.427,2026-01-20T19:32:24.427,2026-01-20T19:32:24.427000,DissemDT,2026-01-20T19:32:24.427000,2026-01-21,2026-01-21T09:15:00,aligned,
ce499fc4-b3d9-43ff-b5d0-10b68a665f3c,NYKAA,2026-01-20T19:25:15.85,2026-01-20T19:25:15.85,2026-01-20T19:25:15.850000,DissemDT,2026-01-20T19:25:15.850000,2026-01-21,2026-01-21T09:15:00,aligned,
1e925f52-59c3-4d26-a188-6220640ffa90,HDFCBANK,2026-01-19T17:03:05.543,2026-01-19T17:03:05.543,2026-01-19T17:03:05.543000,DissemDT,2026-01-19T17:03:05.543000,2026-01-20,2026-01-20T09:15:00,aligned,
a293cd25-e84c-4e90-b7fa-7e2ebacbd9fb,HAL,2026-01-19T14:13:25.163,2026-01-19T14:13:25.163,2026-01-19T14:13:25.163000,DissemDT,2026-01-19T14:13:25.163000,2026-01-19,2026-01-19T14:14:00,aligned,
b1058cba-a344-4fd3-9d8c-675b88eaa334,RELIANCE,2026-01-18T23:49:42.64,2026-01-18T23:49:42.64,2026-01-18T23:49:42.640000,DissemDT,2026-01-18T23:49:42.640000,2026-01-19,2026-01-19T09:15:00,aligned,
594b1c38-b639-4e04-bd11-d658aa178129,HDFCBANK,2026-01-17T22:14:34.603,2026-01-17T22:14:34.603,2026-01-17T22:14:34.603000,DissemDT,2026-01-17T22:14:34.603000,2026-01-19,2026-01-19T09:15:00,aligned,
010740ea-f388-4aa6-8853-6fe0fd554a9f,HDFCBANK,2026-01-17T17:39:52.993,2026-01-17T17:39:52.993,2026-01-17T17:39:52.993000,DissemDT,2026-01-17T17:39:52.993000,2026-01-19,2026-01-19T09:15:00,aligned,
a4ed64c4-a078-4c37-9e2f-06ad09ae529d,HDFCBANK,2026-01-17T15:14:25.097,2026-01-17T15:14:25.097,2026-01-17T15:14:25.097000,DissemDT,2026-01-17T15:14:25.097000,2026-01-19,2026-01-19T09:15:00,aligned,
f3e7123b-f774-4832-b961-ce4d0307d339,HDFCBANK,2026-01-17T15:05:14.193,2026-01-17T15:05:14.193,2026-01-17T15:05:14.193000,DissemDT,2026-01-17T15:05:14.193000,2026-01-19,2026-01-19T09:15:00,aligned,
739da032-fa27-4c55-8c15-700c9f925c50,HDFCBANK,2026-01-17T14:51:42.78,2026-01-17T14:51:42.78,2026-01-17T14:51:42.780000,DissemDT,2026-01-17T14:51:42.780000,2026-01-19,2026-01-19T09:15:00,aligned,
d25711f3-9297-4130-81e3-a7f9171f8756,RELIANCE,2026-01-17T12:24:01.97,2026-01-17T12:24:01.97,2026-01-17T12:24:01.970000,DissemDT,2026-01-17T12:24:01.970000,2026-01-19,2026-01-19T09:15:00,aligned,
fac6fed2-08be-4671-94b9-a542a3552532,RELIANCE,2026-01-16T19:30:11.803,2026-01-16T19:30:11.803,2026-01-16T19:30:11.803000,DissemDT,2026-01-16T19:30:11.803000,2026-01-19,2026-01-19T09:15:00,aligned,
c8fe0972-ec70-4ea6-9db5-5f1b16ba4be6,RELIANCE,2026-01-16T19:27:23.147,2026-01-16T19:27:23.147,2026-01-16T19:27:23.147000,DissemDT,2026-01-16T19:27:23.147000,2026-01-19,2026-01-19T09:15:00,aligned,
ff1e13d7-0a48-4588-ae97-d541fc5e3a5c,RELIANCE,2026-01-16T19:19:13.623,2026-01-16T19:19:13.623,2026-01-16T19:19:13.623000,DissemDT,2026-01-16T19:19:13.623000,2026-01-19,2026-01-19T09:15:00,aligned,
a964d00e-4d81-44ac-862b-219ee46a3034,RELIANCE,2026-01-16T19:10:13.963,2026-01-16T19:10:13.963,2026-01-16T19:10:13.963000,DissemDT,2026-01-16T19:10:13.963000,2026-01-19,2026-01-19T09:15:00,aligned,
065b7abc-81f7-4472-8e29-2e83cff76daa,RELIANCE,2026-01-16T19:07:13.5,2026-01-16T19:07:13.5,2026-01-16T19:07:13.500000,DissemDT,2026-01-16T19:07:13.500000,2026-01-19,2026-01-19T09:15:00,aligned,
54c5b31f-0603-4783-91c8-b9a345c69639,NYKAA,2026-01-16T18:10:53.31,2026-01-16T18:10:53.31,2026-01-16T18:10:53.310000,DissemDT,2026-01-16T18:10:53.310000,2026-01-19,2026-01-19T09:15:00,aligned,
b355c8bd-ce05-4285-a762-116e4e4f57ea,RVNL,2026-01-16T16:19:28.163,2026-01-16T16:19:28.163,2026-01-16T16:19:28.163000,DissemDT,2026-01-16T16:19:28.163000,2026-01-19,2026-01-19T09:15:00,aligned,
84fdc901-f8db-4fc1-bf8d-f0876cbcd8e0,RVNL,2026-01-15T19:00:29.443,2026-01-15T19:00:29.443,2026-01-15T19:00:29.443000,DissemDT,2026-01-15T19:00:29.443000,2026-01-16,2026-01-16T09:15:00,aligned,
91c3d5d9-e01e-4530-a3f2-9ca18e5ca5cc,RVNL,2026-01-15T18:50:42.3,2026-01-15T18:50:42.3,2026-01-15T18:50:42.300000,DissemDT,2026-01-15T18:50:42.300000,2026-01-16,2026-01-16T09:15:00,aligned,
4cafa9ad-4878-4088-9d2a-5a42ee612151,RVNL,2026-01-13T18:14:02.76,2026-01-13T18:14:02.76,2026-01-13T18:14:02.760000,DissemDT,2026-01-13T18:14:02.760000,2026-01-14,2026-01-14T09:15:00,aligned,
e17c72df-1d6a-4517-ac31-5876a1643fb1,HDFCBANK,2026-01-12T17:32:44.217,2026-01-12T17:32:44.217,2026-01-12T17:32:44.217000,DissemDT,2026-01-12T17:32:44.217000,2026-01-13,2026-01-13T09:15:00,aligned,
a4b84c44-bba6-4028-815d-84a412bebe45,RELIANCE,2026-01-08T20:18:18.907,2026-01-08T20:18:18.907,2026-01-08T20:18:18.907000,DissemDT,2026-01-08T20:18:18.907000,2026-01-09,2026-01-09T09:15:00,aligned,
04162832-df20-48ca-9c90-2f106edf2815,RELIANCE,2026-01-08T20:06:53.34,2026-01-08T20:06:53.34,2026-01-08T20:06:53.340000,DissemDT,2026-01-08T20:06:53.340000,2026-01-09,2026-01-09T09:15:00,aligned,
53758b5d-cb00-4bd9-9491-bfc8c6edc27d,NYKAA,2026-01-08T19:18:31.673,2026-01-08T19:18:31.673,2026-01-08T19:18:31.673000,DissemDT,2026-01-08T19:18:31.673000,2026-01-09,2026-01-09T09:15:00,aligned,
6ef3aaee-57d4-45d7-bdf7-5fcd9044320a,RVNL,2026-01-08T15:54:56.64,2026-01-08T15:54:56.64,2026-01-08T15:54:56.640000,DissemDT,2026-01-08T15:54:56.640000,2026-01-09,2026-01-09T09:15:00,aligned,
626131ae-5d4b-4840-b14a-75af03ce47f6,RVNL,2026-01-08T12:42:43.773,2026-01-08T12:42:43.773,2026-01-08T12:42:43.773000,DissemDT,2026-01-08T12:42:43.773000,2026-01-08,2026-01-08T12:43:00,aligned,
e6ee467b-9606-4849-ab71-520c314d7d9e,NYKAA,2026-01-07T19:12:27.363,2026-01-07T19:12:27.363,2026-01-07T19:12:27.363000,DissemDT,2026-01-07T19:12:27.363000,2026-01-08,2026-01-08T09:15:00,aligned,
9cec25a2-7810-4e21-9f9c-c34700a74cc6,RELIANCE,2026-01-06T17:09:05.413,2026-01-06T17:09:05.413,2026-01-06T17:09:05.413000,DissemDT,2026-01-06T17:09:05.413000,2026-01-07,2026-01-07T09:15:00,aligned,
365def42-2020-45ec-a7cd-b89f15f49321,RELIANCE,2026-01-06T11:17:28.773,2026-01-06T11:17:28.773,2026-01-06T11:17:28.773000,DissemDT,2026-01-06T11:17:28.773000,2026-01-06,2026-01-06T11:18:00,aligned,
c008e1c0-a51e-498e-be4a-24ee3dfb0b19,RVNL,2026-01-05T17:54:22.883,2026-01-05T17:54:22.883,2026-01-05T17:54:22.883000,DissemDT,2026-01-05T17:54:22.883000,2026-01-06,2026-01-06T09:15:00,aligned,
6fc9961b-62c7-47f9-8020-a658653a4c7f,HDFCBANK,2026-01-05T07:51:10.943,2026-01-05T07:51:10.943,2026-01-05T07:51:10.943000,DissemDT,2026-01-05T07:51:10.943000,2026-01-05,2026-01-05T09:15:00,aligned,
dd12e46b-6abf-4883-a29f-34a681401f72,NYKAA,2026-01-04T20:03:09.983,2026-01-04T20:03:09.983,2026-01-04T20:03:09.983000,DissemDT,2026-01-04T20:03:09.983000,2026-01-05,2026-01-05T09:15:00,aligned,
0b38dc8c-da53-4118-a245-6ff54bd8d513,RVNL,2026-01-02T15:37:43.007,2026-01-02T15:37:43.007,2026-01-02T15:37:43.007000,DissemDT,2026-01-02T15:37:43.007000,2026-01-05,2026-01-05T09:15:00,aligned,
5e85d65c-9c68-469a-94c9-8786be76008e,HAL,2026-01-01T16:55:30.353,2026-01-01T16:55:30.353,2026-01-01T16:55:30.353000,DissemDT,2026-01-01T16:55:30.353000,2026-01-02,2026-01-02T09:15:00,aligned,
8539740b-6a4e-4314-9276-985d46c33ef0,RELIANCE,2025-12-31T16:48:46.98,2025-12-31T16:48:46.98,2025-12-31T16:48:46.980000,DissemDT,2025-12-31T16:48:46.980000,2026-01-01,2026-01-01T09:15:00,aligned,
f0def7be-d356-41eb-83a2-3d1e32868c32,NYKAA,2025-12-30T16:11:35.407,2025-12-30T16:11:35.407,2025-12-30T16:11:35.407000,DissemDT,2025-12-30T16:11:35.407000,2025-12-31,2025-12-31T09:15:00,aligned,
46e2b436-b2c2-4266-948d-d4ff2ef1c8fc,RVNL,2025-12-30T15:35:54.12,2025-12-30T15:35:54.12,2025-12-30T15:35:54.120000,DissemDT,2025-12-30T15:35:54.120000,2025-12-31,2025-12-31T09:15:00,aligned,
48fb7270-4b33-493d-a76a-d3a0de31d21a,RELIANCE,2025-12-29T21:24:51.3,2025-12-29T21:24:51.3,2025-12-29T21:24:51.300000,DissemDT,2025-12-29T21:24:51.300000,2025-12-30,2025-12-30T09:15:00,aligned,
c3b03e50-7404-4401-8542-517ee2a60c38,RVNL,2025-12-29T18:16:06.773,2025-12-29T18:16:06.773,2025-12-29T18:16:06.773000,DissemDT,2025-12-29T18:16:06.773000,2025-12-30,2025-12-30T09:15:00,aligned,
115f816b-f1d8-4b37-a6db-0b2198520c13,RVNL,2025-12-29T17:13:35.463,2025-12-29T17:13:35.463,2025-12-29T17:13:35.463000,DissemDT,2025-12-29T17:13:35.463000,2025-12-30,2025-12-30T09:15:00,aligned,
3d2c5ee0-cda4-4998-9807-7047f898ed7c,NYKAA,2025-12-29T15:50:39.04,2025-12-29T15:50:39.04,2025-12-29T15:50:39.040000,DissemDT,2025-12-29T15:50:39.040000,2025-12-30,2025-12-30T09:15:00,aligned,
5886445e-c9f4-4b5e-bc66-0f48c3f7defe,HAL,2025-12-29T15:33:34.653,2025-12-29T15:33:34.653,2025-12-29T15:33:34.653000,DissemDT,2025-12-29T15:33:34.653000,2025-12-30,2025-12-30T09:15:00,aligned,
a7613a19-e39f-4304-8995-85db6d03d089,NYKAA,2025-12-26T21:30:45.103,2025-12-26T21:30:45.1,2025-12-26T21:30:45.103000,DissemDT,2025-12-26T21:30:45.103000,2025-12-29,2025-12-29T09:15:00,aligned,
cafacdb1-0d5b-41c3-9fe6-fdb802cc2472,RELIANCE,2025-12-24T19:02:42.52,2025-12-24T19:02:42.52,2025-12-24T19:02:42.520000,DissemDT,2025-12-24T19:02:42.520000,2025-12-26,2025-12-26T09:15:00,aligned,
d17bbefb-982b-4c52-96e9-d886897baad7,NYKAA,2025-12-24T13:44:23.627,2025-12-24T13:44:23.627,2025-12-24T13:44:23.627000,DissemDT,2025-12-24T13:44:23.627000,2025-12-24,2025-12-24T13:45:00,aligned,
9c8b885a-43e7-4d8e-bdbf-fcc80e676ed2,RVNL,2025-12-24T13:34:43.223,2025-12-24T13:34:43.223,2025-12-24T13:34:43.223000,DissemDT,2025-12-24T13:34:43.223000,2025-12-24,2025-12-24T13:35:00,aligned,
cfc3acad-5918-456f-8e0c-5835f93a4a5c,RVNL,2025-12-24T12:11:53.44,2025-12-24T12:11:53.44,2025-12-24T12:11:53.440000,DissemDT,2025-12-24T12:11:53.440000,2025-12-24,2025-12-24T12:12:00,aligned,
6acabecc-b26e-4296-92fa-6038e2a88226,RVNL,2025-12-24T11:46:45.857,2025-12-24T11:46:45.857,2025-12-24T11:46:45.857000,DissemDT,2025-12-24T11:46:45.857000,2025-12-24,2025-12-24T11:47:00,aligned,
3f9073e5-bcd9-4f2f-959a-3b495e89cf72,RELIANCE,2025-12-23T20:02:24.3,2025-12-23T20:02:24.3,2025-12-23T20:02:24.300000,DissemDT,2025-12-23T20:02:24.300000,2025-12-24,2025-12-24T09:15:00,aligned,
e1c7685c-9122-4341-a593-c2f2c8b6d5be,HDFCBANK,2025-12-23T20:00:53.043,2025-12-23T20:00:53.043,2025-12-23T20:00:53.043000,DissemDT,2025-12-23T20:00:53.043000,2025-12-24,2025-12-24T09:15:00,aligned,
738bcc49-248c-49a1-b030-92666f6d1014,RVNL,2025-12-23T19:24:24.267,2025-12-23T19:24:24.267,2025-12-23T19:24:24.267000,DissemDT,2025-12-23T19:24:24.267000,2025-12-24,2025-12-24T09:15:00,aligned,
ad03336d-57a9-41b4-bf22-167762991480,RVNL,2025-12-23T19:20:35.413,2025-12-23T19:20:35.413,2025-12-23T19:20:35.413000,DissemDT,2025-12-23T19:20:35.413000,2025-12-24,2025-12-24T09:15:00,aligned,
4a82071b-9f3c-4800-a1d1-57cd224ca611,RVNL,2025-12-23T11:34:40.757,2025-12-23T11:34:40.757,2025-12-23T11:34:40.757000,DissemDT,2025-12-23T11:34:40.757000,2025-12-23,2025-12-23T11:35:00,aligned,
a58bc3bf-d8fb-490c-8210-c01115e0c2f4,RVNL,2025-12-22T15:00:06.073,2025-12-22T15:00:06.07,2025-12-22T15:00:06.073000,DissemDT,2025-12-22T15:00:06.073000,2025-12-22,2025-12-22T15:01:00,aligned,
6f85810b-f39a-4646-bb79-107b1bf97337,RELIANCE,2025-12-19T23:37:51.37,2025-12-19T23:37:51.37,2025-12-19T23:37:51.370000,DissemDT,2025-12-19T23:37:51.370000,2025-12-22,2025-12-22T09:15:00,aligned,
edc59cfb-1c87-48c8-80a7-b9b3e526754b,HDFCBANK,2025-12-18T16:18:07.327,2025-12-18T16:18:07.327,2025-12-18T16:18:07.327000,DissemDT,2025-12-18T16:18:07.327000,2025-12-19,2025-12-19T09:15:00,aligned,
24874651-92de-46fb-bd67-a4a237fcc3de,RELIANCE,2025-12-18T16:03:17.733,2025-12-18T16:03:17.733,2025-12-18T16:03:17.733000,DissemDT,2025-12-18T16:03:17.733000,2025-12-19,2025-12-19T09:15:00,aligned,
ac6be10b-e226-4e65-8ddc-3ac441f7d23c,HDFCBANK,2025-12-18T15:47:19.257,2025-12-18T15:47:19.257,2025-12-18T15:47:19.257000,DissemDT,2025-12-18T15:47:19.257000,2025-12-19,2025-12-19T09:15:00,aligned,
0eeaf373-f8c1-4896-9078-19cd370201c4,RVNL,2025-12-18T14:25:13.927,2025-12-18T14:25:13.927,2025-12-18T14:25:13.927000,DissemDT,2025-12-18T14:25:13.927000,2025-12-18,2025-12-18T14:26:00,aligned,
0ee21caf-31e6-4792-85e9-320bfc245137,RVNL,2025-12-16T22:21:08.647,2025-12-16T22:21:08.647,2025-12-16T22:21:08.647000,DissemDT,2025-12-16T22:21:08.647000,2025-12-17,2025-12-17T09:15:00,aligned,
b586959c-fd98-4f93-aa0e-328d0804acd2,HDFCBANK,2025-12-15T23:17:13.15,2025-12-15T23:17:13.15,2025-12-15T23:17:13.150000,DissemDT,2025-12-15T23:17:13.150000,2025-12-16,2025-12-16T09:15:00,aligned,
ab442be7-93bd-4fa3-9cd2-4169436db433,NYKAA,2025-12-13T13:51:45.933,2025-12-13T13:51:45.933,2025-12-13T13:51:45.933000,DissemDT,2025-12-13T13:51:45.933000,2025-12-15,2025-12-15T09:15:00,aligned,
2f25d516-5af7-48bb-a506-d7ef1b387596,HDFCBANK,2025-12-11T23:42:14.75,2025-12-11T23:42:14.75,2025-12-11T23:42:14.750000,DissemDT,2025-12-11T23:42:14.750000,2025-12-12,2025-12-12T09:15:00,aligned,
1ce12a98-9797-46dc-824c-a2f9361ad443,RELIANCE,2025-12-10T18:22:25.703,2025-12-10T18:22:25.703,2025-12-10T18:22:25.703000,DissemDT,2025-12-10T18:22:25.703000,2025-12-11,2025-12-11T09:15:00,aligned,
a45c7d62-9dd0-429c-9aac-4e1899047676,HDFCBANK,2025-12-09T17:49:27.773,2025-12-09T17:49:27.773,2025-12-09T17:49:27.773000,DissemDT,2025-12-09T17:49:27.773000,2025-12-10,2025-12-10T09:15:00,aligned,
ef2c5bd0-4d4d-410e-843b-1dbe08236be1,HDFCBANK,2025-12-09T16:48:13.877,2025-12-09T16:48:13.877,2025-12-09T16:48:13.877000,DissemDT,2025-12-09T16:48:13.877000,2025-12-10,2025-12-10T09:15:00,aligned,
795b9858-3577-41b1-bf18-926e752c315c,RELIANCE,2025-12-04T20:46:34.28,2025-12-04T20:46:34.28,2025-12-04T20:46:34.280000,DissemDT,2025-12-04T20:46:34.280000,2025-12-05,2025-12-05T09:15:00,aligned,
00302875-06f0-41ff-a1d1-fc1c9ea9ee8a,RELIANCE,2025-12-04T19:14:14.047,2025-12-04T19:14:14.047,2025-12-04T19:14:14.047000,DissemDT,2025-12-04T19:14:14.047000,2025-12-05,2025-12-05T09:15:00,aligned,
1194b475-fc68-466e-a19e-c67db0f859e4,NYKAA,2025-12-04T15:55:45.367,2025-12-04T15:55:45.367,2025-12-04T15:55:45.367000,DissemDT,2025-12-04T15:55:45.367000,2025-12-05,2025-12-05T09:15:00,aligned,
91421ad9-dfe5-4269-81c1-4bf912d2a94c,RELIANCE,2025-12-03T23:14:55.35,2025-12-03T23:14:55.35,2025-12-03T23:14:55.350000,DissemDT,2025-12-03T23:14:55.350000,2025-12-04,2025-12-04T09:15:00,aligned,
fcf3192d-5c63-4d69-8151-08870c0485ed,RELIANCE,2025-12-03T20:06:20.14,2025-12-03T20:06:20.14,2025-12-03T20:06:20.140000,DissemDT,2025-12-03T20:06:20.140000,2025-12-04,2025-12-04T09:15:00,aligned,
a02dc4b0-91c4-4f6f-a460-b80576bab420,RVNL,2025-12-03T19:47:27.977,2025-12-03T19:47:27.977,2025-12-03T19:47:27.977000,DissemDT,2025-12-03T19:47:27.977000,2025-12-04,2025-12-04T09:15:00,aligned,
fe5daa89-08c8-4944-b986-4cd19a251664,RVNL,2025-12-03T19:22:03.883,2025-12-03T19:22:03.883,2025-12-03T19:22:03.883000,DissemDT,2025-12-03T19:22:03.883000,2025-12-04,2025-12-04T09:15:00,aligned,
6b69e65c-06ff-4ec6-8fbf-c6da264bae72,RELIANCE,2025-12-01T22:48:51.947,2025-12-01T22:48:51.947,2025-12-01T22:48:51.947000,DissemDT,2025-12-01T22:48:51.947000,2025-12-02,2025-12-02T09:15:00,aligned,
3fcdbad1-19e6-49a1-a567-2abe8b65a318,HDFCBANK,2025-12-01T22:21:37.267,2025-12-01T22:21:37.267,2025-12-01T22:21:37.267000,DissemDT,2025-12-01T22:21:37.267000,2025-12-02,2025-12-02T09:15:00,aligned,
0949a855-3d01-43cb-89dc-daef0a48bdb0,RELIANCE,2025-12-01T17:41:27.763,2025-12-01T17:41:27.763,2025-12-01T17:41:27.763000,DissemDT,2025-12-01T17:41:27.763000,2025-12-02,2025-12-02T09:15:00,aligned,
1c257b40-5c15-475d-9b3f-8b000c9b46b2,RVNL,2025-11-29T15:25:59.6,2025-11-29T15:25:59.6,2025-11-29T15:25:59.600000,DissemDT,2025-11-29T15:25:59.600000,2025-12-01,2025-12-01T09:15:00,aligned,
35c1fe7b-eaf8-475f-b5cb-14fcd6518e3c,HDFCBANK,2025-11-28T20:39:21.22,2025-11-28T20:39:21.22,2025-11-28T20:39:21.220000,DissemDT,2025-11-28T20:39:21.220000,2025-12-01,2025-12-01T09:15:00,aligned,
02f1902e-aa01-43ea-8dad-a9f4f36d313c,HDFCBANK,2025-11-28T18:55:20.127,2025-11-28T18:55:20.127,2025-11-28T18:55:20.127000,DissemDT,2025-11-28T18:55:20.127000,2025-12-01,2025-12-01T09:15:00,aligned,
a935db1e-8957-4114-b18c-80f3a46a4e09,HDFCBANK,2025-11-28T18:53:05.98,2025-11-28T18:53:05.98,2025-11-28T18:53:05.980000,DissemDT,2025-11-28T18:53:05.980000,2025-12-01,2025-12-01T09:15:00,aligned,
a0bfb0ae-f43d-40f6-a650-ac97bc8c01ac,RVNL,2025-11-28T18:47:58.21,2025-11-28T18:47:58.21,2025-11-28T18:47:58.210000,DissemDT,2025-11-28T18:47:58.210000,2025-12-01,2025-12-01T09:15:00,aligned,
8bfe5e84-a014-4c45-82a0-f01c8ef3953f,RELIANCE,2025-11-28T08:58:27.067,2025-11-28T08:58:27.067,2025-11-28T08:58:27.067000,DissemDT,2025-11-28T08:58:27.067000,2025-11-28,2025-11-28T09:15:00,aligned,
d96aab33-2b70-4da1-9b2f-39b531b6ec0b,NYKAA,2025-11-27T18:50:17.667,2025-11-27T18:50:17.667,2025-11-27T18:50:17.667000,DissemDT,2025-11-27T18:50:17.667000,2025-11-28,2025-11-28T09:15:00,aligned,
47ba9c07-2a2f-4de9-8ac1-479527845129,RVNL,2025-11-27T17:22:56.88,2025-11-27T17:22:56.88,2025-11-27T17:22:56.880000,DissemDT,2025-11-27T17:22:56.880000,2025-11-28,2025-11-28T09:15:00,aligned,
2b40810a-770e-4024-ac8d-48482ac6ff00,HDFCBANK,2025-11-27T14:24:11.043,2025-11-27T14:24:11.043,2025-11-27T14:24:11.043000,DissemDT,2025-11-27T14:24:11.043000,2025-11-27,2025-11-27T14:25:00,aligned,
22414322-2ece-4e8b-96e8-8219daa7f441,NYKAA,2025-11-26T17:06:27.66,2025-11-26T17:06:27.66,2025-11-26T17:06:27.660000,DissemDT,2025-11-26T17:06:27.660000,2025-11-27,2025-11-27T09:15:00,aligned,
6d7ba753-7e32-44b9-9862-0e910ee0bbed,NYKAA,2025-11-26T15:07:53.957,2025-11-26T15:07:53.957,2025-11-26T15:07:53.957000,DissemDT,2025-11-26T15:07:53.957000,2025-11-26,2025-11-26T15:08:00,aligned,
e9a3f21e-fb6c-4501-a34e-322f35f92e15,HDFCBANK,2025-11-25T16:02:14.897,2025-11-25T16:02:14.897,2025-11-25T16:02:14.897000,DissemDT,2025-11-25T16:02:14.897000,2025-11-26,2025-11-26T09:15:00,aligned,
0f6a92ed-cbcc-471f-bf62-73de775ab97a,HAL,2025-11-24T14:40:00.87,2025-11-24T14:40:00.87,2025-11-24T14:40:00.870000,DissemDT,2025-11-24T14:40:00.870000,2025-11-24,2025-11-24T14:41:00,aligned,
5195e6a8-f8db-4eeb-8a1e-2d31d07d15cf,HAL,2025-11-24T12:15:46.183,2025-11-24T12:15:46.183,2025-11-24T12:15:46.183000,DissemDT,2025-11-24T12:15:46.183000,2025-11-24,2025-11-24T12:16:00,aligned,
8b8d9dc4-a326-4b27-b469-36ee28e2fd17,HAL,2025-11-24T12:14:54.193,2025-11-24T12:14:54.193,2025-11-24T12:14:54.193000,DissemDT,2025-11-24T12:14:54.193000,2025-11-24,2025-11-24T12:15:00,aligned,
c25cd97c-ff83-4ec7-8378-9665bca3a940,RELIANCE,2025-11-21T19:25:16.037,2025-11-21T19:25:16.037,2025-11-21T19:25:16.037000,DissemDT,2025-11-21T19:25:16.037000,2025-11-24,2025-11-24T09:15:00,aligned,
98ab882e-27f2-4b97-9d83-98a7d9ea5d29,RVNL,2025-11-21T17:34:02.05,2025-11-21T17:34:02.05,2025-11-21T17:34:02.050000,DissemDT,2025-11-21T17:34:02.050000,2025-11-24,2025-11-24T09:15:00,aligned,
3dcd49eb-a23c-4911-bb2d-d101da95655e,HDFCBANK,2025-11-21T16:34:26.087,2025-11-21T16:34:26.087,2025-11-21T16:34:26.087000,DissemDT,2025-11-21T16:34:26.087000,2025-11-24,2025-11-24T09:15:00,aligned,
2150e461-b2ba-449f-ac8a-e208e0f46918,RELIANCE,2025-11-20T19:23:14.26,2025-11-20T19:23:14.26,2025-11-20T19:23:14.260000,DissemDT,2025-11-20T19:23:14.260000,2025-11-21,2025-11-21T09:15:00,aligned,
a716cf2b-546d-4fe3-adce-549a9cbf0343,RELIANCE,2025-11-18T19:09:52.37,2025-11-18T19:09:52.37,2025-11-18T19:09:52.370000,DissemDT,2025-11-18T19:09:52.370000,2025-11-19,2025-11-19T09:15:00,aligned,
32eca8c9-0e88-47ea-b0e8-39fd8f1d15f6,HDFCBANK,2025-11-18T15:26:01.98,2025-11-18T15:26:01.98,2025-11-18T15:26:01.980000,DissemDT,2025-11-18T15:26:01.980000,2025-11-18,2025-11-18T15:27:00,aligned,
1b7d4485-2da5-49f8-9563-61b79eba8b9f,RELIANCE,2025-11-17T19:51:48.187,2025-11-17T19:51:48.187,2025-11-17T19:51:48.187000,DissemDT,2025-11-17T19:51:48.187000,2025-11-18,2025-11-18T09:15:00,aligned,
d98cfc1d-f8fc-4539-8545-ee8d9903d4a7,RVNL,2025-11-17T16:59:31.253,2025-11-17T16:59:31.253,2025-11-17T16:59:31.253000,DissemDT,2025-11-17T16:59:31.253000,2025-11-18,2025-11-18T09:15:00,aligned,
460721ea-ac6c-4a47-8b68-6204534a3017,NYKAA,2025-11-15T22:45:56.08,2025-11-15T22:45:56.08,2025-11-15T22:45:56.080000,DissemDT,2025-11-15T22:45:56.080000,2025-11-17,2025-11-17T09:15:00,aligned,
372d4673-9862-4f22-939f-c9c47180010f,RELIANCE,2025-11-14T18:09:13.51,2025-11-14T18:09:13.51,2025-11-14T18:09:13.510000,DissemDT,2025-11-14T18:09:13.510000,2025-11-17,2025-11-17T09:15:00,aligned,
ed1f7dc4-f3e2-423e-933b-707fe605fba6,HDFCBANK,2025-11-14T16:50:15.42,2025-11-14T16:50:15.42,2025-11-14T16:50:15.420000,DissemDT,2025-11-14T16:50:15.420000,2025-11-17,2025-11-17T09:15:00,aligned,
da3bf838-15d7-46fc-99a3-acf92cfb33a6,RELIANCE,2025-11-13T21:40:52.05,2025-11-13T21:40:52.05,2025-11-13T21:40:52.050000,DissemDT,2025-11-13T21:40:52.050000,2025-11-14,2025-11-14T09:15:00,aligned,
21c6e8ba-72c0-4633-8359-8072f063a3ee,RELIANCE,2025-11-12T18:55:25.627,2025-11-12T18:55:25.627,2025-11-12T18:55:25.627000,DissemDT,2025-11-12T18:55:25.627000,2025-11-13,2025-11-13T09:15:00,aligned,
7dd2ce04-16ea-4eb9-b99a-779e82f04e02,RELIANCE,2025-11-12T18:50:34.68,2025-11-12T18:50:34.68,2025-11-12T18:50:34.680000,DissemDT,2025-11-12T18:50:34.680000,2025-11-13,2025-11-13T09:15:00,aligned,
ca951366-3f97-4ed8-b7b4-e83270de79bd,NYKAA,2025-11-12T18:49:06.577,2025-11-12T18:49:06.577,2025-11-12T18:49:06.577000,DissemDT,2025-11-12T18:49:06.577000,2025-11-13,2025-11-13T09:15:00,aligned,
10caffd0-71b2-45ac-916a-bd6cf069e579,RVNL,2025-11-12T18:40:18.843,2025-11-12T18:40:18.843,2025-11-12T18:40:18.843000,DissemDT,2025-11-12T18:40:18.843000,2025-11-13,2025-11-13T09:15:00,aligned,
074483ed-7e0b-41ee-b275-4c9d6fa747f4,HAL,2025-11-12T14:25:04.373,2025-11-12T14:25:04.373,2025-11-12T14:25:04.373000,DissemDT,2025-11-12T14:25:04.373000,2025-11-12,2025-11-12T14:26:00,aligned,
74961ce4-0c1b-4911-945e-822cc5e2ad79,RVNL,2025-11-11T20:46:23.95,2025-11-11T20:46:23.95,2025-11-11T20:46:23.950000,DissemDT,2025-11-11T20:46:23.950000,2025-11-12,2025-11-12T09:15:00,aligned,
57aaac55-e4bb-4d70-84ab-d53b789f19aa,HDFCBANK,2025-11-11T19:46:10.31,2025-11-11T19:46:10.31,2025-11-11T19:46:10.310000,DissemDT,2025-11-11T19:46:10.310000,2025-11-12,2025-11-12T09:15:00,aligned,
8dfb8967-d8c3-46ca-9368-2eb49ae4d456,RVNL,2025-11-11T19:39:31.59,2025-11-11T19:39:31.59,2025-11-11T19:39:31.590000,DissemDT,2025-11-11T19:39:31.590000,2025-11-12,2025-11-12T09:15:00,aligned,
5138ed0a-c4d0-477a-bf6e-ebbbcc3dd17a,RVNL,2025-11-11T19:28:05.45,2025-11-11T19:28:05.45,2025-11-11T19:28:05.450000,DissemDT,2025-11-11T19:28:05.450000,2025-11-12,2025-11-12T09:15:00,aligned,
8e076eaa-5046-4acc-86e4-5572c419f5d5,RVNL,2025-11-11T19:20:09.007,2025-11-11T19:20:09.007,2025-11-11T19:20:09.007000,DissemDT,2025-11-11T19:20:09.007000,2025-11-12,2025-11-12T09:15:00,aligned,
e6f67c63-06eb-4103-8da7-02c4ffd1303a,NYKAA,2025-11-11T11:51:29.343,2025-11-11T11:51:29.343,2025-11-11T11:51:29.343000,DissemDT,2025-11-11T11:51:29.343000,2025-11-11,2025-11-11T11:52:00,aligned,
2de552fc-43aa-4063-a977-b8829b9c095b,RVNL,2025-11-10T19:18:46.193,2025-11-10T19:18:46.193,2025-11-10T19:18:46.193000,DissemDT,2025-11-10T19:18:46.193000,2025-11-11,2025-11-11T09:15:00,aligned,
fb2b0aa1-ebfd-480d-b92d-2dac06e9d3e4,NYKAA,2025-11-10T12:11:49.307,2025-11-10T12:11:49.307,2025-11-10T12:11:49.307000,DissemDT,2025-11-10T12:11:49.307000,2025-11-10,2025-11-10T12:12:00,aligned,
9b99df4f-d7ce-47ad-ad94-0f3490138c0e,RELIANCE,2025-11-08T17:07:13.02,2025-11-08T17:07:13.02,2025-11-08T17:07:13.020000,DissemDT,2025-11-08T17:07:13.020000,2025-11-10,2025-11-10T09:15:00,aligned,
a293b54c-79cf-4a74-bf6d-a154e570165b,NYKAA,2025-11-07T21:51:48.573,2025-11-07T21:51:48.573,2025-11-07T21:51:48.573000,DissemDT,2025-11-07T21:51:48.573000,2025-11-10,2025-11-10T09:15:00,aligned,
4bdb5bf2-45a6-4197-a280-d901b50e0294,NYKAA,2025-11-07T21:17:46.25,2025-11-07T21:17:46.25,2025-11-07T21:17:46.250000,DissemDT,2025-11-07T21:17:46.250000,2025-11-10,2025-11-10T09:15:00,aligned,
edcba3d9-d5c5-4583-8033-4346c50f9518,HAL,2025-11-07T17:37:17.243,2025-11-07T17:37:17.243,2025-11-07T17:37:17.243000,DissemDT,2025-11-07T17:37:17.243000,2025-11-10,2025-11-10T09:15:00,aligned,
db8cd278-6fdb-4598-854c-bda119950792,NYKAA,2025-11-07T17:01:54.637,2025-11-07T17:01:54.637,2025-11-07T17:01:54.637000,DissemDT,2025-11-07T17:01:54.637000,2025-11-10,2025-11-10T09:15:00,aligned,
1972e222-4efc-4c3a-8a26-b64b288f17ee,RVNL,2025-11-07T16:49:32.82,2025-11-07T16:49:32.82,2025-11-07T16:49:32.820000,DissemDT,2025-11-07T16:49:32.820000,2025-11-10,2025-11-10T09:15:00,aligned,
e10aa140-b115-48b6-8680-60f1008c9c29,NYKAA,2025-11-07T16:35:25.88,2025-11-07T16:35:25.88,2025-11-07T16:35:25.880000,DissemDT,2025-11-07T16:35:25.880000,2025-11-10,2025-11-10T09:15:00,aligned,
18679eae-f9dd-4036-a61a-fe477968d908,NYKAA,2025-11-07T16:19:27.61,2025-11-07T16:19:27.61,2025-11-07T16:19:27.610000,DissemDT,2025-11-07T16:19:27.610000,2025-11-10,2025-11-10T09:15:00,aligned,
f299aa82-c812-464a-a8cb-d3b3caaba42a,NYKAA,2025-11-07T16:14:08.99,2025-11-07T16:14:08.99,2025-11-07T16:14:08.990000,DissemDT,2025-11-07T16:14:08.990000,2025-11-10,2025-11-10T09:15:00,aligned,
5b3e57f6-a818-4d84-8596-922a5521aa81,NYKAA,2025-11-07T16:00:14.757,2025-11-07T16:00:14.757,2025-11-07T16:00:14.757000,DissemDT,2025-11-07T16:00:14.757000,2025-11-10,2025-11-10T09:15:00,aligned,
a610088c-809b-491f-95be-0b5c3258e998,HDFCBANK,2025-11-06T18:38:12.87,2025-11-06T18:38:12.87,2025-11-06T18:38:12.870000,DissemDT,2025-11-06T18:38:12.870000,2025-11-07,2025-11-07T09:15:00,aligned,
538b10cd-c217-41c7-b2eb-a045338c53ba,RVNL,2025-11-06T17:42:27.72,2025-11-06T17:42:27.72,2025-11-06T17:42:27.720000,DissemDT,2025-11-06T17:42:27.720000,2025-11-07,2025-11-07T09:15:00,aligned,
c01f2838-33c1-4d71-b075-dea64da72405,HAL,2025-11-04T14:54:31.273,2025-11-04T14:54:31.273,2025-11-04T14:54:31.273000,DissemDT,2025-11-04T14:54:31.273000,2025-11-04,2025-11-04T14:55:00,aligned,
6236aa16-8220-4d22-bbb9-c70be2504c65,RELIANCE,2025-10-31T21:12:08.343,2025-10-31T21:12:08.343,2025-10-31T21:12:08.343000,DissemDT,2025-10-31T21:12:08.343000,2025-11-03,2025-11-03T09:15:00,aligned,
3e32bc59-ff8c-46f3-9ebb-36bde5caf7f9,RELIANCE,2025-10-30T23:37:13.607,2025-10-30T23:37:13.607,2025-10-30T23:37:13.607000,DissemDT,2025-10-30T23:37:13.607000,2025-10-31,2025-10-31T09:15:00,aligned,
60a3432f-4024-4a3b-b788-6260836fc788,RELIANCE,2025-10-30T17:04:19.003,2025-10-30T17:04:19.003,2025-10-30T17:04:19.003000,DissemDT,2025-10-30T17:04:19.003000,2025-10-31,2025-10-31T09:15:00,aligned,
2e515d46-d233-42e2-a29b-c0a36de82bda,RELIANCE,2025-10-30T16:17:51.23,2025-10-30T16:17:51.23,2025-10-30T16:17:51.230000,DissemDT,2025-10-30T16:17:51.230000,2025-10-31,2025-10-31T09:15:00,aligned,
eb277599-8125-4f52-a521-f3c2626abe4a,HDFCBANK,2025-10-30T11:17:13.033,2025-10-30T11:17:13.033,2025-10-30T11:17:13.033000,DissemDT,2025-10-30T11:17:13.033000,2025-10-30,2025-10-30T11:18:00,aligned,
9e513703-a8fa-409d-941c-f32b47cb73cf,NYKAA,2025-10-28T20:02:20.07,2025-10-28T20:02:20.07,2025-10-28T20:02:20.070000,DissemDT,2025-10-28T20:02:20.070000,2025-10-29,2025-10-29T09:15:00,aligned,
575bf2de-87a3-4c21-afcc-7a35744653d5,RVNL,2025-10-28T18:00:56.95,2025-10-28T18:00:56.95,2025-10-28T18:00:56.950000,DissemDT,2025-10-28T18:00:56.950000,2025-10-29,2025-10-29T09:15:00,aligned,
f2da0edf-e915-4e47-bb8e-47fb20b6037a,NYKAA,2025-10-28T17:45:28.103,2025-10-28T17:45:28.103,2025-10-28T17:45:28.103000,DissemDT,2025-10-28T17:45:28.103000,2025-10-29,2025-10-29T09:15:00,aligned,
e8b0673a-436e-4e01-b336-beddcb12d9ac,HDFCBANK,2025-10-28T16:53:52.95,2025-10-28T16:53:52.95,2025-10-28T16:53:52.950000,DissemDT,2025-10-28T16:53:52.950000,2025-10-29,2025-10-29T09:15:00,aligned,
0a0eda04-f400-4014-aad5-caac72e0b2ed,HDFCBANK,2025-10-28T15:46:50.35,2025-10-28T15:46:50.35,2025-10-28T15:46:50.350000,DissemDT,2025-10-28T15:46:50.350000,2025-10-29,2025-10-29T09:15:00,aligned,
2fa7ccc3-d5e4-4f30-b100-0a52c3700478,HAL,2025-10-28T11:15:18.087,2025-10-28T11:15:18.087,2025-10-28T11:15:18.087000,DissemDT,2025-10-28T11:15:18.087000,2025-10-28,2025-10-28T11:16:00,aligned,
81443521-8f92-4e8b-9d43-60cebad2ccca,HDFCBANK,2025-10-27T18:52:21.09,2025-10-27T18:52:21.09,2025-10-27T18:52:21.090000,DissemDT,2025-10-27T18:52:21.090000,2025-10-28,2025-10-28T09:15:00,aligned,
987db1b4-f19f-4a57-96d5-971ba720de91,RVNL,2025-10-27T17:08:19.683,2025-10-27T17:08:19.683,2025-10-27T17:08:19.683000,DissemDT,2025-10-27T17:08:19.683000,2025-10-28,2025-10-28T09:15:00,aligned,
f301285b-29be-4c4d-b806-be5d6b7126f4,RELIANCE,2025-10-25T11:52:00.667,2025-10-25T11:52:00.667,2025-10-25T11:52:00.667000,DissemDT,2025-10-25T11:52:00.667000,2025-10-27,2025-10-27T09:15:00,aligned,
b353f438-8942-4701-8d92-f2805970c5ce,RELIANCE,2025-10-24T21:04:05.227,2025-10-24T21:04:05.227,2025-10-24T21:04:05.227000,DissemDT,2025-10-24T21:04:05.227000,2025-10-27,2025-10-27T09:15:00,aligned,
7af0f246-2dc6-4968-9a96-088395f367fb,RELIANCE,2025-10-19T22:53:04.41,2025-10-19T22:53:04.41,2025-10-19T22:53:04.410000,DissemDT,2025-10-19T22:53:04.410000,2025-10-20,2025-10-20T09:15:00,aligned,
136ca99d-77c4-4040-938c-b6c0ee7a76ac,HDFCBANK,2025-10-18T22:09:50.593,2025-10-18T22:09:50.593,2025-10-18T22:09:50.593000,DissemDT,2025-10-18T22:09:50.593000,2025-10-20,2025-10-20T09:15:00,aligned,
63c58969-4607-4e19-817a-55d0e2e9f544,NYKAA,2025-10-18T17:38:29.49,2025-10-18T17:38:29.49,2025-10-18T17:38:29.490000,DissemDT,2025-10-18T17:38:29.490000,2025-10-20,2025-10-20T09:15:00,aligned,
e0e91022-b743-4fb7-b9b6-951c694c0059,HDFCBANK,2025-10-18T15:47:43.62,2025-10-18T15:47:43.62,2025-10-18T15:47:43.620000,DissemDT,2025-10-18T15:47:43.620000,2025-10-20,2025-10-20T09:15:00,aligned,
3bbf1c43-ebbb-4f11-8eed-6178dd35f832,HDFCBANK,2025-10-18T14:06:08.133,2025-10-18T14:06:08.133,2025-10-18T14:06:08.133000,DissemDT,2025-10-18T14:06:08.133000,2025-10-20,2025-10-20T09:15:00,aligned,
36e77a60-37bb-4f3f-842e-87d5d5ae63ba,RELIANCE,2025-10-18T12:06:41.11,2025-10-18T12:06:41.11,2025-10-18T12:06:41.110000,DissemDT,2025-10-18T12:06:41.110000,2025-10-20,2025-10-20T09:15:00,aligned,
ff6f5b34-4915-4b3e-b103-691655361af6,RELIANCE,2025-10-17T19:25:38.217,2025-10-17T19:25:38.217,2025-10-17T19:25:38.217000,DissemDT,2025-10-17T19:25:38.217000,2025-10-20,2025-10-20T09:15:00,aligned,
86d876c5-2ffb-49f8-be6b-62300a8b4517,RELIANCE,2025-10-17T19:24:46.563,2025-10-17T19:24:46.563,2025-10-17T19:24:46.563000,DissemDT,2025-10-17T19:24:46.563000,2025-10-20,2025-10-20T09:15:00,aligned,
aab5bf82-60cf-4a43-9fc7-bfa5b641431c,RVNL,2025-10-17T19:20:09.303,2025-10-17T19:20:09.303,2025-10-17T19:20:09.303000,DissemDT,2025-10-17T19:20:09.303000,2025-10-20,2025-10-20T09:15:00,aligned,
915fb87f-9c6f-4db9-ab87-30bcaf24de63,RELIANCE,2025-10-17T19:08:35.88,2025-10-17T19:08:35.88,2025-10-17T19:08:35.880000,DissemDT,2025-10-17T19:08:35.880000,2025-10-20,2025-10-20T09:15:00,aligned,
d738270b-ad3a-4e80-a5d5-3ece78a98980,RELIANCE,2025-10-17T19:05:09.627,2025-10-17T19:05:09.627,2025-10-17T19:05:09.627000,DissemDT,2025-10-17T19:05:09.627000,2025-10-20,2025-10-20T09:15:00,aligned,
8fdc7c75-ff59-4ced-a580-1c780740fead,RELIANCE,2025-10-17T19:00:55.18,2025-10-17T19:00:55.18,2025-10-17T19:00:55.180000,DissemDT,2025-10-17T19:00:55.180000,2025-10-20,2025-10-20T09:15:00,aligned,
590bc0a7-dd78-4be5-9736-653175bbd650,HAL,2025-10-17T17:10:24.617,2025-10-17T17:10:24.617,2025-10-17T17:10:24.617000,DissemDT,2025-10-17T17:10:24.617000,2025-10-20,2025-10-20T09:15:00,aligned,
e73ce735-cdfd-4620-b98e-3b5a34b3ead1,HDFCBANK,2025-10-17T14:32:04.55,2025-10-17T14:32:04.55,2025-10-17T14:32:04.550000,DissemDT,2025-10-17T14:32:04.550000,2025-10-17,2025-10-17T14:33:00,aligned,
76fd211a-9b28-4d1a-8289-d5bdc55cdcac,RVNL,2025-10-14T16:11:39.637,2025-10-14T16:11:39.637,2025-10-14T16:11:39.637000,DissemDT,2025-10-14T16:11:39.637000,2025-10-15,2025-10-15T09:15:00,aligned,
96b39c25-0fe1-445d-9947-0c6dfd1d8315,HDFCBANK,2025-10-13T16:08:26.1,2025-10-13T16:08:26.1,2025-10-13T16:08:26.100000,DissemDT,2025-10-13T16:08:26.100000,2025-10-14,2025-10-14T09:15:00,aligned,
95037d4e-c908-4f25-90fe-1f5298fff667,HDFCBANK,2025-10-10T23:03:08.75,2025-10-10T23:03:08.75,2025-10-10T23:03:08.750000,DissemDT,2025-10-10T23:03:08.750000,2025-10-13,2025-10-13T09:15:00,aligned,
5c2ef8d6-0458-424c-bd77-e1f496e1dc0f,RELIANCE,2025-10-10T18:43:13.397,2025-10-10T18:43:13.397,2025-10-10T18:43:13.397000,DissemDT,2025-10-10T18:43:13.397000,2025-10-13,2025-10-13T09:15:00,aligned,
0ef16221-db3c-4f9c-b658-db54e8c71bb2,RELIANCE,2025-10-09T19:09:49.187,2025-10-09T19:09:49.187,2025-10-09T19:09:49.187000,DissemDT,2025-10-09T19:09:49.187000,2025-10-10,2025-10-10T09:15:00,aligned,
964dfb1a-9802-4831-9435-eb24bb7d7892,RELIANCE,2025-10-09T19:00:35.763,2025-10-09T19:00:35.763,2025-10-09T19:00:35.763000,DissemDT,2025-10-09T19:00:35.763000,2025-10-10,2025-10-10T09:15:00,aligned,
40c92361-1e36-4548-85f0-652b403c9624,NYKAA,2025-10-09T18:53:55.337,2025-10-09T18:53:55.337,2025-10-09T18:53:55.337000,DissemDT,2025-10-09T18:53:55.337000,2025-10-10,2025-10-10T09:15:00,aligned,
a30d312c-b9bf-43cf-b2e0-32d144bc22fb,HAL,2025-10-08T09:49:35.583,2025-10-08T09:49:35.583,2025-10-08T09:49:35.583000,DissemDT,2025-10-08T09:49:35.583000,2025-10-08,2025-10-08T09:50:00,aligned,
ca6c2345-81c4-42ca-b2bd-04481a56648d,NYKAA,2025-10-05T21:15:20.55,2025-10-05T21:15:20.55,2025-10-05T21:15:20.550000,DissemDT,2025-10-05T21:15:20.550000,2025-10-06,2025-10-06T09:15:00,aligned,
10845ab8-8f4f-444f-bbf4-49e394fd96ae,HDFCBANK,2025-10-04T09:34:18.54,2025-10-04T09:34:18.54,2025-10-04T09:34:18.540000,DissemDT,2025-10-04T09:34:18.540000,2025-10-06,2025-10-06T09:15:00,aligned,
9f319d17-5869-4b90-bd81-89bb072892ba,RVNL,2025-10-03T13:37:24.813,2025-10-03T13:37:24.813,2025-10-03T13:37:24.813000,DissemDT,2025-10-03T13:37:24.813000,2025-10-03,2025-10-03T13:38:00,aligned,
54b0596a-56a1-438a-b8a1-b2ec7caeea22,HDFCBANK,2025-10-01T19:29:40.993,2025-10-01T19:29:40.993,2025-10-01T19:29:40.993000,DissemDT,2025-10-01T19:29:40.993000,2025-10-03,2025-10-03T09:15:00,aligned,
1e1b3e4a-c682-495f-bd21-ce7400e11dcf,RVNL,2025-10-01T18:41:55.51,2025-10-01T18:41:55.51,2025-10-01T18:41:55.510000,DissemDT,2025-10-01T18:41:55.510000,2025-10-03,2025-10-03T09:15:00,aligned,
81a8652f-3668-4e8b-a9fc-80b842cb016b,HDFCBANK,2025-09-30T18:49:51.233,2025-09-30T18:49:51.233,2025-09-30T18:49:51.233000,DissemDT,2025-09-30T18:49:51.233000,2025-10-01,2025-10-01T09:15:00,aligned,
ff10dea4-4c91-41e1-a129-8869930a8c7f,RELIANCE,2025-09-30T16:26:14.547,2025-09-30T16:26:14.547,2025-09-30T16:26:14.547000,DissemDT,2025-09-30T16:26:14.547000,2025-10-01,2025-10-01T09:15:00,aligned,
8f78d8b0-dec2-41c9-879b-68c17abaea34,HDFCBANK,2025-09-30T15:54:25.31,2025-09-30T15:54:25.31,2025-09-30T15:54:25.310000,DissemDT,2025-09-30T15:54:25.310000,2025-10-01,2025-10-01T09:15:00,aligned,
1cd20e72-8b57-4868-be4f-a6587063e498,HDFCBANK,2025-09-26T21:31:46.447,2025-09-26T21:31:46.447,2025-09-26T21:31:46.447000,DissemDT,2025-09-26T21:31:46.447000,2025-09-29,2025-09-29T09:15:00,aligned,
efb801e3-6588-44ae-850e-8318ab6e508d,HAL,2025-09-26T15:01:13.35,2025-09-26T15:01:13.347,2025-09-26T15:01:13.350000,DissemDT,2025-09-26T15:01:13.350000,2025-09-26,2025-09-26T15:02:00,aligned,
1c509b77-1864-4095-b936-1faaf40b416d,HAL,2025-09-25T19:27:51.217,2025-09-25T19:27:51.217,2025-09-25T19:27:51.217000,DissemDT,2025-09-25T19:27:51.217000,2025-09-26,2025-09-26T09:15:00,aligned,
cfac62b7-2205-4042-a320-78f6bcfb8001,RVNL,2025-09-25T17:01:58.55,2025-09-25T17:01:58.55,2025-09-25T17:01:58.550000,DissemDT,2025-09-25T17:01:58.550000,2025-09-26,2025-09-26T09:15:00,aligned,
256680b6-d70b-4e32-b49b-072c1c00bfbe,HAL,2025-09-25T15:54:56.56,2025-09-25T15:54:56.56,2025-09-25T15:54:56.560000,DissemDT,2025-09-25T15:54:56.560000,2025-09-26,2025-09-26T09:15:00,aligned,
7eb2f214-ada3-4f40-bc5c-5d7399ecbf47,NYKAA,2025-09-25T12:06:45.107,2025-09-25T12:06:45.107,2025-09-25T12:06:45.107000,DissemDT,2025-09-25T12:06:45.107000,2025-09-25,2025-09-25T12:07:00,aligned,
49ab7175-1b27-4f51-b154-77e326d99c43,NYKAA,2025-09-24T19:59:27.413,2025-09-24T19:59:27.413,2025-09-24T19:59:27.413000,DissemDT,2025-09-24T19:59:27.413000,2025-09-25,2025-09-25T09:15:00,aligned,
9f0942ed-53a0-4670-b961-29df9b205379,RELIANCE,2025-09-23T19:27:08.243,2025-09-23T19:27:08.243,2025-09-23T19:27:08.243000,DissemDT,2025-09-23T19:27:08.243000,2025-09-24,2025-09-24T09:15:00,aligned,
8862b234-5480-4426-8d81-4ee2741e33c6,HDFCBANK,2025-09-23T16:37:04.67,2025-09-23T16:37:04.67,2025-09-23T16:37:04.670000,DissemDT,2025-09-23T16:37:04.670000,2025-09-24,2025-09-24T09:15:00,aligned,
911d7530-2541-4f42-803f-171a5d211bed,HDFCBANK,2025-09-23T12:39:09.467,2025-09-23T12:39:09.467,2025-09-23T12:39:09.467000,DissemDT,2025-09-23T12:39:09.467000,2025-09-23,2025-09-23T12:40:00,aligned,
d2db2e60-0917-43d5-abad-8113e3d694ca,RELIANCE,2025-09-22T19:57:22.057,2025-09-22T19:57:22.057,2025-09-22T19:57:22.057000,DissemDT,2025-09-22T19:57:22.057000,2025-09-23,2025-09-23T09:15:00,aligned,
98a1a500-56b9-48ec-87c6-152dd763b2f3,NYKAA,2025-09-22T18:32:17.46,2025-09-22T18:32:17.46,2025-09-22T18:32:17.460000,DissemDT,2025-09-22T18:32:17.460000,2025-09-23,2025-09-23T09:15:00,aligned,
78c8451b-b8e0-4303-a482-771e5f54c285,RVNL,2025-09-22T18:08:36.143,2025-09-22T18:08:36.143,2025-09-22T18:08:36.143000,DissemDT,2025-09-22T18:08:36.143000,2025-09-23,2025-09-23T09:15:00,aligned,
672f4ebf-2b72-423b-afce-533731dd47dc,HDFCBANK,2025-09-18T22:54:55.23,2025-09-18T22:54:55.23,2025-09-18T22:54:55.230000,DissemDT,2025-09-18T22:54:55.230000,2025-09-19,2025-09-19T09:15:00,aligned,
cbb53a84-6074-420c-8fc8-b217d3d6ec73,RELIANCE,2025-09-18T18:46:03.15,2025-09-18T18:46:03.15,2025-09-18T18:46:03.150000,DissemDT,2025-09-18T18:46:03.150000,2025-09-19,2025-09-19T09:15:00,aligned,
55f6ea8e-6c5c-437e-8dbf-e4a77dec9ea4,RELIANCE,2025-09-18T16:50:18.06,2025-09-18T16:50:18.06,2025-09-18T16:50:18.060000,DissemDT,2025-09-18T16:50:18.060000,2025-09-19,2025-09-19T09:15:00,aligned,
6c17a541-ac96-44c6-a23d-207f32490f6b,RELIANCE,2025-09-16T19:46:38.587,2025-09-16T19:46:38.587,2025-09-16T19:46:38.587000,DissemDT,2025-09-16T19:46:38.587000,2025-09-17,2025-09-17T09:15:00,aligned,
fa02727b-6372-4e7a-b344-4c912d183c92,HDFCBANK,2025-09-16T17:12:00.937,2025-09-16T17:12:00.937,2025-09-16T17:12:00.937000,DissemDT,2025-09-16T17:12:00.937000,2025-09-17,2025-09-17T09:15:00,aligned,
f3e69aa3-faf5-4327-bf22-008dcdd82ee6,HDFCBANK,2025-09-15T17:29:46.657,2025-09-15T17:29:46.657,2025-09-15T17:29:46.657000,DissemDT,2025-09-15T17:29:46.657000,2025-09-16,2025-09-16T09:15:00,aligned,
8dab8309-931c-402a-ac68-a6b5c86133ff,NYKAA,2025-09-12T18:48:22.773,2025-09-12T18:48:22.773,2025-09-12T18:48:22.773000,DissemDT,2025-09-12T18:48:22.773000,2025-09-15,2025-09-15T09:15:00,aligned,
a6f07680-925b-47bc-b615-1545c29ed0f7,HAL,2025-09-12T13:27:18.543,2025-09-12T13:27:18.543,2025-09-12T13:27:18.543000,DissemDT,2025-09-12T13:27:18.543000,2025-09-12,2025-09-12T13:28:00,aligned,
4199e3d2-a6cc-4b2e-acef-d4ba882636fa,RELIANCE,2025-09-11T18:46:14.04,2025-09-11T18:46:14.04,2025-09-11T18:46:14.040000,DissemDT,2025-09-11T18:46:14.040000,2025-09-12,2025-09-12T09:15:00,aligned,
5c23f0e1-3be3-4260-af94-fed0659d7f6c,NYKAA,2025-09-11T17:41:50.413,2025-09-11T17:41:50.413,2025-09-11T17:41:50.413000,DissemDT,2025-09-11T17:41:50.413000,2025-09-12,2025-09-12T09:15:00,aligned,
dee22636-8b84-4c87-9ce8-6d98d30d2319,HDFCBANK,2025-09-11T17:12:04.337,2025-09-11T17:12:04.337,2025-09-11T17:12:04.337000,DissemDT,2025-09-11T17:12:04.337000,2025-09-12,2025-09-12T09:15:00,aligned,
f25911fc-f6ff-4371-878d-b8d79dfea4a6,RVNL,2025-09-10T18:38:57.63,2025-09-10T18:38:57.63,2025-09-10T18:38:57.630000,DissemDT,2025-09-10T18:38:57.630000,2025-09-11,2025-09-11T09:15:00,aligned,
4c6ef299-c5b8-43fb-a3de-49fe00116e91,RELIANCE,2025-09-10T15:33:55.243,2025-09-10T15:33:55.243,2025-09-10T15:33:55.243000,DissemDT,2025-09-10T15:33:55.243000,2025-09-11,2025-09-11T09:15:00,aligned,
d7e5b42d-f392-48e7-8729-da6ddcc5c2b9,HAL,2025-09-10T10:50:48.617,2025-09-10T10:50:48.617,2025-09-10T10:50:48.617000,DissemDT,2025-09-10T10:50:48.617000,2025-09-10,2025-09-10T10:51:00,aligned,
a76bf3f7-d0d9-4a96-bfa4-41714d34b58d,RELIANCE,2025-09-09T20:06:33.203,2025-09-09T20:06:33.2,2025-09-09T20:06:33.203000,DissemDT,2025-09-09T20:06:33.203000,2025-09-10,2025-09-10T09:15:00,aligned,
edb29826-e655-40d5-abff-9b222581ee06,HAL,2025-09-09T17:45:33.86,2025-09-09T17:45:33.86,2025-09-09T17:45:33.860000,DissemDT,2025-09-09T17:45:33.860000,2025-09-10,2025-09-10T09:15:00,aligned,
1d2a60a2-c3d4-4361-b1f6-767d9b40a150,HDFCBANK,2025-09-09T16:31:54.297,2025-09-09T16:31:54.297,2025-09-09T16:31:54.297000,DissemDT,2025-09-09T16:31:54.297000,2025-09-10,2025-09-10T09:15:00,aligned,
4ff6b746-6296-472d-b97a-ee9af84c18f0,RVNL,2025-09-08T18:54:33.143,2025-09-08T18:54:33.143,2025-09-08T18:54:33.143000,DissemDT,2025-09-08T18:54:33.143000,2025-09-09,2025-09-09T09:15:00,aligned,
4fb630f0-9709-4ef9-8e70-e399d1469f81,RELIANCE,2025-09-05T19:23:16.02,2025-09-05T19:23:16.02,2025-09-05T19:23:16.020000,DissemDT,2025-09-05T19:23:16.020000,2025-09-08,2025-09-08T09:15:00,aligned,
24773269-275e-4274-afe8-3200fc4a78fa,RELIANCE,2025-09-04T20:31:12.77,2025-09-04T20:31:12.77,2025-09-04T20:31:12.770000,DissemDT,2025-09-04T20:31:12.770000,2025-09-05,2025-09-05T09:15:00,aligned,
27c450b3-8624-4a2c-b13e-2f7aa33072c0,RELIANCE,2025-09-03T18:56:14.74,2025-09-03T18:56:14.74,2025-09-03T18:56:14.740000,DissemDT,2025-09-03T18:56:14.740000,2025-09-04,2025-09-04T09:15:00,aligned,
d2b391b6-7eb2-437b-aedd-a2fc580ebfff,HDFCBANK,2025-09-03T16:24:15.227,2025-09-03T16:24:15.227,2025-09-03T16:24:15.227000,DissemDT,2025-09-03T16:24:15.227000,2025-09-04,2025-09-04T09:15:00,aligned,
8fadb73e-de2f-46b7-9685-3ada827972d6,RELIANCE,2025-09-02T18:56:25.82,2025-09-02T18:56:25.82,2025-09-02T18:56:25.820000,DissemDT,2025-09-02T18:56:25.820000,2025-09-03,2025-09-03T09:15:00,aligned,
2f059bef-d915-4ae9-91a1-696427127956,RELIANCE,2025-09-01T18:11:06.71,2025-09-01T18:11:06.71,2025-09-01T18:11:06.710000,DissemDT,2025-09-01T18:11:06.710000,2025-09-02,2025-09-02T09:15:00,aligned,
910530d2-b779-421c-9082-fced5e687a19,HDFCBANK,2025-09-01T17:46:13.55,2025-09-01T17:46:13.547,2025-09-01T17:46:13.550000,DissemDT,2025-09-01T17:46:13.550000,2025-09-02,2025-09-02T09:15:00,aligned,
4ba41e99-8feb-40ac-a440-6c1e473090f3,RVNL,2025-09-01T17:36:43.79,2025-09-01T17:36:43.79,2025-09-01T17:36:43.790000,DissemDT,2025-09-01T17:36:43.790000,2025-09-02,2025-09-02T09:15:00,aligned,
eb22f3fd-9ae9-40c1-9531-b467206f2413,HAL,2025-09-01T12:54:46.813,2025-09-01T12:54:46.813,2025-09-01T12:54:46.813000,DissemDT,2025-09-01T12:54:46.813000,2025-09-01,2025-09-01T12:55:00,aligned,
417676e6-1536-4a51-9ade-0a2a11ff6dc0,RVNL,2025-08-30T20:13:09.73,2025-08-30T20:13:09.73,2025-08-30T20:13:09.730000,DissemDT,2025-08-30T20:13:09.730000,2025-09-01,2025-09-01T09:15:00,aligned,
e1e9f18e-72b1-4cac-b0e8-36d451a413c4,RELIANCE,2025-08-30T16:26:03.97,2025-08-30T16:26:03.97,2025-08-30T16:26:03.970000,DissemDT,2025-08-30T16:26:03.970000,2025-09-01,2025-09-01T09:15:00,aligned,
472ffe55-f75c-498c-9dc1-a4e4328c1003,RELIANCE,2025-08-30T12:55:30.643,2025-08-30T12:55:30.643,2025-08-30T12:55:30.643000,DissemDT,2025-08-30T12:55:30.643000,2025-09-01,2025-09-01T09:15:00,aligned,
6810c7f0-733c-4635-96db-8f2175a3ae6a,RELIANCE,2025-08-30T12:31:54.74,2025-08-30T12:31:54.74,2025-08-30T12:31:54.740000,DissemDT,2025-08-30T12:31:54.740000,2025-09-01,2025-09-01T09:15:00,aligned,
ff1885cd-061e-4375-bbe6-125745a55ccc,RVNL,2025-08-29T20:09:33.277,2025-08-29T20:09:33.277,2025-08-29T20:09:33.277000,DissemDT,2025-08-29T20:09:33.277000,2025-09-01,2025-09-01T09:15:00,aligned,
e7b53c7e-6451-4c24-bdbd-e9431b0fb93b,RVNL,2025-08-29T20:06:58.07,2025-08-29T20:06:58.07,2025-08-29T20:06:58.070000,DissemDT,2025-08-29T20:06:58.070000,2025-09-01,2025-09-01T09:15:00,aligned,
f6650df8-afbf-4ecf-9301-cffc6604a0bd,RVNL,2025-08-29T20:04:50.063,2025-08-29T20:04:50.063,2025-08-29T20:04:50.063000,DissemDT,2025-08-29T20:04:50.063000,2025-09-01,2025-09-01T09:15:00,aligned,
5e79ff4c-5700-485d-8ac3-0696efaedfdc,HAL,2025-08-29T19:34:49.613,2025-08-29T19:34:49.613,2025-08-29T19:34:49.613000,DissemDT,2025-08-29T19:34:49.613000,2025-09-01,2025-09-01T09:15:00,aligned,
21378654-6568-44a0-9d47-46e3740d8645,HAL,2025-08-29T19:16:30.38,2025-08-29T19:16:30.38,2025-08-29T19:16:30.380000,DissemDT,2025-08-29T19:16:30.380000,2025-09-01,2025-09-01T09:15:00,aligned,
0ecf10d2-423a-4ff3-8463-b93108a8ce8c,RVNL,2025-08-29T19:05:36.957,2025-08-29T19:05:36.957,2025-08-29T19:05:36.957000,DissemDT,2025-08-29T19:05:36.957000,2025-09-01,2025-09-01T09:15:00,aligned,
3632b504-f524-4204-929a-d3770ce27a54,HAL,2025-08-29T18:56:33.08,2025-08-29T18:56:33.08,2025-08-29T18:56:33.080000,DissemDT,2025-08-29T18:56:33.080000,2025-09-01,2025-09-01T09:15:00,aligned,
ef678b9a-f66e-4026-8907-433166ce378d,RELIANCE,2025-08-29T16:34:58.753,2025-08-29T16:34:58.753,2025-08-29T16:34:58.753000,DissemDT,2025-08-29T16:34:58.753000,2025-09-01,2025-09-01T09:15:00,aligned,
cb5eeb21-15f8-4e61-9a6a-9de208fdf56f,RELIANCE,2025-08-29T15:09:41.87,2025-08-29T15:09:41.87,2025-08-29T15:09:41.870000,DissemDT,2025-08-29T15:09:41.870000,2025-08-29,2025-08-29T15:10:00,aligned,
fca9ccd2-f3ba-435d-9969-a969f8535e8b,RELIANCE,2025-08-29T15:01:11.477,2025-08-29T15:01:11.477,2025-08-29T15:01:11.477000,DissemDT,2025-08-29T15:01:11.477000,2025-08-29,2025-08-29T15:02:00,aligned,
0b2af272-9858-4f8f-976f-b4769e091841,RELIANCE,2025-08-29T14:55:08.82,2025-08-29T14:55:08.82,2025-08-29T14:55:08.820000,DissemDT,2025-08-29T14:55:08.820000,2025-08-29,2025-08-29T14:56:00,aligned,
da55bec1-4c97-4563-8458-12f3a7e84bfb,RELIANCE,2025-08-28T19:28:57.48,2025-08-28T19:28:57.48,2025-08-28T19:28:57.480000,DissemDT,2025-08-28T19:28:57.480000,2025-08-29,2025-08-29T09:15:00,aligned,
de27795a-d502-41a4-b7dc-b248332f3083,NYKAA,2025-08-28T18:28:05.427,2025-08-28T18:28:05.427,2025-08-28T18:28:05.427000,DissemDT,2025-08-28T18:28:05.427000,2025-08-29,2025-08-29T09:15:00,aligned,
374e811c-d3fd-4b0a-a151-b6b01255ecfe,NYKAA,2025-08-28T18:07:20.843,2025-08-28T18:07:20.843,2025-08-28T18:07:20.843000,DissemDT,2025-08-28T18:07:20.843000,2025-08-29,2025-08-29T09:15:00,aligned,
3b76183e-735f-457c-a728-c3ddc888915c,HAL,2025-08-28T17:36:23.92,2025-08-28T17:36:23.92,2025-08-28T17:36:23.920000,DissemDT,2025-08-28T17:36:23.920000,2025-08-29,2025-08-29T09:15:00,aligned,
da7e7c83-8d8d-4b54-98f1-8bcb620f40ea,RVNL,2025-08-28T15:59:40.773,2025-08-28T15:59:40.773,2025-08-28T15:59:40.773000,DissemDT,2025-08-28T15:59:40.773000,2025-08-29,2025-08-29T09:15:00,aligned,
3b70f3f5-15d9-4888-ac59-e00874bccee7,HDFCBANK,2025-08-28T11:32:58.433,2025-08-28T11:32:58.433,2025-08-28T11:32:58.433000,DissemDT,2025-08-28T11:32:58.433000,2025-08-28,2025-08-28T11:33:00,aligned,
1829f259-04f5-4768-a8c3-10121fa6c607,RVNL,2025-08-27T20:23:51.347,2025-08-27T20:23:51.347,2025-08-27T20:23:51.347000,DissemDT,2025-08-27T20:23:51.347000,2025-08-28,2025-08-28T09:15:00,aligned,
6820f06f-a23e-439f-a676-1cbb641fa20b,NYKAA,2025-08-26T16:56:44.153,2025-08-26T16:56:44.153,2025-08-26T16:56:44.153000,DissemDT,2025-08-26T16:56:44.153000,2025-08-28,2025-08-28T09:15:00,aligned,
6c2a67ff-a8d7-49c0-8481-2a5ab8aa4faa,HDFCBANK,2025-08-26T15:27:22.397,2025-08-26T15:27:22.397,2025-08-26T15:27:22.397000,DissemDT,2025-08-26T15:27:22.397000,2025-08-26,2025-08-26T15:28:00,aligned,
6fead696-d3ca-4bed-ad3c-37befeb52839,HAL,2025-08-25T15:57:28.227,2025-08-25T15:57:28.227,2025-08-25T15:57:28.227000,DissemDT,2025-08-25T15:57:28.227000,2025-08-26,2025-08-26T09:15:00,aligned,
50ec2f7e-7a5d-4ad9-b9cd-81dac00ddf56,NYKAA,2025-08-25T15:30:44.1,2025-08-25T15:30:44.1,2025-08-25T15:30:44.100000,DissemDT,2025-08-25T15:30:44.100000,2025-08-26,2025-08-26T09:15:00,aligned,
fdf0e722-f3a1-40d2-835c-bedde365224e,NYKAA,2025-08-25T15:22:39.34,2025-08-25T15:22:39.34,2025-08-25T15:22:39.340000,DissemDT,2025-08-25T15:22:39.340000,2025-08-25,2025-08-25T15:23:00,aligned,
58145088-73ca-478e-9b17-16f0b089db39,NYKAA,2025-08-25T15:16:05.083,2025-08-25T15:16:05.083,2025-08-25T15:16:05.083000,DissemDT,2025-08-25T15:16:05.083000,2025-08-25,2025-08-25T15:17:00,aligned,
02a7bd60-168d-4871-8cf7-585748c992c9,RELIANCE,2025-08-22T21:04:51.1,2025-08-22T21:04:51.1,2025-08-22T21:04:51.100000,DissemDT,2025-08-22T21:04:51.100000,2025-08-25,2025-08-25T09:15:00,aligned,
b3543402-b993-4633-b7e8-16b424113249,RVNL,2025-08-22T20:13:25.747,2025-08-22T20:13:25.747,2025-08-22T20:13:25.747000,DissemDT,2025-08-22T20:13:25.747000,2025-08-25,2025-08-25T09:15:00,aligned,
b336dafa-aa60-4cdd-ae53-39b224f5d748,RVNL,2025-08-22T18:17:42.357,2025-08-22T18:17:42.357,2025-08-22T18:17:42.357000,DissemDT,2025-08-22T18:17:42.357000,2025-08-25,2025-08-25T09:15:00,aligned,
fd1c4d0f-29bf-43da-b06c-18260491822f,HDFCBANK,2025-08-21T20:43:02.197,2025-08-21T20:43:02.197,2025-08-21T20:43:02.197000,DissemDT,2025-08-21T20:43:02.197000,2025-08-22,2025-08-22T09:15:00,aligned,
265fd57f-7c59-41c2-8dd6-3ce29d2fa516,HAL,2025-08-21T08:51:46.907,2025-08-21T08:51:46.907,2025-08-21T08:51:46.907000,DissemDT,2025-08-21T08:51:46.907000,2025-08-21,2025-08-21T09:15:00,aligned,
99bc37f8-995e-4656-aa72-2d6e2bb3c366,RELIANCE,2025-08-20T18:54:03.117,2025-08-20T18:54:03.117,2025-08-20T18:54:03.117000,DissemDT,2025-08-20T18:54:03.117000,2025-08-21,2025-08-21T09:15:00,aligned,
615fdacf-a4e7-4472-82eb-fe3447a0fd9b,RELIANCE,2025-08-19T20:53:15.457,2025-08-19T20:53:15.457,2025-08-19T20:53:15.457000,DissemDT,2025-08-19T20:53:15.457000,2025-08-20,2025-08-20T09:15:00,aligned,
b59be978-0c97-48a3-a572-4a81ada5dae9,HDFCBANK,2025-08-19T18:35:29.157,2025-08-19T18:35:29.157,2025-08-19T18:35:29.157000,DissemDT,2025-08-19T18:35:29.157000,2025-08-20,2025-08-20T09:15:00,aligned,
a60de6df-ac5f-41af-bb0a-2466d826b8ff,HDFCBANK,2025-08-19T13:24:55.55,2025-08-19T13:24:55.55,2025-08-19T13:24:55.550000,DissemDT,2025-08-19T13:24:55.550000,2025-08-19,2025-08-19T13:25:00,aligned,
15c77d07-b8f1-471f-919c-e5348ba4bb32,RELIANCE,2025-08-18T15:41:03.66,2025-08-18T15:41:03.66,2025-08-18T15:41:03.660000,DissemDT,2025-08-18T15:41:03.660000,2025-08-19,2025-08-19T09:15:00,aligned,
2d854bff-4926-46df-8d70-6bb94a8a93ab,RELIANCE,2025-08-18T15:40:17.747,2025-08-18T15:40:17.747,2025-08-18T15:40:17.747000,DissemDT,2025-08-18T15:40:17.747000,2025-08-19,2025-08-19T09:15:00,aligned,
1ec199c2-cd7f-4fe8-a705-83a10e8c738c,RVNL,2025-08-14T19:09:09.59,2025-08-14T19:09:09.59,2025-08-14T19:09:09.590000,DissemDT,2025-08-14T19:09:09.590000,2025-08-18,2025-08-18T09:15:00,aligned,
2ef6201a-3c0a-479a-ab12-264c7f59690f,NYKAA,2025-08-14T16:42:36.52,2025-08-14T16:42:36.52,2025-08-14T16:42:36.520000,DissemDT,2025-08-14T16:42:36.520000,2025-08-18,2025-08-18T09:15:00,aligned,
7de2ce71-5cf7-4ea2-8f5b-479ee92fe647,RVNL,2025-08-14T15:25:48.943,2025-08-14T15:25:48.943,2025-08-14T15:25:48.943000,DissemDT,2025-08-14T15:25:48.943000,2025-08-14,2025-08-14T15:26:00,aligned,
9aadaeee-a76a-4182-b921-5d87e84be035,NYKAA,2025-08-14T12:54:20.57,2025-08-14T12:54:20.57,2025-08-14T12:54:20.570000,DissemDT,2025-08-14T12:54:20.570000,2025-08-14,2025-08-14T12:55:00,aligned,
7222c406-c871-41d8-8cc6-2b24aa6394bc,NYKAA,2025-08-14T12:15:22.743,2025-08-14T12:15:22.743,2025-08-14T12:15:22.743000,DissemDT,2025-08-14T12:15:22.743000,2025-08-14,2025-08-14T12:16:00,aligned,
aa9121af-fb8c-4603-8f55-d21318a8f20f,NYKAA,2025-08-14T11:45:01.837,2025-08-14T11:45:01.837,2025-08-14T11:45:01.837000,DissemDT,2025-08-14T11:45:01.837000,2025-08-14,2025-08-14T11:46:00,aligned,
44536407-61fa-4f0f-a476-8ba03573301c,NYKAA,2025-08-13T19:14:45.817,2025-08-13T19:14:45.817,2025-08-13T19:14:45.817000,DissemDT,2025-08-13T19:14:45.817000,2025-08-14,2025-08-14T09:15:00,aligned,
a4cf1bc2-629c-4771-96f8-521cef50eada,HDFCBANK,2025-08-13T18:44:27.803,2025-08-13T18:44:27.803,2025-08-13T18:44:27.803000,DissemDT,2025-08-13T18:44:27.803000,2025-08-14,2025-08-14T09:15:00,aligned,
d7ffa7fb-a67a-4ed8-8d21-363ab12abd21,RVNL,2025-08-13T18:40:40.18,2025-08-13T18:40:40.18,2025-08-13T18:40:40.180000,DissemDT,2025-08-13T18:40:40.180000,2025-08-14,2025-08-14T09:15:00,aligned,
ecf3acc1-9677-45ab-9ee0-d1abed84b1e0,RELIANCE,2025-08-13T18:09:46.557,2025-08-13T18:09:46.557,2025-08-13T18:09:46.557000,DissemDT,2025-08-13T18:09:46.557000,2025-08-14,2025-08-14T09:15:00,aligned,
79c7e5cf-c2d0-4323-9dbf-b0d7f67e8e76,HDFCBANK,2025-08-13T14:21:09.4,2025-08-13T14:21:09.4,2025-08-13T14:21:09.400000,DissemDT,2025-08-13T14:21:09.400000,2025-08-13,2025-08-13T14:22:00,aligned,
baa4cd79-b766-4367-9795-f7e6095a2bcd,RELIANCE,2025-08-13T14:20:25.07,2025-08-13T14:20:25.07,2025-08-13T14:20:25.070000,DissemDT,2025-08-13T14:20:25.070000,2025-08-13,2025-08-13T14:21:00,aligned,
e434376c-c6ec-481f-a43f-c24a8f9ce0e1,NYKAA,2025-08-13T00:35:11.05,2025-08-13T00:35:11.05,2025-08-13T00:35:11.050000,DissemDT,2025-08-13T00:35:11.050000,2025-08-13,2025-08-13T09:15:00,aligned,
3ff4bae2-4cdf-4f45-a077-3898ae6926b9,RELIANCE,2025-08-12T18:55:17.64,2025-08-12T18:55:17.64,2025-08-12T18:55:17.640000,DissemDT,2025-08-12T18:55:17.640000,2025-08-13,2025-08-13T09:15:00,aligned,
e4531f52-3b43-476e-b03f-d6a08f270393,RVNL,2025-08-12T18:04:32.2,2025-08-12T18:04:32.2,2025-08-12T18:04:32.200000,DissemDT,2025-08-12T18:04:32.200000,2025-08-13,2025-08-13T09:15:00,aligned,
fbc3a200-75ad-4c67-9373-df889851d929,NYKAA,2025-08-12T17:11:56.2,2025-08-12T17:11:56.2,2025-08-12T17:11:56.200000,DissemDT,2025-08-12T17:11:56.200000,2025-08-13,2025-08-13T09:15:00,aligned,
083347fd-35fa-42e2-ab14-cf6495620570,NYKAA,2025-08-12T16:56:10.317,2025-08-12T16:56:10.317,2025-08-12T16:56:10.317000,DissemDT,2025-08-12T16:56:10.317000,2025-08-13,2025-08-13T09:15:00,aligned,
08ecc6fb-86bc-4f25-8cfa-36bb5576e1b7,NYKAA,2025-08-12T16:50:07.893,2025-08-12T16:50:07.893,2025-08-12T16:50:07.893000,DissemDT,2025-08-12T16:50:07.893000,2025-08-13,2025-08-13T09:15:00,aligned,
1b638829-53bc-443e-901c-4376060bc2e2,NYKAA,2025-08-12T16:38:01.177,2025-08-12T16:38:01.177,2025-08-12T16:38:01.177000,DissemDT,2025-08-12T16:38:01.177000,2025-08-13,2025-08-13T09:15:00,aligned,
363742c6-ec1e-4997-9749-3b62cb56bad0,NYKAA,2025-08-12T16:37:08.25,2025-08-12T16:37:08.25,2025-08-12T16:37:08.250000,DissemDT,2025-08-12T16:37:08.250000,2025-08-13,2025-08-13T09:15:00,aligned,
954ad4a6-f00f-42e1-b3db-bc46398f8d8a,NYKAA,2025-08-12T16:34:02.53,2025-08-12T16:34:02.53,2025-08-12T16:34:02.530000,DissemDT,2025-08-12T16:34:02.530000,2025-08-13,2025-08-13T09:15:00,aligned,
76005510-8100-47a8-8f8b-6434f8f502a2,NYKAA,2025-08-12T16:20:58.65,2025-08-12T16:20:58.65,2025-08-12T16:20:58.650000,DissemDT,2025-08-12T16:20:58.650000,2025-08-13,2025-08-13T09:15:00,aligned,
21e85ead-3768-45fc-8452-050f1ff1d23a,RVNL,2025-08-12T15:28:58.87,2025-08-12T15:28:58.87,2025-08-12T15:28:58.870000,DissemDT,2025-08-12T15:28:58.870000,2025-08-12,2025-08-12T15:29:00,aligned,
d26f2f3b-71e7-4a24-8d8b-7fa6c4aaa964,RVNL,2025-08-12T15:22:20.25,2025-08-12T15:22:20.25,2025-08-12T15:22:20.250000,DissemDT,2025-08-12T15:22:20.250000,2025-08-12,2025-08-12T15:23:00,aligned,
6799d833-aafe-49e5-8111-1bbc596e1f1e,RVNL,2025-08-12T15:11:21.973,2025-08-12T15:11:21.973,2025-08-12T15:11:21.973000,DissemDT,2025-08-12T15:11:21.973000,2025-08-12,2025-08-12T15:12:00,aligned,
9caa1578-fa54-47a3-bdfb-0daf94ff809f,HAL,2025-08-12T14:20:48.13,2025-08-12T14:20:48.13,2025-08-12T14:20:48.130000,DissemDT,2025-08-12T14:20:48.130000,2025-08-12,2025-08-12T14:21:00,aligned,
158850ed-97c9-4887-98d3-f151cc839560,HDFCBANK,2025-08-08T20:39:46.697,2025-08-08T20:39:46.697,2025-08-08T20:39:46.697000,DissemDT,2025-08-08T20:39:46.697000,2025-08-11,2025-08-11T09:15:00,aligned,
ce330170-da39-4839-b2af-9416edb1666e,HDFCBANK,2025-08-08T20:36:13.867,2025-08-08T20:36:13.867,2025-08-08T20:36:13.867000,DissemDT,2025-08-08T20:36:13.867000,2025-08-11,2025-08-11T09:15:00,aligned,
a0f97b3c-56bc-4341-b614-17c4b09338e2,RELIANCE,2025-08-08T13:44:37.277,2025-08-08T13:44:37.277,2025-08-08T13:44:37.277000,DissemDT,2025-08-08T13:44:37.277000,2025-08-08,2025-08-08T13:45:00,aligned,
109b5e86-058b-4d00-af37-de3f9ea4ebff,NYKAA,2025-08-07T19:59:13.293,2025-08-07T19:59:13.293,2025-08-07T19:59:13.293000,DissemDT,2025-08-07T19:59:13.293000,2025-08-08,2025-08-08T09:15:00,aligned,
9d10ba52-82eb-435c-a9bf-292af47bb718,RVNL,2025-08-07T17:54:08.51,2025-08-07T17:54:08.51,2025-08-07T17:54:08.510000,DissemDT,2025-08-07T17:54:08.510000,2025-08-08,2025-08-08T09:15:00,aligned,
8178e3cc-a8a1-40be-bddb-d9d7ab37f9e4,RVNL,2025-08-07T17:38:25.837,2025-08-07T17:38:25.837,2025-08-07T17:38:25.837000,DissemDT,2025-08-07T17:38:25.837000,2025-08-08,2025-08-08T09:15:00,aligned,
4a00cd8f-3459-4ad1-9b8f-9fce90ebb217,RELIANCE,2025-08-07T17:28:49.227,2025-08-07T17:28:49.227,2025-08-07T17:28:49.227000,DissemDT,2025-08-07T17:28:49.227000,2025-08-08,2025-08-08T09:15:00,aligned,
612e0f74-bdd9-4bf9-9faf-fb916d6f67c7,RELIANCE,2025-08-07T11:53:33.963,2025-08-07T11:53:33.963,2025-08-07T11:53:33.963000,DissemDT,2025-08-07T11:53:33.963000,2025-08-07,2025-08-07T11:54:00,aligned,
ba05f954-015b-415a-b782-44cabdb2e892,RELIANCE,2025-08-07T11:47:39.137,2025-08-07T11:47:39.137,2025-08-07T11:47:39.137000,DissemDT,2025-08-07T11:47:39.137000,2025-08-07,2025-08-07T11:48:00,aligned,
3a295ae7-a4a6-4d62-9cfa-02e112bb9259,RELIANCE,2025-08-07T11:42:11.93,2025-08-07T11:42:11.93,2025-08-07T11:42:11.930000,DissemDT,2025-08-07T11:42:11.930000,2025-08-07,2025-08-07T11:43:00,aligned,
21cceb2f-ad3a-43a4-a6a7-e6f81aed6338,HAL,2025-08-07T10:32:44.78,2025-08-07T10:32:44.78,2025-08-07T10:32:44.780000,DissemDT,2025-08-07T10:32:44.780000,2025-08-07,2025-08-07T10:33:00,aligned,
a734b072-059b-42f0-9cfe-6aaf151a5458,RELIANCE,2025-08-07T10:19:12.353,2025-08-07T10:19:12.353,2025-08-07T10:19:12.353000,DissemDT,2025-08-07T10:19:12.353000,2025-08-07,2025-08-07T10:20:00,aligned,
9991838f-243e-4b63-8540-0d077885332e,RVNL,2025-08-07T00:16:53.897,2025-08-07T00:16:53.897,2025-08-07T00:16:53.897000,DissemDT,2025-08-07T00:16:53.897000,2025-08-07,2025-08-07T09:15:00,aligned,
389f2bf3-5b83-4037-92d7-9aa7e36969a6,RVNL,2025-08-07T00:15:24.32,2025-08-07T00:15:24.32,2025-08-07T00:15:24.320000,DissemDT,2025-08-07T00:15:24.320000,2025-08-07,2025-08-07T09:15:00,aligned,
71e81b88-b81a-45c0-bd82-ba75bd5320d8,RVNL,2025-08-06T22:50:48.357,2025-08-06T22:50:48.357,2025-08-06T22:50:48.357000,DissemDT,2025-08-06T22:50:48.357000,2025-08-07,2025-08-07T09:15:00,aligned,
a879b991-f7c7-4944-bcfc-f708d256e275,RVNL,2025-08-04T16:11:01.587,2025-08-04T16:11:01.587,2025-08-04T16:11:01.587000,DissemDT,2025-08-04T16:11:01.587000,2025-08-05,2025-08-05T09:15:00,aligned,
2fe5baba-e3b1-4631-acb5-74768f886e43,NYKAA,2025-08-04T16:10:38.71,2025-08-04T16:10:38.71,2025-08-04T16:10:38.710000,DissemDT,2025-08-04T16:10:38.710000,2025-08-05,2025-08-05T09:15:00,aligned,
bc7d9a7c-330b-4765-8d7b-e182f6150dbf,NYKAA,2025-08-02T18:32:45.02,2025-08-02T18:32:45.02,2025-08-02T18:32:45.020000,DissemDT,2025-08-02T18:32:45.020000,2025-08-04,2025-08-04T09:15:00,aligned,
507df1da-9d69-46a0-bda1-ad241904e7f8,NYKAA,2025-08-02T18:27:17.62,2025-08-02T18:27:17.62,2025-08-02T18:27:17.620000,DissemDT,2025-08-02T18:27:17.620000,2025-08-04,2025-08-04T09:15:00,aligned,
5ae6b5ae-2f1a-4d43-81e2-dc12afeae5b9,NYKAA,2025-08-02T18:25:26.337,2025-08-02T18:25:26.337,2025-08-02T18:25:26.337000,DissemDT,2025-08-02T18:25:26.337000,2025-08-04,2025-08-04T09:15:00,aligned,
e88bedd8-f22d-41d3-8061-fd52a0ff3710,NYKAA,2025-08-02T18:17:47.61,2025-08-02T18:17:47.61,2025-08-02T18:17:47.610000,DissemDT,2025-08-02T18:17:47.610000,2025-08-04,2025-08-04T09:15:00,aligned,
25024f8e-110f-4bd1-b4e7-97dc6a5856b2,HDFCBANK,2025-08-01T17:35:12.157,2025-08-01T17:35:12.157,2025-08-01T17:35:12.157000,DissemDT,2025-08-01T17:35:12.157000,2025-08-04,2025-08-04T09:15:00,aligned,
0c2a1d50-5f57-466e-a836-70c9853df2b6,HAL,2025-08-01T15:54:43.153,2025-08-01T15:54:43.153,2025-08-01T15:54:43.153000,DissemDT,2025-08-01T15:54:43.153000,2025-08-04,2025-08-04T09:15:00,aligned,
3b6cf56a-bdef-4ee6-a0c2-da8181e96167,NYKAA,2025-08-01T12:36:06.917,2025-08-01T12:36:06.917,2025-08-01T12:36:06.917000,DissemDT,2025-08-01T12:36:06.917000,2025-08-01,2025-08-01T12:37:00,aligned,
2789f21f-7512-41fa-a424-f401a0cc42a8,NYKAA,2025-08-01T12:04:56.83,2025-08-01T12:04:56.83,2025-08-01T12:04:56.830000,DissemDT,2025-08-01T12:04:56.830000,2025-08-01,2025-08-01T12:05:00,aligned,
64ef0bda-e630-49d3-b984-3dccac424c95,RELIANCE,2025-07-31T20:26:46.943,2025-07-31T20:26:46.943,2025-07-31T20:26:46.943000,DissemDT,2025-07-31T20:26:46.943000,2025-08-01,2025-08-01T09:15:00,aligned,
0291c993-0cc4-4883-b4d2-34378d8a7fa9,RELIANCE,2025-07-31T20:23:43.797,2025-07-31T20:23:43.797,2025-07-31T20:23:43.797000,DissemDT,2025-07-31T20:23:43.797000,2025-08-01,2025-08-01T09:15:00,aligned,
16a4c0c0-08cd-44e6-aee1-85b24892608e,RVNL,2025-07-31T17:01:57.53,2025-07-31T17:01:57.53,2025-07-31T17:01:57.530000,DissemDT,2025-07-31T17:01:57.530000,2025-08-01,2025-08-01T09:15:00,aligned,
99ef3242-451d-4568-8390-8f60607585b3,RVNL,2025-07-31T16:29:02.09,2025-07-31T16:29:02.09,2025-07-31T16:29:02.090000,DissemDT,2025-07-31T16:29:02.090000,2025-08-01,2025-08-01T09:15:00,aligned,
ed47a39c-325e-4049-89bd-3a9c007fbfef,HDFCBANK,2025-07-31T16:11:13.747,2025-07-31T16:11:13.747,2025-07-31T16:11:13.747000,DissemDT,2025-07-31T16:11:13.747000,2025-08-01,2025-08-01T09:15:00,aligned,
cafe7c0b-3e48-431f-85b0-c49c23a09724,RELIANCE,2025-07-30T21:22:23.537,2025-07-30T21:22:23.537,2025-07-30T21:22:23.537000,DissemDT,2025-07-30T21:22:23.537000,2025-07-31,2025-07-31T09:15:00,aligned,
9ec83ce3-103a-474c-be30-3ea43d92d6ad,RELIANCE,2025-07-30T21:16:08.33,2025-07-30T21:16:08.33,2025-07-30T21:16:08.330000,DissemDT,2025-07-30T21:16:08.330000,2025-07-31,2025-07-31T09:15:00,aligned,
76b6fd17-73e5-458b-ba90-a66fc9f57c10,NYKAA,2025-07-30T16:28:30.6,2025-07-30T16:28:30.6,2025-07-30T16:28:30.600000,DissemDT,2025-07-30T16:28:30.600000,2025-07-31,2025-07-31T09:15:00,aligned,
58b79df7-8ce1-4b00-9af5-882940d2c693,HAL,2025-07-30T11:33:00.95,2025-07-30T11:33:00.95,2025-07-30T11:33:00.950000,DissemDT,2025-07-30T11:33:00.950000,2025-07-30,2025-07-30T11:34:00,aligned,
a209a73e-0050-4ef3-a75c-30c7b56ec924,HAL,2025-07-30T10:53:30.477,2025-07-30T10:53:30.477,2025-07-30T10:53:30.477000,DissemDT,2025-07-30T10:53:30.477000,2025-07-30,2025-07-30T10:54:00,aligned,
7c5964cb-f4b4-4250-bff4-c276981fd9fd,HAL,2025-07-30T10:44:47.49,2025-07-30T10:44:47.49,2025-07-30T10:44:47.490000,DissemDT,2025-07-30T10:44:47.490000,2025-07-30,2025-07-30T10:45:00,aligned,
7752943f-9aec-4daf-a67d-e0d76adc03b6,NYKAA,2025-07-29T19:46:29.443,2025-07-29T19:46:29.443,2025-07-29T19:46:29.443000,DissemDT,2025-07-29T19:46:29.443000,2025-07-30,2025-07-30T09:15:00,aligned,
4f2c4735-6319-4ec5-a4ad-80973f380a74,RELIANCE,2025-07-29T17:21:18.64,2025-07-29T17:21:18.64,2025-07-29T17:21:18.640000,DissemDT,2025-07-29T17:21:18.640000,2025-07-30,2025-07-30T09:15:00,aligned,
ebb8a2cd-c17e-41f1-8c08-7baf6d21018d,HAL,2025-07-28T13:54:30.197,2025-07-28T13:54:30.197,2025-07-28T13:54:30.197000,DissemDT,2025-07-28T13:54:30.197000,2025-07-28,2025-07-28T13:55:00,aligned,
2040e5b4-2886-41c8-b212-3d5b9f9d8b19,HDFCBANK,2025-07-25T22:01:50.22,2025-07-25T22:01:50.22,2025-07-25T22:01:50.220000,DissemDT,2025-07-25T22:01:50.220000,2025-07-28,2025-07-28T09:15:00,aligned,
3cf2fb0f-80be-45f9-a2b4-c836e09ed111,HDFCBANK,2025-07-25T21:47:48.62,2025-07-25T21:47:48.62,2025-07-25T21:47:48.620000,DissemDT,2025-07-25T21:47:48.620000,2025-07-28,2025-07-28T09:15:00,aligned,
e3515f9e-77ae-423b-a218-4ffaa3bb7470,RVNL,2025-07-25T16:20:05.52,2025-07-25T16:20:05.52,2025-07-25T16:20:05.520000,DissemDT,2025-07-25T16:20:05.520000,2025-07-28,2025-07-28T09:15:00,aligned,
211331fc-ece5-451c-b592-cebbacc45b54,NYKAA,2025-07-24T15:16:00.497,2025-07-24T15:16:00.497,2025-07-24T15:16:00.497000,DissemDT,2025-07-24T15:16:00.497000,2025-07-24,2025-07-24T15:17:00,aligned,
07b89d3d-b55a-49bf-80cc-19c5b2807ab2,RELIANCE,2025-07-23T21:03:31.463,2025-07-23T21:03:31.463,2025-07-23T21:03:31.463000,DissemDT,2025-07-23T21:03:31.463000,2025-07-24,2025-07-24T09:15:00,aligned,
db2a46c3-e27a-46f5-9a40-89f803aa7523,HDFCBANK,2025-07-23T15:35:53.303,2025-07-23T15:35:53.303,2025-07-23T15:35:53.303000,DissemDT,2025-07-23T15:35:53.303000,2025-07-24,2025-07-24T09:15:00,aligned,
5877d2f7-eff2-46ee-b7da-22947d2bf7ac,HDFCBANK,2025-07-23T15:32:32.557,2025-07-23T15:32:32.557,2025-07-23T15:32:32.557000,DissemDT,2025-07-23T15:32:32.557000,2025-07-24,2025-07-24T09:15:00,aligned,
f52da9e4-881c-487d-8e2b-6fc392a2c0a9,HDFCBANK,2025-07-22T21:03:49.5,2025-07-22T21:03:49.5,2025-07-22T21:03:49.500000,DissemDT,2025-07-22T21:03:49.500000,2025-07-23,2025-07-23T09:15:00,aligned,
a3eaa199-ae4f-4037-a558-4cc3ea30585e,RVNL,2025-07-22T18:47:25.52,2025-07-22T18:47:25.52,2025-07-22T18:47:25.520000,DissemDT,2025-07-22T18:47:25.520000,2025-07-23,2025-07-23T09:15:00,aligned,
c1fd2686-cbe5-4358-b445-a1edf862e548,HDFCBANK,2025-07-22T07:59:19.34,2025-07-22T07:59:19.34,2025-07-22T07:59:19.340000,DissemDT,2025-07-22T07:59:19.340000,2025-07-22,2025-07-22T09:15:00,aligned,
3948faea-1616-459a-92cd-26a1cb28abe8,HDFCBANK,2025-07-21T15:42:40.26,2025-07-21T15:42:40.26,2025-07-21T15:42:40.260000,DissemDT,2025-07-21T15:42:40.260000,2025-07-22,2025-07-22T09:15:00,aligned,
ce0a20ba-5d88-4681-bbf2-63d0c9841994,RELIANCE,2025-07-20T13:29:03.42,2025-07-20T13:29:03.42,2025-07-20T13:29:03.420000,DissemDT,2025-07-20T13:29:03.420000,2025-07-21,2025-07-21T09:15:00,aligned,
36e3847a-fd9f-4eca-be4f-2d1b444abcb3,HDFCBANK,2025-07-19T22:12:09.18,2025-07-19T22:12:09.18,2025-07-19T22:12:09.180000,DissemDT,2025-07-19T22:12:09.180000,2025-07-21,2025-07-21T09:15:00,aligned,
6a385915-d1ea-4f25-a16c-94719c24533e,HDFCBANK,2025-07-19T16:12:42.387,2025-07-19T16:12:42.387,2025-07-19T16:12:42.387000,DissemDT,2025-07-19T16:12:42.387000,2025-07-21,2025-07-21T09:15:00,aligned,
95339f72-3dff-4d2a-a66e-6ba7b1ab44dc,HDFCBANK,2025-07-19T15:07:31.283,2025-07-19T15:07:31.283,2025-07-19T15:07:31.283000,DissemDT,2025-07-19T15:07:31.283000,2025-07-21,2025-07-21T09:15:00,aligned,
cd305f42-cf5f-438a-94e7-8888720c63fe,HDFCBANK,2025-07-19T15:06:00.953,2025-07-19T15:06:00.953,2025-07-19T15:06:00.953000,DissemDT,2025-07-19T15:06:00.953000,2025-07-21,2025-07-21T09:15:00,aligned,
60202774-0033-4dc9-a75a-880d999201ba,HDFCBANK,2025-07-19T14:59:59.28,2025-07-19T14:59:59.28,2025-07-19T14:59:59.280000,DissemDT,2025-07-19T14:59:59.280000,2025-07-21,2025-07-21T09:15:00,aligned,
fa2878cf-1716-44c8-8576-94708f79d6a7,RELIANCE,2025-07-19T13:20:08.447,2025-07-19T13:20:08.447,2025-07-19T13:20:08.447000,DissemDT,2025-07-19T13:20:08.447000,2025-07-21,2025-07-21T09:15:00,aligned,
9daec47f-0eef-4b2f-96f4-b17094e2bb34,RELIANCE,2025-07-18T19:52:57.197,2025-07-18T19:52:57.197,2025-07-18T19:52:57.197000,DissemDT,2025-07-18T19:52:57.197000,2025-07-21,2025-07-21T09:15:00,aligned,
3b2448db-c9af-4b59-9d9e-e8f8ab7d6875,RELIANCE,2025-07-18T19:47:42.457,2025-07-18T19:47:42.457,2025-07-18T19:47:42.457000,DissemDT,2025-07-18T19:47:42.457000,2025-07-21,2025-07-21T09:15:00,aligned,
46318a88-4be1-44c3-acb4-5b269a6f6f83,RELIANCE,2025-07-18T19:38:12.313,2025-07-18T19:38:12.313,2025-07-18T19:38:12.313000,DissemDT,2025-07-18T19:38:12.313000,2025-07-21,2025-07-21T09:15:00,aligned,
36299b0b-14e5-455c-bfae-66f5341d02cc,RELIANCE,2025-07-18T19:35:21.947,2025-07-18T19:35:21.947,2025-07-18T19:35:21.947000,DissemDT,2025-07-18T19:35:21.947000,2025-07-21,2025-07-21T09:15:00,aligned,
5853fca9-0d88-431e-a5b8-6af5422a9b0b,RELIANCE,2025-07-18T19:33:19.293,2025-07-18T19:33:19.293,2025-07-18T19:33:19.293000,DissemDT,2025-07-18T19:33:19.293000,2025-07-21,2025-07-21T09:15:00,aligned,
53aa03aa-d299-4b18-8b0b-1add87542f0f,RELIANCE,2025-07-18T10:39:34.013,2025-07-18T10:39:34.013,2025-07-18T10:39:34.013000,DissemDT,2025-07-18T10:39:34.013000,2025-07-18,2025-07-18T10:40:00,aligned,
6c5ad44c-318f-4fad-a355-2bdda4b720e7,HDFCBANK,2025-07-17T14:41:00.033,2025-07-17T14:41:00.033,2025-07-17T14:41:00.033000,DissemDT,2025-07-17T14:41:00.033000,2025-07-17,2025-07-17T14:42:00,aligned,
3dc55cb8-a85e-423b-8738-02be1f7776cf,HAL,2025-07-16T09:08:34.68,2025-07-16T09:08:34.68,2025-07-16T09:08:34.680000,DissemDT,2025-07-16T09:08:34.680000,2025-07-16,2025-07-16T09:15:00,aligned,
06046be9-2cd3-45dc-9cde-4b4e68de29cc,HAL,2025-07-16T08:56:50.483,2025-07-16T08:56:50.483,2025-07-16T08:56:50.483000,DissemDT,2025-07-16T08:56:50.483000,2025-07-16,2025-07-16T09:15:00,aligned,
a3aa3450-aadf-4434-aab0-a72197c64995,HDFCBANK,2025-07-16T08:52:28.923,2025-07-16T08:52:28.923,2025-07-16T08:52:28.923000,DissemDT,2025-07-16T08:52:28.923000,2025-07-16,2025-07-16T09:15:00,aligned,
b317e863-ae4e-4c68-a2b7-2bb1901a0e74,HDFCBANK,2025-07-15T15:35:21.583,2025-07-15T15:35:21.583,2025-07-15T15:35:21.583000,DissemDT,2025-07-15T15:35:21.583000,2025-07-16,2025-07-16T09:15:00,aligned,
4501c67e-13c9-476f-ab1c-3694cae8ccf7,RVNL,2025-07-14T18:56:50.09,2025-07-14T18:56:50.09,2025-07-14T18:56:50.090000,DissemDT,2025-07-14T18:56:50.090000,2025-07-15,2025-07-15T09:15:00,aligned,
252517b8-fea2-42fd-b4b9-c9d87b914814,HDFCBANK,2025-07-14T15:37:18.12,2025-07-14T15:37:18.12,2025-07-14T15:37:18.120000,DissemDT,2025-07-14T15:37:18.120000,2025-07-15,2025-07-15T09:15:00,aligned,
f1ea8c47-08ce-43ae-a95e-71dff7d56802,HDFCBANK,2025-07-14T08:21:37.813,2025-07-14T08:21:37.813,2025-07-14T08:21:37.813000,DissemDT,2025-07-14T08:21:37.813000,2025-07-14,2025-07-14T09:15:00,aligned,
abc33f89-e879-4e57-a7b5-855dfd12a4d6,HDFCBANK,2025-07-14T08:02:08.33,2025-07-14T08:02:08.33,2025-07-14T08:02:08.330000,DissemDT,2025-07-14T08:02:08.330000,2025-07-14,2025-07-14T09:15:00,aligned,
1cc00b62-1fb6-4c37-b021-6d0541fb4aaa,HDFCBANK,2025-07-14T07:56:53.71,2025-07-14T07:56:53.71,2025-07-14T07:56:53.710000,DissemDT,2025-07-14T07:56:53.710000,2025-07-14,2025-07-14T09:15:00,aligned,
00f8df47-94dc-4134-b59e-57442da0ca2b,HDFCBANK,2025-07-11T20:38:37.667,2025-07-11T20:38:37.667,2025-07-11T20:38:37.667000,DissemDT,2025-07-11T20:38:37.667000,2025-07-14,2025-07-14T09:15:00,aligned,
64cba591-6a98-4c6c-a6de-f76e1302b0ad,NYKAA,2025-07-11T18:51:03.073,2025-07-11T18:51:03.073,2025-07-11T18:51:03.073000,DissemDT,2025-07-11T18:51:03.073000,2025-07-14,2025-07-14T09:15:00,aligned,
076d19bb-73cb-4410-8ee7-6713ef6ffcdd,RVNL,2025-07-11T18:09:39.45,2025-07-11T18:09:39.45,2025-07-11T18:09:39.450000,DissemDT,2025-07-11T18:09:39.450000,2025-07-14,2025-07-14T09:15:00,aligned,
ac9e0993-f40f-4bf4-90e6-a151b638d536,RELIANCE,2025-07-11T17:31:53.19,2025-07-11T17:31:53.19,2025-07-11T17:31:53.190000,DissemDT,2025-07-11T17:31:53.190000,2025-07-14,2025-07-14T09:15:00,aligned,
d9732e0d-e0ae-493b-bc64-ab8944c2985d,RELIANCE,2025-07-11T17:27:14.51,2025-07-11T17:27:14.51,2025-07-11T17:27:14.510000,DissemDT,2025-07-11T17:27:14.510000,2025-07-14,2025-07-14T09:15:00,aligned,
d04cfd95-2685-4c8c-aa5a-a33aa87b6acb,HAL,2025-07-11T11:14:35.073,2025-07-11T11:14:35.073,2025-07-11T11:14:35.073000,DissemDT,2025-07-11T11:14:35.073000,2025-07-11,2025-07-11T11:15:00,aligned,
16169bf5-0b29-46ff-aeec-a92fbbbdab89,RVNL,2025-07-09T17:53:04.767,2025-07-09T17:53:04.767,2025-07-09T17:53:04.767000,DissemDT,2025-07-09T17:53:04.767000,2025-07-10,2025-07-10T09:15:00,aligned,
be64ec0b-7a32-4eb4-a2d8-dd6172068a42,RVNL,2025-07-08T19:06:07.053,2025-07-08T19:06:07.053,2025-07-08T19:06:07.053000,DissemDT,2025-07-08T19:06:07.053000,2025-07-09,2025-07-09T09:15:00,aligned,
01d3e96b-1583-404d-a199-ee6f33824d00,HDFCBANK,2025-07-08T16:41:18.613,2025-07-08T16:41:18.613,2025-07-08T16:41:18.613000,DissemDT,2025-07-08T16:41:18.613000,2025-07-09,2025-07-09T09:15:00,aligned,
132b72ad-ab70-40ca-890c-2000ac3ad093,NYKAA,2025-07-06T17:41:06.537,2025-07-06T17:41:06.537,2025-07-06T17:41:06.537000,DissemDT,2025-07-06T17:41:06.537000,2025-07-07,2025-07-07T09:15:00,aligned,
7faf4b51-7c71-4884-82be-cfccfcbe7fa4,RVNL,2025-07-05T13:11:08.31,2025-07-05T13:11:08.31,2025-07-05T13:11:08.310000,DissemDT,2025-07-05T13:11:08.310000,2025-07-07,2025-07-07T09:15:00,aligned,
4185c845-02b1-4492-bb43-8ad5f115495f,RELIANCE,2025-07-04T20:29:57.07,2025-07-04T20:29:57.07,2025-07-04T20:29:57.070000,DissemDT,2025-07-04T20:29:57.070000,2025-07-07,2025-07-07T09:15:00,aligned,
28b5e16b-6aaf-4b83-a659-a79bf83d3720,HDFCBANK,2025-07-04T08:43:09.207,2025-07-04T08:43:09.207,2025-07-04T08:43:09.207000,DissemDT,2025-07-04T08:43:09.207000,2025-07-04,2025-07-04T09:15:00,aligned,
cde08524-9785-45ce-944e-67f5be11b347,RELIANCE,2025-07-03T15:34:56.883,2025-07-03T15:34:56.883,2025-07-03T15:34:56.883000,DissemDT,2025-07-03T15:34:56.883000,2025-07-04,2025-07-04T09:15:00,aligned,
b3107ff0-f9bf-4a13-acfe-d763cf7b140e,HDFCBANK,2025-07-02T22:22:35.377,2025-07-02T22:22:35.377,2025-07-02T22:22:35.377000,DissemDT,2025-07-02T22:22:35.377000,2025-07-03,2025-07-03T09:15:00,aligned,
e7fcbbe5-9d18-4c86-b34e-98172eeaf018,RVNL,2025-07-02T18:05:21.313,2025-07-02T18:05:21.313,2025-07-02T18:05:21.313000,DissemDT,2025-07-02T18:05:21.313000,2025-07-03,2025-07-03T09:15:00,aligned,
7befe12d-6cfb-437a-8aec-52d6ea057ba9,RVNL,2025-07-02T17:56:14.337,2025-07-02T17:56:14.337,2025-07-02T17:56:14.337000,DissemDT,2025-07-02T17:56:14.337000,2025-07-03,2025-07-03T09:15:00,aligned,
fadbb677-aaf2-4eb8-afc1-b6b691a49b4e,HAL,2025-07-01T18:06:27.32,2025-07-01T18:06:27.32,2025-07-01T18:06:27.320000,DissemDT,2025-07-01T18:06:27.320000,2025-07-02,2025-07-02T09:15:00,aligned,
3ca1e57f-7d5f-4790-98c3-3c85e6e14929,RELIANCE,2025-06-30T17:44:48.17,2025-06-30T17:44:48.17,2025-06-30T17:44:48.170000,DissemDT,2025-06-30T17:44:48.170000,2025-07-01,2025-07-01T09:15:00,aligned,
bb6773d1-c19b-498d-aaa1-b0e4aa71ca50,RELIANCE,2025-06-30T16:58:48.627,2025-06-30T16:58:48.627,2025-06-30T16:58:48.627000,DissemDT,2025-06-30T16:58:48.627000,2025-07-01,2025-07-01T09:15:00,aligned,
9bc2e956-789c-4d7d-ac72-9b84e5e860e8,RELIANCE,2025-06-29T09:12:44.327,2025-06-29T09:12:44.327,2025-06-29T09:12:44.327000,DissemDT,2025-06-29T09:12:44.327000,2025-06-30,2025-06-30T09:15:00,aligned,
f198e4fc-5051-4399-918f-6fcdc9aede62,RVNL,2025-06-27T18:40:19.273,2025-06-27T18:40:19.273,2025-06-27T18:40:19.273000,DissemDT,2025-06-27T18:40:19.273000,2025-06-30,2025-06-30T09:15:00,aligned,
f69dae77-8587-4684-b9f3-e2892b6ba1a3,HAL,2025-06-27T16:54:17.243,2025-06-27T16:54:17.243,2025-06-27T16:54:17.243000,DissemDT,2025-06-27T16:54:17.243000,2025-06-30,2025-06-30T09:15:00,aligned,
ae7aeaf1-f5ae-448d-af55-468e6c620bff,HAL,2025-06-27T16:49:25.86,2025-06-27T16:49:25.86,2025-06-27T16:49:25.860000,DissemDT,2025-06-27T16:49:25.860000,2025-06-30,2025-06-30T09:15:00,aligned,
51c387c8-fd63-4ec0-a82c-d3169fc643eb,HAL,2025-06-27T16:43:54.64,2025-06-27T16:43:54.64,2025-06-27T16:43:54.640000,DissemDT,2025-06-27T16:43:54.640000,2025-06-30,2025-06-30T09:15:00,aligned,
35d30802-22c1-4003-8695-b337136736c1,HAL,2025-06-26T16:48:23.777,2025-06-26T16:48:23.777,2025-06-26T16:48:23.777000,DissemDT,2025-06-26T16:48:23.777000,2025-06-27,2025-06-27T09:15:00,aligned,
d744ecc0-5d3a-46ae-b7d4-087ac6c8d944,NYKAA,2025-06-26T09:41:43.27,2025-06-26T09:41:43.27,2025-06-26T09:41:43.270000,DissemDT,2025-06-26T09:41:43.270000,2025-06-26,2025-06-26T09:42:00,aligned,
65637f43-6137-4df2-a0af-52a4be697324,RELIANCE,2025-06-25T23:02:48.453,2025-06-25T23:02:48.453,2025-06-25T23:02:48.453000,DissemDT,2025-06-25T23:02:48.453000,2025-06-26,2025-06-26T09:15:00,aligned,
9c6f274e-f17c-4906-9276-71917126a04a,HDFCBANK,2025-06-25T13:53:41.8,2025-06-25T13:53:41.8,2025-06-25T13:53:41.800000,DissemDT,2025-06-25T13:53:41.800000,2025-06-25,2025-06-25T13:54:00,aligned,
926eb37f-3078-428d-850d-227a04b876d7,NYKAA,2025-06-23T19:22:12.793,2025-06-23T19:22:12.793,2025-06-23T19:22:12.793000,DissemDT,2025-06-23T19:22:12.793000,2025-06-24,2025-06-24T09:15:00,aligned,
eb9dd798-11e1-4039-b4c1-157b3632a603,RVNL,2025-06-23T17:41:07.553,2025-06-23T17:41:07.553,2025-06-23T17:41:07.553000,DissemDT,2025-06-23T17:41:07.553000,2025-06-24,2025-06-24T09:15:00,aligned,
13c58ff8-9e29-40bb-8c4f-6a4f98603048,HDFCBANK,2025-06-23T15:44:17.7,2025-06-23T15:44:17.7,2025-06-23T15:44:17.700000,DissemDT,2025-06-23T15:44:17.700000,2025-06-24,2025-06-24T09:15:00,aligned,
0c8281e0-c9b5-4c20-ba71-18c1eb41ac3a,NYKAA,2025-06-23T12:13:27.523,2025-06-23T12:13:27.523,2025-06-23T12:13:27.523000,DissemDT,2025-06-23T12:13:27.523000,2025-06-23,2025-06-23T12:14:00,aligned,
cc29e0db-cf81-4d2e-abf8-c4f67cb689de,RVNL,2025-06-20T20:06:21.05,2025-06-20T20:06:21.05,2025-06-20T20:06:21.050000,DissemDT,2025-06-20T20:06:21.050000,2025-06-23,2025-06-23T09:15:00,aligned,
35ce9216-20c9-4987-a988-b83516b2b9a3,RVNL,2025-06-20T18:36:00.14,2025-06-20T18:36:00.14,2025-06-20T18:36:00.140000,DissemDT,2025-06-20T18:36:00.140000,2025-06-23,2025-06-23T09:15:00,aligned,
6477b2f9-ca56-4cb8-ae4a-c5ae00ffe60a,HDFCBANK,2025-06-20T15:38:25.773,2025-06-20T15:38:25.773,2025-06-20T15:38:25.773000,DissemDT,2025-06-20T15:38:25.773000,2025-06-23,2025-06-23T09:15:00,aligned,
62a9c523-47ca-4d8c-b228-2b7f3ffcf4c2,HAL,2025-06-20T15:34:53.1,2025-06-20T15:34:53.1,2025-06-20T15:34:53.100000,DissemDT,2025-06-20T15:34:53.100000,2025-06-23,2025-06-23T09:15:00,aligned,
6d9a4cf9-beb7-4fe8-a372-fcdf6217f68c,RVNL,2025-06-20T14:59:59.747,2025-06-20T14:59:59.747,2025-06-20T14:59:59.747000,DissemDT,2025-06-20T14:59:59.747000,2025-06-20,2025-06-20T15:00:00,aligned,
49c750f2-2dca-4c2e-97d2-392cc3cd8bcc,HDFCBANK,2025-06-19T21:27:50.263,2025-06-19T21:27:50.263,2025-06-19T21:27:50.263000,DissemDT,2025-06-19T21:27:50.263000,2025-06-20,2025-06-20T09:15:00,aligned,
77fd82bd-647f-477f-a177-17f28876bd8b,HAL,2025-06-19T17:27:30.507,2025-06-19T17:27:30.507,2025-06-19T17:27:30.507000,DissemDT,2025-06-19T17:27:30.507000,2025-06-20,2025-06-20T09:15:00,aligned,
c5154a6c-c93c-47e0-ae77-7461ef3c0c49,HDFCBANK,2025-06-19T15:55:32.537,2025-06-19T15:55:32.537,2025-06-19T15:55:32.537000,DissemDT,2025-06-19T15:55:32.537000,2025-06-20,2025-06-20T09:15:00,aligned,
c8021f8f-e1fb-47ed-9506-6f62eeffefb6,HDFCBANK,2025-06-18T18:38:55.473,2025-06-18T18:38:55.473,2025-06-18T18:38:55.473000,DissemDT,2025-06-18T18:38:55.473000,2025-06-19,2025-06-19T09:15:00,aligned,
7c9fa229-6300-4f57-b537-9ef2d5e7c930,RVNL,2025-06-18T18:19:46.767,2025-06-18T18:19:46.767,2025-06-18T18:19:46.767000,DissemDT,2025-06-18T18:19:46.767000,2025-06-19,2025-06-19T09:15:00,aligned,
d89f6a3c-e959-412f-af10-776c30cffb77,HDFCBANK,2025-06-17T18:40:27.48,2025-06-17T18:40:27.48,2025-06-17T18:40:27.480000,DissemDT,2025-06-17T18:40:27.480000,2025-06-18,2025-06-18T09:15:00,aligned,
6b426bf0-562f-4317-86a1-e84ff8e936ad,RELIANCE,2025-06-16T22:29:06.63,2025-06-16T22:29:06.63,2025-06-16T22:29:06.630000,DissemDT,2025-06-16T22:29:06.630000,2025-06-17,2025-06-17T09:15:00,aligned,
26c63975-4f96-4670-95e4-7ad2661ba5d1,RELIANCE,2025-06-13T22:58:00.43,2025-06-13T22:58:00.43,2025-06-13T22:58:00.430000,DissemDT,2025-06-13T22:58:00.430000,2025-06-16,2025-06-16T09:15:00,aligned,
4d5a0fc9-8b8d-4ad7-a830-1e851241a6bb,RELIANCE,2025-06-12T19:07:33.457,2025-06-12T19:07:33.457,2025-06-12T19:07:33.457000,DissemDT,2025-06-12T19:07:33.457000,2025-06-13,2025-06-13T09:15:00,aligned,
e7c33a16-1064-4288-8889-39357fbb095a,RELIANCE,2025-06-12T15:46:32.7,2025-06-12T15:46:32.7,2025-06-12T15:46:32.700000,DissemDT,2025-06-12T15:46:32.700000,2025-06-13,2025-06-13T09:15:00,aligned,
7ce6a706-9860-492e-96ca-a1544370f3bc,HDFCBANK,2025-06-12T15:41:16.96,2025-06-12T15:41:16.96,2025-06-12T15:41:16.960000,DissemDT,2025-06-12T15:41:16.960000,2025-06-13,2025-06-13T09:15:00,aligned,
3ada887e-407f-4911-80d1-e527a0f74ff0,RELIANCE,2025-06-12T15:02:25.943,2025-06-12T15:02:25.943,2025-06-12T15:02:25.943000,DissemDT,2025-06-12T15:02:25.943000,2025-06-12,2025-06-12T15:03:00,aligned,
07206034-b4b3-4ac4-a746-0a01e950e226,HDFCBANK,2025-06-11T21:58:55.73,2025-06-11T21:58:55.73,2025-06-11T21:58:55.730000,DissemDT,2025-06-11T21:58:55.730000,2025-06-12,2025-06-12T09:15:00,aligned,
b906a2cb-f02c-4b99-ae1f-cd40e1899ace,HDFCBANK,2025-06-11T20:00:46.73,2025-06-11T20:00:46.73,2025-06-11T20:00:46.730000,DissemDT,2025-06-11T20:00:46.730000,2025-06-12,2025-06-12T09:15:00,aligned,
b462c9ec-14c2-43ff-a0f8-ff81aaf3a686,RELIANCE,2025-06-10T20:27:20.13,2025-06-10T20:27:20.13,2025-06-10T20:27:20.130000,DissemDT,2025-06-10T20:27:20.130000,2025-06-11,2025-06-11T09:15:00,aligned,
d9d3e731-7024-46d2-8a95-06fd352db6f9,RELIANCE,2025-06-10T20:20:56.61,2025-06-10T20:20:56.61,2025-06-10T20:20:56.610000,DissemDT,2025-06-10T20:20:56.610000,2025-06-11,2025-06-11T09:15:00,aligned,
46e3b00e-64fb-4d8d-81d3-0449d61ae9c1,RELIANCE,2025-06-09T19:42:35.483,2025-06-09T19:42:35.483,2025-06-09T19:42:35.483000,DissemDT,2025-06-09T19:42:35.483000,2025-06-10,2025-06-10T09:15:00,aligned,
37f92756-2b14-4ba8-93af-ee82c10a76d2,NYKAA,2025-06-09T19:42:00.083,2025-06-09T19:42:00.083,2025-06-09T19:42:00.083000,DissemDT,2025-06-09T19:42:00.083000,2025-06-10,2025-06-10T09:15:00,aligned,
32a93858-bee0-4ec6-a9bb-a18678151d84,HDFCBANK,2025-06-08T21:04:01.467,2025-06-08T21:04:01.467,2025-06-08T21:04:01.467000,DissemDT,2025-06-08T21:04:01.467000,2025-06-09,2025-06-09T09:15:00,aligned,
183056cf-da0b-4a88-98ac-222124f3122a,HDFCBANK,2025-06-08T18:06:50.857,2025-06-08T18:06:50.853,2025-06-08T18:06:50.857000,DissemDT,2025-06-08T18:06:50.857000,2025-06-09,2025-06-09T09:15:00,aligned,
22fc3136-2718-4cac-88c1-47cd00cdc494,RELIANCE,2025-06-06T17:47:11.773,2025-06-06T17:47:11.773,2025-06-06T17:47:11.773000,DissemDT,2025-06-06T17:47:11.773000,2025-06-09,2025-06-09T09:15:00,aligned,
9db4e732-e020-4908-b6e7-6f5ef447323d,RVNL,2025-06-05T15:32:29.723,2025-06-05T15:32:29.723,2025-06-05T15:32:29.723000,DissemDT,2025-06-05T15:32:29.723000,2025-06-06,2025-06-06T09:15:00,aligned,
735f2dac-7991-4620-ae96-2d61a3240ad8,RELIANCE,2025-06-04T19:43:05.14,2025-06-04T19:43:05.14,2025-06-04T19:43:05.140000,DissemDT,2025-06-04T19:43:05.140000,2025-06-05,2025-06-05T09:15:00,aligned,
ae0b11a3-5125-4717-837c-f828578a37d4,NYKAA,2025-06-04T18:22:03.693,2025-06-04T18:22:03.693,2025-06-04T18:22:03.693000,DissemDT,2025-06-04T18:22:03.693000,2025-06-05,2025-06-05T09:15:00,aligned,
567c0d7c-3b2e-40c9-bb01-62621c25e6e1,HAL,2025-06-04T17:10:11.273,2025-06-04T17:10:11.273,2025-06-04T17:10:11.273000,DissemDT,2025-06-04T17:10:11.273000,2025-06-05,2025-06-05T09:15:00,aligned,
bcc59e9e-765e-4837-b3f6-177143e10111,NYKAA,2025-06-04T13:37:19.617,2025-06-04T13:37:19.617,2025-06-04T13:37:19.617000,DissemDT,2025-06-04T13:37:19.617000,2025-06-04,2025-06-04T13:38:00,aligned,
567e1e9f-4e61-475e-8c44-ec68f195200b,RELIANCE,2025-06-02T18:58:01.4,2025-06-02T18:58:01.4,2025-06-02T18:58:01.400000,DissemDT,2025-06-02T18:58:01.400000,2025-06-03,2025-06-03T09:15:00,aligned,
b664e3aa-8dba-477f-b1c4-cc4317a2b40b,NYKAA,2025-06-01T21:24:44.61,2025-06-01T21:24:44.61,2025-06-01T21:24:44.610000,DissemDT,2025-06-01T21:24:44.610000,2025-06-02,2025-06-02T09:15:00,aligned,
f176bfc1-1dbb-41dc-922b-0030f3330ea5,NYKAA,2025-05-30T23:48:32.053,2025-05-30T23:48:32.053,2025-05-30T23:48:32.053000,DissemDT,2025-05-30T23:48:32.053000,2025-06-02,2025-06-02T09:15:00,aligned,
f7adfd3f-4d6e-4f5e-b4cd-24a441e20862,NYKAA,2025-05-30T19:46:03.447,2025-05-30T19:46:03.447,2025-05-30T19:46:03.447000,DissemDT,2025-05-30T19:46:03.447000,2025-06-02,2025-06-02T09:15:00,aligned,
d427092a-0c16-47cf-b67b-8d0bf0ac2827,RELIANCE,2025-05-30T19:04:15.427,2025-05-30T19:04:15.427,2025-05-30T19:04:15.427000,DissemDT,2025-05-30T19:04:15.427000,2025-06-02,2025-06-02T09:15:00,aligned,
9e5c2e37-07cb-4a71-84f2-5673ce109810,RELIANCE,2025-05-30T18:54:54.777,2025-05-30T18:54:54.777,2025-05-30T18:54:54.777000,DissemDT,2025-05-30T18:54:54.777000,2025-06-02,2025-06-02T09:15:00,aligned,
6e2542bd-24ab-49c0-a87a-1b76cb29e30d,NYKAA,2025-05-30T17:00:53.913,2025-05-30T17:00:53.913,2025-05-30T17:00:53.913000,DissemDT,2025-05-30T17:00:53.913000,2025-06-02,2025-06-02T09:15:00,aligned,
ffd62987-08fe-43d4-8e54-87b17f3eefe7,NYKAA,2025-05-30T16:54:23.96,2025-05-30T16:54:23.96,2025-05-30T16:54:23.960000,DissemDT,2025-05-30T16:54:23.960000,2025-06-02,2025-06-02T09:15:00,aligned,
e74ed69c-212f-40d3-9a33-c8b2471ba46c,NYKAA,2025-05-30T16:46:36.193,2025-05-30T16:46:36.193,2025-05-30T16:46:36.193000,DissemDT,2025-05-30T16:46:36.193000,2025-06-02,2025-06-02T09:15:00,aligned,
8de41c8a-e4b2-45bc-b739-d64f140a94d9,NYKAA,2025-05-30T16:43:46.893,2025-05-30T16:43:46.893,2025-05-30T16:43:46.893000,DissemDT,2025-05-30T16:43:46.893000,2025-06-02,2025-06-02T09:15:00,aligned,
7992bfcb-614a-424f-b31d-b4b880ef3a58,NYKAA,2025-05-30T16:39:40.97,2025-05-30T16:39:40.97,2025-05-30T16:39:40.970000,DissemDT,2025-05-30T16:39:40.970000,2025-06-02,2025-06-02T09:15:00,aligned,
219f2f3a-7411-4bb5-b271-a85db580196e,RVNL,2025-05-30T16:27:24.37,2025-05-30T16:27:24.37,2025-05-30T16:27:24.370000,DissemDT,2025-05-30T16:27:24.370000,2025-06-02,2025-06-02T09:15:00,aligned,
354d9ff9-ab6c-49bc-af3c-eddf2c80764e,RVNL,2025-05-30T16:19:55.61,2025-05-30T16:19:55.61,2025-05-30T16:19:55.610000,DissemDT,2025-05-30T16:19:55.610000,2025-06-02,2025-06-02T09:15:00,aligned,
6333ad7c-20e4-437e-8c41-19d493e18c2c,RELIANCE,2025-05-29T19:14:47.1,2025-05-29T19:14:47.1,2025-05-29T19:14:47.100000,DissemDT,2025-05-29T19:14:47.100000,2025-05-30,2025-05-30T09:15:00,aligned,
6a9ffdbf-6820-40c8-806f-12b1e27c4971,RVNL,2025-05-29T18:19:54.98,2025-05-29T18:19:54.977,2025-05-29T18:19:54.980000,DissemDT,2025-05-29T18:19:54.980000,2025-05-30,2025-05-30T09:15:00,aligned,
f13447a0-80e6-47d7-a88d-f2eb9973645e,RVNL,2025-05-29T17:32:56.417,2025-05-29T17:32:56.417,2025-05-29T17:32:56.417000,DissemDT,2025-05-29T17:32:56.417000,2025-05-30,2025-05-30T09:15:00,aligned,
a69217ab-b9a4-4e8d-a04f-83be7986fdae,HDFCBANK,2025-05-29T17:00:16.047,2025-05-29T17:00:16.047,2025-05-29T17:00:16.047000,DissemDT,2025-05-29T17:00:16.047000,2025-05-30,2025-05-30T09:15:00,aligned,
d6d9ff59-b253-4c98-9e82-70d30a2d806f,HAL,2025-05-29T15:57:23.277,2025-05-29T15:57:23.277,2025-05-29T15:57:23.277000,DissemDT,2025-05-29T15:57:23.277000,2025-05-30,2025-05-30T09:15:00,aligned,
50a700b4-9638-483b-b1c0-4135dcd2598b,HDFCBANK,2025-05-28T19:54:03.94,2025-05-28T19:54:03.94,2025-05-28T19:54:03.940000,DissemDT,2025-05-28T19:54:03.940000,2025-05-29,2025-05-29T09:15:00,aligned,
b0d67280-95dd-4038-85ff-03c8a1a0258e,HDFCBANK,2025-05-28T19:52:36.2,2025-05-28T19:52:36.2,2025-05-28T19:52:36.200000,DissemDT,2025-05-28T19:52:36.200000,2025-05-29,2025-05-29T09:15:00,aligned,
f27f0a54-8e73-41fc-8e02-1c5983556454,RELIANCE,2025-05-28T18:22:56.857,2025-05-28T18:22:56.857,2025-05-28T18:22:56.857000,DissemDT,2025-05-28T18:22:56.857000,2025-05-29,2025-05-29T09:15:00,aligned,
7c91a999-b0ba-498a-93f7-10845f7d3441,RVNL,2025-05-28T18:03:23.017,2025-05-28T18:03:23.017,2025-05-28T18:03:23.017000,DissemDT,2025-05-28T18:03:23.017000,2025-05-29,2025-05-29T09:15:00,aligned,
e3c5b00a-dfe4-4cbf-8389-9e1a896612e0,RELIANCE,2025-05-28T17:42:54.357,2025-05-28T17:42:54.357,2025-05-28T17:42:54.357000,DissemDT,2025-05-28T17:42:54.357000,2025-05-29,2025-05-29T09:15:00,aligned,
af3e7043-6da2-42cc-bf69-fd70c6c3597d,NYKAA,2025-05-28T17:16:02.397,2025-05-28T17:16:02.397,2025-05-28T17:16:02.397000,DissemDT,2025-05-28T17:16:02.397000,2025-05-29,2025-05-29T09:15:00,aligned,
0988eb0e-2665-46bc-94b5-f79f4d053c6c,NYKAA,2025-05-28T14:32:29.77,2025-05-28T14:32:29.77,2025-05-28T14:32:29.770000,DissemDT,2025-05-28T14:32:29.770000,2025-05-28,2025-05-28T14:33:00,aligned,
89019811-4983-4638-9e93-70bd2ea4b7bf,RVNL,2025-05-26T16:59:25.403,2025-05-26T16:59:25.403,2025-05-26T16:59:25.403000,DissemDT,2025-05-26T16:59:25.403000,2025-05-27,2025-05-27T09:15:00,aligned,
9c684f37-4172-45b5-8200-7ea26c1b1bff,RVNL,2025-05-22T22:40:14.903,2025-05-22T22:40:14.903,2025-05-22T22:40:14.903000,DissemDT,2025-05-22T22:40:14.903000,2025-05-23,2025-05-23T09:15:00,aligned,
a72fdbb1-7deb-436c-9f0a-f3e0812ca69e,HDFCBANK,2025-05-22T16:34:32.5,2025-05-22T16:34:32.5,2025-05-22T16:34:32.500000,DissemDT,2025-05-22T16:34:32.500000,2025-05-23,2025-05-23T09:15:00,aligned,
234b397d-6a73-4442-b96e-295cbb6fe2c8,HAL,2025-05-22T14:14:22.957,2025-05-22T14:14:22.957,2025-05-22T14:14:22.957000,DissemDT,2025-05-22T14:14:22.957000,2025-05-22,2025-05-22T14:15:00,aligned,
1ae30888-846a-4142-a781-304dac9cd56d,RVNL,2025-05-22T13:37:38.34,2025-05-22T13:37:38.34,2025-05-22T13:37:38.340000,DissemDT,2025-05-22T13:37:38.340000,2025-05-22,2025-05-22T13:38:00,aligned,
d709c369-ada4-4433-9f71-e11f3a62c921,RVNL,2025-05-21T18:49:57.357,2025-05-21T18:49:57.357,2025-05-21T18:49:57.357000,DissemDT,2025-05-21T18:49:57.357000,2025-05-22,2025-05-22T09:15:00,aligned,
16aad438-fe7b-4f9e-9d67-2b4f5dd2f94c,RVNL,2025-05-21T18:39:08.073,2025-05-21T18:39:08.073,2025-05-21T18:39:08.073000,DissemDT,2025-05-21T18:39:08.073000,2025-05-22,2025-05-22T09:15:00,aligned,
17d40ad1-ece1-400a-93e9-064620e21302,RVNL,2025-05-21T18:21:34.003,2025-05-21T18:21:34.003,2025-05-21T18:21:34.003000,DissemDT,2025-05-21T18:21:34.003000,2025-05-22,2025-05-22T09:15:00,aligned,
15c4209c-02e7-4920-a51c-23f431b3971b,RVNL,2025-05-21T18:14:05.563,2025-05-21T18:14:05.563,2025-05-21T18:14:05.563000,DissemDT,2025-05-21T18:14:05.563000,2025-05-22,2025-05-22T09:15:00,aligned,
1870b4ab-44f4-4fb4-ac49-d5224f8b31d2,HDFCBANK,2025-05-21T17:30:34.197,2025-05-21T17:30:34.197,2025-05-21T17:30:34.197000,DissemDT,2025-05-21T17:30:34.197000,2025-05-22,2025-05-22T09:15:00,aligned,
e2052aab-cd60-4271-bbe2-625d8ae90ae5,HAL,2025-05-21T16:59:16.16,2025-05-21T16:59:16.16,2025-05-21T16:59:16.160000,DissemDT,2025-05-21T16:59:16.160000,2025-05-22,2025-05-22T09:15:00,aligned,
1207d38e-eb86-4c58-be07-ee7eea0c7581,HAL,2025-05-21T11:47:01.703,2025-05-21T11:47:01.703,2025-05-21T11:47:01.703000,DissemDT,2025-05-21T11:47:01.703000,2025-05-21,2025-05-21T11:48:00,aligned,
9a495594-d9fd-4d0f-a889-795c2fec6468,NYKAA,2025-05-20T19:35:58.71,2025-05-20T19:35:58.71,2025-05-20T19:35:58.710000,DissemDT,2025-05-20T19:35:58.710000,2025-05-21,2025-05-21T09:15:00,aligned,
ed280a3b-383e-428a-9c0c-4fb9e097dbfe,HAL,2025-05-20T16:53:17.753,2025-05-20T16:53:17.753,2025-05-20T16:53:17.753000,DissemDT,2025-05-20T16:53:17.753000,2025-05-21,2025-05-21T09:15:00,aligned,
da0b86a8-6be7-4382-8ba6-32d003d985b9,NYKAA,2025-05-19T19:23:51.823,2025-05-19T19:23:51.823,2025-05-19T19:23:51.823000,DissemDT,2025-05-19T19:23:51.823000,2025-05-20,2025-05-20T09:15:00,aligned,
d012c034-61b7-4496-8ce5-4b87e073c162,NYKAA,2025-05-19T19:13:34.11,2025-05-19T19:13:34.11,2025-05-19T19:13:34.110000,DissemDT,2025-05-19T19:13:34.110000,2025-05-20,2025-05-20T09:15:00,aligned,
0e3e103f-225f-4e63-8e2a-1ce4af39edf3,RVNL,2025-05-19T18:53:11.66,2025-05-19T18:53:11.66,2025-05-19T18:53:11.660000,DissemDT,2025-05-19T18:53:11.660000,2025-05-20,2025-05-20T09:15:00,aligned,
86ea0989-ac61-4055-9918-361a6d5fe906,HAL,2025-05-16T18:19:06.087,2025-05-16T18:19:06.087,2025-05-16T18:19:06.087000,DissemDT,2025-05-16T18:19:06.087000,2025-05-19,2025-05-19T09:15:00,aligned,
0e37567d-9cf3-4d88-ae9f-61239ee769da,RVNL,2025-05-16T18:10:36.323,2025-05-16T18:10:36.323,2025-05-16T18:10:36.323000,DissemDT,2025-05-16T18:10:36.323000,2025-05-19,2025-05-19T09:15:00,aligned,
c927c517-9da3-4d84-8f99-9ee82287675c,HDFCBANK,2025-05-15T20:28:58.89,2025-05-15T20:28:58.89,2025-05-15T20:28:58.890000,DissemDT,2025-05-15T20:28:58.890000,2025-05-16,2025-05-16T09:15:00,aligned,
0cd5a754-ab67-4e70-98fd-36c8d32310d1,RVNL,2025-05-15T19:14:38.377,2025-05-15T19:14:38.377,2025-05-15T19:14:38.377000,DissemDT,2025-05-15T19:14:38.377000,2025-05-16,2025-05-16T09:15:00,aligned,
cce8fbde-e1ee-4585-bb37-419f71bc6cf8,RVNL,2025-05-15T19:01:00.633,2025-05-15T19:01:00.633,2025-05-15T19:01:00.633000,DissemDT,2025-05-15T19:01:00.633000,2025-05-16,2025-05-16T09:15:00,aligned,
0d56e3d1-76cd-4f87-a618-bd7b16a82495,HDFCBANK,2025-05-15T18:46:51.337,2025-05-15T18:46:51.337,2025-05-15T18:46:51.337000,DissemDT,2025-05-15T18:46:51.337000,2025-05-16,2025-05-16T09:15:00,aligned,
2a92ee97-a195-41dc-9864-ffcea4edce0f,HAL,2025-05-15T17:43:24.3,2025-05-15T17:43:24.3,2025-05-15T17:43:24.300000,DissemDT,2025-05-15T17:43:24.300000,2025-05-16,2025-05-16T09:15:00,aligned,
d27816d5-f89e-4145-b8bb-ad384e46b682,RVNL,2025-05-15T17:02:41.247,2025-05-15T17:02:41.247,2025-05-15T17:02:41.247000,DissemDT,2025-05-15T17:02:41.247000,2025-05-16,2025-05-16T09:15:00,aligned,
d2a1d4d3-ac40-4e44-980f-889d0df2d7f1,HAL,2025-05-14T13:19:27.863,2025-05-14T13:19:27.863,2025-05-14T13:19:27.863000,DissemDT,2025-05-14T13:19:27.863000,2025-05-14,2025-05-14T13:20:00,aligned,
d330afcd-3367-48c0-91c9-2e630dbd106b,HAL,2025-05-13T19:42:50.85,2025-05-13T19:42:50.85,2025-05-13T19:42:50.850000,DissemDT,2025-05-13T19:42:50.850000,2025-05-14,2025-05-14T09:15:00,aligned,
31431c24-33f8-4aa6-adb8-dae183a2320f,RVNL,2025-05-13T17:54:24.953,2025-05-13T17:54:24.953,2025-05-13T17:54:24.953000,DissemDT,2025-05-13T17:54:24.953000,2025-05-14,2025-05-14T09:15:00,aligned,
63555955-c100-4c40-b144-e47d88be43c5,RVNL,2025-05-13T16:38:23.167,2025-05-13T16:38:23.167,2025-05-13T16:38:23.167000,DissemDT,2025-05-13T16:38:23.167000,2025-05-14,2025-05-14T09:15:00,aligned,
6b0ae78d-67de-41f0-ace8-84d26070fe3e,HDFCBANK,2025-05-10T22:52:20.16,2025-05-10T22:52:20.16,2025-05-10T22:52:20.160000,DissemDT,2025-05-10T22:52:20.160000,2025-05-12,2025-05-12T09:15:00,aligned,
89d7e63f-29c9-4c35-bd54-04389a2c7f43,NYKAA,2025-05-10T16:30:49.52,2025-05-10T16:30:49.52,2025-05-10T16:30:49.520000,DissemDT,2025-05-10T16:30:49.520000,2025-05-12,2025-05-12T09:15:00,aligned,
d883bc21-9e9d-4181-b68c-3458972021e7,HAL,2025-05-09T12:09:09.75,2025-05-09T12:09:09.75,2025-05-09T12:09:09.750000,DissemDT,2025-05-09T12:09:09.750000,2025-05-09,2025-05-09T12:10:00,aligned,
6f15a699-596a-46a5-a52a-d9d5d24edfc6,RELIANCE,2025-05-08T22:18:38.563,2025-05-08T22:18:38.563,2025-05-08T22:18:38.563000,DissemDT,2025-05-08T22:18:38.563000,2025-05-09,2025-05-09T09:15:00,aligned,
dc585788-efd0-4827-a8f8-7bc883e5d4ef,HAL,2025-05-06T20:21:41.83,2025-05-06T20:21:41.83,2025-05-06T20:21:41.830000,DissemDT,2025-05-06T20:21:41.830000,2025-05-07,2025-05-07T09:15:00,aligned,
e8983e22-c8dc-4a63-ae67-6458e20b3460,RVNL,2025-05-06T17:45:58.43,2025-05-06T17:45:58.43,2025-05-06T17:45:58.430000,DissemDT,2025-05-06T17:45:58.430000,2025-05-07,2025-05-07T09:15:00,aligned,
564a86c5-8f30-4a41-94bf-3aca416f74b8,RVNL,2025-05-06T17:11:22.21,2025-05-06T17:11:22.21,2025-05-06T17:11:22.210000,DissemDT,2025-05-06T17:11:22.210000,2025-05-07,2025-05-07T09:15:00,aligned,
f8d8c234-c652-4a6e-82c0-097cf1ea53cd,HAL,2025-05-06T16:43:20.703,2025-05-06T16:43:20.703,2025-05-06T16:43:20.703000,DissemDT,2025-05-06T16:43:20.703000,2025-05-07,2025-05-07T09:15:00,aligned,
11bd9853-bf19-467a-81bb-d5f4c7a80ee5,RELIANCE,2025-05-05T17:08:46.1,2025-05-05T17:08:46.1,2025-05-05T17:08:46.100000,DissemDT,2025-05-05T17:08:46.100000,2025-05-06,2025-05-06T09:15:00,aligned,
f48eb8ef-d86c-4afe-9900-720b30cd12c7,RELIANCE,2025-05-03T14:55:30.737,2025-05-03T14:55:30.737,2025-05-03T14:55:30.737000,DissemDT,2025-05-03T14:55:30.737000,2025-05-05,2025-05-05T09:15:00,aligned,
a757da46-6bc1-45d7-86e0-1078ab13e8c9,RELIANCE,2025-05-02T17:17:47.65,2025-05-02T17:17:47.65,2025-05-02T17:17:47.650000,DissemDT,2025-05-02T17:17:47.650000,2025-05-05,2025-05-05T09:15:00,aligned,
b869304d-7cae-438c-94aa-f071494612a9,HAL,2025-05-01T17:18:07.76,2025-05-01T17:18:07.76,2025-05-01T17:18:07.760000,DissemDT,2025-05-01T17:18:07.760000,2025-05-02,2025-05-02T09:15:00,aligned,
7268b80d-1c03-4a97-b40f-6e32f18dbded,HAL,2025-05-01T16:59:59.223,2025-05-01T16:59:59.223,2025-05-01T16:59:59.223000,DissemDT,2025-05-01T16:59:59.223000,2025-05-02,2025-05-02T09:15:00,aligned,
f2630408-1adf-4eef-892f-8c0a80e5be29,RELIANCE,2025-04-30T21:37:33.337,2025-04-30T21:37:33.337,2025-04-30T21:37:33.337000,DissemDT,2025-04-30T21:37:33.337000,2025-05-02,2025-05-02T09:15:00,aligned,
ecb98693-40df-4dba-8526-b78cdaa5d06c,RVNL,2025-04-30T17:01:42.177,2025-04-30T17:01:42.177,2025-04-30T17:01:42.177000,DissemDT,2025-04-30T17:01:42.177000,2025-05-02,2025-05-02T09:15:00,aligned,
ddfa5365-9407-492a-916c-e8e9cfd952ce,RELIANCE,2025-04-26T22:10:24.66,2025-04-26T22:10:24.66,2025-04-26T22:10:24.660000,DissemDT,2025-04-26T22:10:24.660000,2025-04-28,2025-04-28T09:15:00,aligned,
fa0d5ce5-1d9c-4ea1-bfd0-93f3b3bd6a2e,RELIANCE,2025-04-26T22:07:06.657,2025-04-26T22:07:06.657,2025-04-26T22:07:06.657000,DissemDT,2025-04-26T22:07:06.657000,2025-04-28,2025-04-28T09:15:00,aligned,
9eb7f8ce-da4f-4cda-9b4c-a84582a4c8a5,RELIANCE,2025-04-25T22:37:48.05,2025-04-25T22:37:48.05,2025-04-25T22:37:48.050000,DissemDT,2025-04-25T22:37:48.050000,2025-04-28,2025-04-28T09:15:00,aligned,
d35d3870-f9f5-4f9e-8afe-1eebbeca1bb9,RELIANCE,2025-04-25T21:25:37.77,2025-04-25T21:25:37.77,2025-04-25T21:25:37.770000,DissemDT,2025-04-25T21:25:37.770000,2025-04-28,2025-04-28T09:15:00,aligned,
b2b3b116-57e5-43a2-aef6-796eefa6fbaf,HDFCBANK,2025-04-25T20:42:54.633,2025-04-25T20:42:54.633,2025-04-25T20:42:54.633000,DissemDT,2025-04-25T20:42:54.633000,2025-04-28,2025-04-28T09:15:00,aligned,
640d1dbf-086c-4dac-8c3b-2554826840f2,RELIANCE,2025-04-25T20:28:58.92,2025-04-25T20:28:58.92,2025-04-25T20:28:58.920000,DissemDT,2025-04-25T20:28:58.920000,2025-04-28,2025-04-28T09:15:00,aligned,
1dd7df15-7ce7-4588-af83-99bc9e161e37,RELIANCE,2025-04-25T20:16:14.717,2025-04-25T20:16:14.717,2025-04-25T20:16:14.717000,DissemDT,2025-04-25T20:16:14.717000,2025-04-28,2025-04-28T09:15:00,aligned,
677afd38-f976-4051-8beb-e249307014ae,RELIANCE,2025-04-25T20:13:16.593,2025-04-25T20:13:16.593,2025-04-25T20:13:16.593000,DissemDT,2025-04-25T20:13:16.593000,2025-04-28,2025-04-28T09:15:00,aligned,
9d02b0dc-1d40-4b39-9afc-649b98e21f28,RELIANCE,2025-04-25T19:56:23.94,2025-04-25T19:56:23.94,2025-04-25T19:56:23.940000,DissemDT,2025-04-25T19:56:23.940000,2025-04-28,2025-04-28T09:15:00,aligned,
23b0af79-5047-4cd3-9d2e-63dfe658daf6,RVNL,2025-04-25T13:01:23.43,2025-04-25T13:01:23.43,2025-04-25T13:01:23.430000,DissemDT,2025-04-25T13:01:23.430000,2025-04-25,2025-04-25T13:02:00,aligned,
ace34cf0-9f56-4d97-9ec3-a9c1928b2e3a,HDFCBANK,2025-04-24T17:57:12.11,2025-04-24T17:57:12.11,2025-04-24T17:57:12.110000,DissemDT,2025-04-24T17:57:12.110000,2025-04-25,2025-04-25T09:15:00,aligned,
1c82f5d5-c065-4ecd-8e92-915a0a682dc4,HAL,2025-04-24T11:54:06.57,2025-04-24T11:54:06.57,2025-04-24T11:54:06.570000,DissemDT,2025-04-24T11:54:06.570000,2025-04-24,2025-04-24T11:55:00,aligned,
37d28468-474e-46c2-9edc-baae3f11fcc1,HDFCBANK,2025-04-23T21:25:48.3,2025-04-23T21:25:48.3,2025-04-23T21:25:48.300000,DissemDT,2025-04-23T21:25:48.300000,2025-04-24,2025-04-24T09:15:00,aligned,
7a361d7d-d693-47d9-b09b-53943aaf2787,RELIANCE,2025-04-22T22:07:49.407,2025-04-22T22:07:49.407,2025-04-22T22:07:49.407000,DissemDT,2025-04-22T22:07:49.407000,2025-04-23,2025-04-23T09:15:00,aligned,
e9e6b4f8-b5e1-4286-b2b0-36ac8d445b0a,HDFCBANK,2025-04-20T12:46:24.06,2025-04-20T12:46:24.06,2025-04-20T12:46:24.060000,DissemDT,2025-04-20T12:46:24.060000,2025-04-21,2025-04-21T09:15:00,aligned,
28bac25c-8fe5-4609-ba9f-42511c8cac07,NYKAA,2025-04-20T10:26:40.49,2025-04-20T10:26:40.49,2025-04-20T10:26:40.490000,DissemDT,2025-04-20T10:26:40.490000,2025-04-21,2025-04-21T09:15:00,aligned,
161703f9-11e4-4ae9-9620-f8044602292c,HDFCBANK,2025-04-19T22:48:24.42,2025-04-19T22:48:24.42,2025-04-19T22:48:24.420000,DissemDT,2025-04-19T22:48:24.420000,2025-04-21,2025-04-21T09:15:00,aligned,
82869bed-f1fb-42d4-bafb-44fbaa152c72,HDFCBANK,2025-04-19T18:02:54.527,2025-04-19T18:02:54.527,2025-04-19T18:02:54.527000,DissemDT,2025-04-19T18:02:54.527000,2025-04-21,2025-04-21T09:15:00,aligned,
e60350b0-5c09-4644-88bc-5673bfa87dc1,HDFCBANK,2025-04-19T16:55:41.55,2025-04-19T16:55:41.55,2025-04-19T16:55:41.550000,DissemDT,2025-04-19T16:55:41.550000,2025-04-21,2025-04-21T09:15:00,aligned,
5884fb56-2e48-495e-ae0c-49dff9cd1ac1,HDFCBANK,2025-04-19T16:51:16.96,2025-04-19T16:51:16.96,2025-04-19T16:51:16.960000,DissemDT,2025-04-19T16:51:16.960000,2025-04-21,2025-04-21T09:15:00,aligned,
d39e858d-7c4d-472d-8787-320b9fa5de45,HDFCBANK,2025-04-19T16:04:19.01,2025-04-19T16:04:19.01,2025-04-19T16:04:19.010000,DissemDT,2025-04-19T16:04:19.010000,2025-04-21,2025-04-21T09:15:00,aligned,
a1856637-c84f-4733-abe8-02eb36e75d06,HDFCBANK,2025-04-19T15:08:38.2,2025-04-19T15:08:38.2,2025-04-19T15:08:38.200000,DissemDT,2025-04-19T15:08:38.200000,2025-04-21,2025-04-21T09:15:00,aligned,
a67f706d-21b5-44a3-b2a9-4f7c0be8e21d,HDFCBANK,2025-04-19T15:06:26.453,2025-04-19T15:06:26.453,2025-04-19T15:06:26.453000,DissemDT,2025-04-19T15:06:26.453000,2025-04-21,2025-04-21T09:15:00,aligned,
817c7bbc-60a9-484f-83c0-fad34de0b1c7,HDFCBANK,2025-04-19T14:58:31.24,2025-04-19T14:58:31.24,2025-04-19T14:58:31.240000,DissemDT,2025-04-19T14:58:31.240000,2025-04-21,2025-04-21T09:15:00,aligned,
8cc372c2-d33e-449a-93c6-06bffc951281,RELIANCE,2025-04-18T17:43:09.883,2025-04-18T17:43:09.883,2025-04-18T17:43:09.883000,DissemDT,2025-04-18T17:43:09.883000,2025-04-21,2025-04-21T09:15:00,aligned,
875b7507-619b-4058-be98-cd5b84bf5bcf,RELIANCE,2025-04-17T17:19:07.46,2025-04-17T17:19:07.46,2025-04-17T17:19:07.460000,DissemDT,2025-04-17T17:19:07.460000,2025-04-21,2025-04-21T09:15:00,aligned,
0100c3f8-bcf8-414d-a4c8-fb75bbc9b2e6,HAL,2025-04-17T12:44:30.927,2025-04-17T12:44:30.927,2025-04-17T12:44:30.927000,DissemDT,2025-04-17T12:44:30.927000,2025-04-17,2025-04-17T12:45:00,aligned,
14a160b5-c000-4751-be88-989950d1ef79,HDFCBANK,2025-04-16T15:36:34.993,2025-04-16T15:36:34.993,2025-04-16T15:36:34.993000,DissemDT,2025-04-16T15:36:34.993000,2025-04-17,2025-04-17T09:15:00,aligned,
2fd99f59-1ef1-4581-9fb2-af3166a11c87,RVNL,2025-04-15T17:19:31.157,2025-04-15T17:19:31.157,2025-04-15T17:19:31.157000,DissemDT,2025-04-15T17:19:31.157000,2025-04-16,2025-04-16T09:15:00,aligned,
c9082846-c2c8-4a27-9350-c40b8a2e2b6b,HDFCBANK,2025-04-15T16:34:29.53,2025-04-15T16:34:29.53,2025-04-15T16:34:29.530000,DissemDT,2025-04-15T16:34:29.530000,2025-04-16,2025-04-16T09:15:00,aligned,
67149daf-b5b1-4078-9ae6-ed8075d06c2d,RELIANCE,2025-04-11T18:51:26.62,2025-04-11T18:51:26.62,2025-04-11T18:51:26.620000,DissemDT,2025-04-11T18:51:26.620000,2025-04-15,2025-04-15T09:15:00,aligned,
b799c20e-e615-4a5e-819f-10a6a9a3c69e,HAL,2025-04-11T16:07:14.45,2025-04-11T16:07:14.45,2025-04-11T16:07:14.450000,DissemDT,2025-04-11T16:07:14.450000,2025-04-15,2025-04-15T09:15:00,aligned,
aab1a3e7-5916-43c2-9100-6faa7f87f992,RVNL,2025-04-11T12:38:21.01,2025-04-11T12:38:21.01,2025-04-11T12:38:21.010000,DissemDT,2025-04-11T12:38:21.010000,2025-04-11,2025-04-11T12:39:00,aligned,
3beb4b6f-d72a-4444-805d-f332b5d5396c,HAL,2025-04-11T10:22:56.367,2025-04-11T10:22:56.367,2025-04-11T10:22:56.367000,DissemDT,2025-04-11T10:22:56.367000,2025-04-11,2025-04-11T10:23:00,aligned,
cad40bed-3929-4a1d-a280-9442817c7f7f,RELIANCE,2025-04-10T19:17:35.927,2025-04-10T19:17:35.927,2025-04-10T19:17:35.927000,DissemDT,2025-04-10T19:17:35.927000,2025-04-11,2025-04-11T09:15:00,aligned,
61bd5340-3fa8-4d4a-a349-8c0136eb35ce,NYKAA,2025-04-10T18:48:31.947,2025-04-10T18:48:31.947,2025-04-10T18:48:31.947000,DissemDT,2025-04-10T18:48:31.947000,2025-04-11,2025-04-11T09:15:00,aligned,
91ab90fc-db5a-4b3b-bad0-fe96819c9b2f,NYKAA,2025-04-10T17:22:46.793,2025-04-10T17:22:46.793,2025-04-10T17:22:46.793000,DissemDT,2025-04-10T17:22:46.793000,2025-04-11,2025-04-11T09:15:00,aligned,
893a982d-8bdb-4ae8-9ea1-9f4b36358e77,HDFCBANK,2025-04-08T19:38:37.483,2025-04-08T19:38:37.483,2025-04-08T19:38:37.483000,DissemDT,2025-04-08T19:38:37.483000,2025-04-09,2025-04-09T09:15:00,aligned,
a2c4cea2-89f2-4a5a-b628-f9950f4683d2,HAL,2025-04-08T16:51:09.84,2025-04-08T16:51:09.84,2025-04-08T16:51:09.840000,DissemDT,2025-04-08T16:51:09.840000,2025-04-09,2025-04-09T09:15:00,aligned,
fe34dd2a-5c70-40ae-9f0a-18c9d0a7b147,NYKAA,2025-04-06T17:12:27.42,2025-04-06T17:12:27.42,2025-04-06T17:12:27.420000,DissemDT,2025-04-06T17:12:27.420000,2025-04-07,2025-04-07T09:15:00,aligned,
0ed016d4-ce31-4d20-87c5-52832d87f8ee,NYKAA,2025-04-05T18:46:06.383,2025-04-05T18:46:06.383,2025-04-05T18:46:06.383000,DissemDT,2025-04-05T18:46:06.383000,2025-04-07,2025-04-07T09:15:00,aligned,
eaa4c793-4432-4360-a852-84811821a9b4,RVNL,2025-04-04T17:17:13.217,2025-04-04T17:17:13.217,2025-04-04T17:17:13.217000,DissemDT,2025-04-04T17:17:13.217000,2025-04-07,2025-04-07T09:15:00,aligned,
280a6f6c-5312-4f06-ad7a-de5340cf62fe,HDFCBANK,2025-04-03T20:38:15.133,2025-04-03T20:38:15.133,2025-04-03T20:38:15.133000,DissemDT,2025-04-03T20:38:15.133000,2025-04-04,2025-04-04T09:15:00,aligned,
a6541e8b-e1e2-484f-9c51-94d34fb829f5,RELIANCE,2025-04-03T16:38:11.843,2025-04-03T16:38:11.843,2025-04-03T16:38:11.843000,DissemDT,2025-04-03T16:38:11.843000,2025-04-04,2025-04-04T09:15:00,aligned,
96375327-cef6-4682-83d7-614401082f39,RVNL,2025-04-03T15:44:42.62,2025-04-03T15:44:42.62,2025-04-03T15:44:42.620000,DissemDT,2025-04-03T15:44:42.620000,2025-04-04,2025-04-04T09:15:00,aligned,
d51724f6-d843-4789-8624-597cbb16979a,RELIANCE,2025-04-02T20:11:16.967,2025-04-02T20:11:16.967,2025-04-02T20:11:16.967000,DissemDT,2025-04-02T20:11:16.967000,2025-04-03,2025-04-03T09:15:00,aligned,
25df2292-6440-40c6-80be-5c3ee93257fd,HDFCBANK,2025-04-02T19:38:26.157,2025-04-02T19:38:26.157,2025-04-02T19:38:26.157000,DissemDT,2025-04-02T19:38:26.157000,2025-04-03,2025-04-03T09:15:00,aligned,
98dfe337-b6dc-4baf-83fb-a96360b015a6,RELIANCE,2025-04-02T13:16:06.19,2025-04-02T13:16:06.19,2025-04-02T13:16:06.190000,DissemDT,2025-04-02T13:16:06.190000,2025-04-02,2025-04-02T13:17:00,aligned,
77a61815-7a87-4241-9f10-f987da129d03,HAL,2025-04-01T15:25:21.657,2025-04-01T15:25:21.657,2025-04-01T15:25:21.657000,DissemDT,2025-04-01T15:25:21.657000,2025-04-01,2025-04-01T15:26:00,aligned,
2677225c-e317-4e05-99de-8ebefa20c38a,HAL,2025-03-31T18:36:30.993,2025-03-31T18:36:30.993,2025-03-31T18:36:30.993000,DissemDT,2025-03-31T18:36:30.993000,2025-04-01,2025-04-01T09:15:00,aligned,
3336c156-47f9-4ed2-ba0f-27529a6440f1,RELIANCE,2025-03-28T20:22:19.47,2025-03-28T20:22:19.47,2025-03-28T20:22:19.470000,DissemDT,2025-03-28T20:22:19.470000,2025-04-01,2025-04-01T09:15:00,aligned,
dec0ee79-838e-4e6f-a6c6-ac451bdcb551,HAL,2025-03-28T20:12:00.08,2025-03-28T20:12:00.08,2025-03-28T20:12:00.080000,DissemDT,2025-03-28T20:12:00.080000,2025-04-01,2025-04-01T09:15:00,aligned,
e47540d0-b9b6-4efa-a3b5-a543419e2c6b,RVNL,2025-03-28T18:42:24.173,2025-03-28T18:42:24.173,2025-03-28T18:42:24.173000,DissemDT,2025-03-28T18:42:24.173000,2025-04-01,2025-04-01T09:15:00,aligned,
bd2c3683-0543-40e2-97e0-6c3cae13c6c8,RELIANCE,2025-03-28T18:07:50.633,2025-03-28T18:07:50.633,2025-03-28T18:07:50.633000,DissemDT,2025-03-28T18:07:50.633000,2025-04-01,2025-04-01T09:15:00,aligned,
afaf2398-5c9c-4d4c-9a1a-08e1abae7597,HAL,2025-03-27T17:14:20.557,2025-03-27T17:14:20.557,2025-03-27T17:14:20.557000,DissemDT,2025-03-27T17:14:20.557000,2025-03-28,2025-03-28T09:15:00,aligned,
74e8aba8-4513-4bb1-a62c-cc52513514f5,HDFCBANK,2025-03-27T16:03:13.513,2025-03-27T16:03:13.513,2025-03-27T16:03:13.513000,DissemDT,2025-03-27T16:03:13.513000,2025-03-28,2025-03-28T09:15:00,aligned,
e5d94954-6d14-4acd-b5e4-050cc9e12c27,HAL,2025-03-27T10:40:46.313,2025-03-27T10:40:46.313,2025-03-27T10:40:46.313000,DissemDT,2025-03-27T10:40:46.313000,2025-03-27,2025-03-27T10:41:00,aligned,
e37478fc-212d-4e98-b936-38fe48037629,HAL,2025-03-27T10:18:36.88,2025-03-27T10:18:36.88,2025-03-27T10:18:36.880000,DissemDT,2025-03-27T10:18:36.880000,2025-03-27,2025-03-27T10:19:00,aligned,
c39c5284-1c23-4a29-a4e0-6e7e99eb3045,HAL,2025-03-27T10:08:38.887,2025-03-27T10:08:38.887,2025-03-27T10:08:38.887000,DissemDT,2025-03-27T10:08:38.887000,2025-03-27,2025-03-27T10:09:00,aligned,
29346dd5-6864-45ae-8a05-9b2cb61b09f7,HAL,2025-03-27T09:50:32.853,2025-03-27T09:50:32.853,2025-03-27T09:50:32.853000,DissemDT,2025-03-27T09:50:32.853000,2025-03-27,2025-03-27T09:51:00,aligned,
c5c39b7b-bbaf-438b-9629-e2f35edc0865,HDFCBANK,2025-03-26T21:34:18.56,2025-03-26T21:34:18.56,2025-03-26T21:34:18.560000,DissemDT,2025-03-26T21:34:18.560000,2025-03-27,2025-03-27T09:15:00,aligned,
b0dd3b80-72c8-412f-9c35-c16c09bec28b,HDFCBANK,2025-03-26T20:37:58.15,2025-03-26T20:37:58.15,2025-03-26T20:37:58.150000,DissemDT,2025-03-26T20:37:58.150000,2025-03-27,2025-03-27T09:15:00,aligned,
9124d4ac-0163-4004-8de3-50f40f10b69e,RVNL,2025-03-25T17:19:03.6,2025-03-25T17:19:03.6,2025-03-25T17:19:03.600000,DissemDT,2025-03-25T17:19:03.600000,2025-03-26,2025-03-26T09:15:00,aligned,
216d4739-10a1-43f9-bdd2-8d14b69a7a88,RELIANCE,2025-03-25T17:01:34.927,2025-03-25T17:01:34.927,2025-03-25T17:01:34.927000,DissemDT,2025-03-25T17:01:34.927000,2025-03-26,2025-03-26T09:15:00,aligned,
748f1a71-3f15-4d8e-bbf1-05812f1410a7,RVNL,2025-03-24T18:51:58.38,2025-03-24T18:51:58.38,2025-03-24T18:51:58.380000,DissemDT,2025-03-24T18:51:58.380000,2025-03-25,2025-03-25T09:15:00,aligned,
63e58640-0b0c-44bf-8563-9e7a04804d2a,NYKAA,2025-03-24T18:43:49.297,2025-03-24T18:43:49.297,2025-03-24T18:43:49.297000,DissemDT,2025-03-24T18:43:49.297000,2025-03-25,2025-03-25T09:15:00,aligned,
740d5e78-212e-4bae-a185-9454ae729760,RVNL,2025-03-24T17:08:16.92,2025-03-24T17:08:16.92,2025-03-24T17:08:16.920000,DissemDT,2025-03-24T17:08:16.920000,2025-03-25,2025-03-25T09:15:00,aligned,
1b66d191-cafd-4704-a397-b84f31cc51ae,RVNL,2025-03-24T12:50:33.163,2025-03-24T12:50:33.16,2025-03-24T12:50:33.163000,DissemDT,2025-03-24T12:50:33.163000,2025-03-24,2025-03-24T12:51:00,aligned,
3e19aed8-eaad-4e06-800a-9e7c7944a243,HAL,2025-03-22T15:32:39.97,2025-03-22T15:32:39.97,2025-03-22T15:32:39.970000,DissemDT,2025-03-22T15:32:39.970000,2025-03-24,2025-03-24T09:15:00,aligned,
dbc026d1-cd2b-4fed-bfd6-44b53e0880a8,RELIANCE,2025-03-21T19:45:36.837,2025-03-21T19:45:36.837,2025-03-21T19:45:36.837000,DissemDT,2025-03-21T19:45:36.837000,2025-03-24,2025-03-24T09:15:00,aligned,
1ec48137-0af4-4063-8057-e364ba00cb01,RVNL,2025-03-21T16:59:13.36,2025-03-21T16:59:13.36,2025-03-21T16:59:13.360000,DissemDT,2025-03-21T16:59:13.360000,2025-03-24,2025-03-24T09:15:00,aligned,
ee41c924-2488-4838-8530-3f009b32b0f4,RVNL,2025-03-21T07:50:33.83,2025-03-21T07:50:33.83,2025-03-21T07:50:33.830000,DissemDT,2025-03-21T07:50:33.830000,2025-03-21,2025-03-21T09:15:00,aligned,
6fcbd467-5db3-42a2-bd31-1967236a0faa,RELIANCE,2025-03-20T21:18:42.177,2025-03-20T21:18:42.177,2025-03-20T21:18:42.177000,DissemDT,2025-03-20T21:18:42.177000,2025-03-21,2025-03-21T09:15:00,aligned,
1a9bb1a5-2bb9-4399-9860-976229599523,NYKAA,2025-03-20T14:43:19.243,2025-03-20T14:43:19.243,2025-03-20T14:43:19.243000,DissemDT,2025-03-20T14:43:19.243000,2025-03-20,2025-03-20T14:44:00,aligned,
9dee478a-c681-451b-9602-8ae050398ccd,RELIANCE,2025-03-19T16:40:54.78,2025-03-19T16:40:54.78,2025-03-19T16:40:54.780000,DissemDT,2025-03-19T16:40:54.780000,2025-03-20,2025-03-20T09:15:00,aligned,
f9101523-cc5e-47a5-9f1c-df3446409669,HDFCBANK,2025-03-18T15:55:20.57,2025-03-18T15:55:20.57,2025-03-18T15:55:20.570000,DissemDT,2025-03-18T15:55:20.570000,2025-03-19,2025-03-19T09:15:00,aligned,
dc3c4799-4437-4af5-aa7a-550f03e2a512,RVNL,2025-03-18T15:17:32.8,2025-03-18T15:17:32.8,2025-03-18T15:17:32.800000,DissemDT,2025-03-18T15:17:32.800000,2025-03-18,2025-03-18T15:18:00,aligned,
5b9ac54d-b019-49f0-95dd-36e9f526c1f5,HAL,2025-03-18T14:22:40.403,2025-03-18T14:22:40.403,2025-03-18T14:22:40.403000,DissemDT,2025-03-18T14:22:40.403000,2025-03-18,2025-03-18T14:23:00,aligned,
233829c1-e956-427e-85fe-9d3ba9f42a22,HDFCBANK,2025-03-13T21:34:03.51,2025-03-13T21:34:03.51,2025-03-13T21:34:03.510000,DissemDT,2025-03-13T21:34:03.510000,2025-03-17,2025-03-17T09:15:00,aligned,
a8889826-a184-4067-b205-ec0df52f506a,RELIANCE,2025-03-12T08:48:45.363,2025-03-12T08:48:45.363,2025-03-12T08:48:45.363000,DissemDT,2025-03-12T08:48:45.363000,2025-03-12,2025-03-12T09:15:00,aligned,
b26a302f-14d9-425b-a3d1-90a6a66cec61,RVNL,2025-03-11T22:20:31.503,2025-03-11T22:20:31.503,2025-03-11T22:20:31.503000,DissemDT,2025-03-11T22:20:31.503000,2025-03-12,2025-03-12T09:15:00,aligned,
aee9cabb-6fe4-46ed-a50e-59451c5dea87,RVNL,2025-03-11T17:02:50.27,2025-03-11T17:02:50.27,2025-03-11T17:02:50.270000,DissemDT,2025-03-11T17:02:50.270000,2025-03-12,2025-03-12T09:15:00,aligned,
737bdeb4-ac72-44c3-8cba-ee56f12251b4,NYKAA,2025-03-11T16:36:08.93,2025-03-11T16:36:08.93,2025-03-11T16:36:08.930000,DissemDT,2025-03-11T16:36:08.930000,2025-03-12,2025-03-12T09:15:00,aligned,
2fc1e924-1905-4937-987f-57cd9391287f,HDFCBANK,2025-03-11T12:21:36.76,2025-03-11T12:21:36.76,2025-03-11T12:21:36.760000,DissemDT,2025-03-11T12:21:36.760000,2025-03-11,2025-03-11T12:22:00,aligned,
9dfa7e4f-233b-4720-bb54-74a58f9a91d2,RVNL,2025-03-10T18:46:18.663,2025-03-10T18:46:18.663,2025-03-10T18:46:18.663000,DissemDT,2025-03-10T18:46:18.663000,2025-03-11,2025-03-11T09:15:00,aligned,
46cd1ee9-0d61-48b2-80d5-a007d2dc70ba,RELIANCE,2025-03-07T21:09:37.957,2025-03-07T21:09:37.957,2025-03-07T21:09:37.957000,DissemDT,2025-03-07T21:09:37.957000,2025-03-10,2025-03-10T09:15:00,aligned,
d4df6656-b16b-4388-a400-ca4dfc23cd3b,RVNL,2025-03-06T17:40:59.133,2025-03-06T17:40:59.133,2025-03-06T17:40:59.133000,DissemDT,2025-03-06T17:40:59.133000,2025-03-07,2025-03-07T09:15:00,aligned,
f30f991c-a813-4d63-a748-3d95d27f0ac4,HAL,2025-03-06T11:53:57.477,2025-03-06T11:53:57.477,2025-03-06T11:53:57.477000,DissemDT,2025-03-06T11:53:57.477000,2025-03-06,2025-03-06T11:54:00,aligned,
eb5d77a7-9955-42ff-ba6b-74d2b3ea6d59,HDFCBANK,2025-03-05T12:01:11.01,2025-03-05T12:01:11.01,2025-03-05T12:01:11.010000,DissemDT,2025-03-05T12:01:11.010000,2025-03-05,2025-03-05T12:02:00,aligned,
cb86bb9d-545a-4adc-8e9c-74db23e78946,RVNL,2025-03-04T18:48:18.103,2025-03-04T18:48:18.103,2025-03-04T18:48:18.103000,DissemDT,2025-03-04T18:48:18.103000,2025-03-05,2025-03-05T09:15:00,aligned,
356dab4a-cdbe-40c1-a0ff-ac7ef002b659,RELIANCE,2025-03-04T15:49:42.087,2025-03-04T15:49:42.087,2025-03-04T15:49:42.087000,DissemDT,2025-03-04T15:49:42.087000,2025-03-05,2025-03-05T09:15:00,aligned,
aad057d9-bce7-436b-ae63-683e7781daaf,RELIANCE,2025-03-04T08:39:54.193,2025-03-04T08:39:54.193,2025-03-04T08:39:54.193000,DissemDT,2025-03-04T08:39:54.193000,2025-03-04,2025-03-04T09:15:00,aligned,
d2214751-bbd6-4261-a958-5b3e47378bce,RELIANCE,2025-03-03T15:08:07.46,2025-03-03T15:08:07.46,2025-03-03T15:08:07.460000,DissemDT,2025-03-03T15:08:07.460000,2025-03-03,2025-03-03T15:09:00,aligned,
b52c48b0-2cd6-4aba-ab8c-9baaef6f6e94,HDFCBANK,2025-03-01T16:45:28.16,2025-03-01T16:45:28.16,2025-03-01T16:45:28.160000,DissemDT,2025-03-01T16:45:28.160000,2025-03-03,2025-03-03T09:15:00,aligned,
cac470b3-025f-43b9-b2d5-f7de9ef8892c,RVNL,2025-03-01T14:28:32.407,2025-03-01T14:28:32.407,2025-03-01T14:28:32.407000,DissemDT,2025-03-01T14:28:32.407000,2025-03-03,2025-03-03T09:15:00,aligned,
eb74d963-7ebf-4ffe-a785-cd48c4ad1915,RVNL,2025-03-01T14:16:34.297,2025-03-01T14:16:34.297,2025-03-01T14:16:34.297000,DissemDT,2025-03-01T14:16:34.297000,2025-03-03,2025-03-03T09:15:00,aligned,
de14968e-7721-43e3-a0c2-5c5374c55281,HDFCBANK,2025-02-28T22:04:03.733,2025-02-28T22:04:03.733,2025-02-28T22:04:03.733000,DissemDT,2025-02-28T22:04:03.733000,2025-03-03,2025-03-03T09:15:00,aligned,
f1e51d73-75f7-4d23-bfac-37dac862d77e,RELIANCE,2025-02-28T18:06:36.31,2025-02-28T18:06:36.31,2025-02-28T18:06:36.310000,DissemDT,2025-02-28T18:06:36.310000,2025-03-03,2025-03-03T09:15:00,aligned,
4e78d647-cd10-469c-8492-99e9725afdd0,RVNL,2025-02-28T16:32:19.967,2025-02-28T16:32:19.967,2025-02-28T16:32:19.967000,DissemDT,2025-02-28T16:32:19.967000,2025-03-03,2025-03-03T09:15:00,aligned,
3ec4f29e-16b3-4f95-beba-63d4472b70be,RVNL,2025-02-28T16:27:59.913,2025-02-28T16:27:59.913,2025-02-28T16:27:59.913000,DissemDT,2025-02-28T16:27:59.913000,2025-03-03,2025-03-03T09:15:00,aligned,
f0b20f71-29fe-471d-8af6-83402d2a094b,RVNL,2025-02-28T15:11:53.29,2025-02-28T15:11:53.29,2025-02-28T15:11:53.290000,DissemDT,2025-02-28T15:11:53.290000,2025-02-28,2025-02-28T15:12:00,aligned,
e3a8a42f-2075-4642-81cc-caad0d412c6e,RVNL,2025-02-27T18:26:17.823,2025-02-27T18:26:17.823,2025-02-27T18:26:17.823000,DissemDT,2025-02-27T18:26:17.823000,2025-02-28,2025-02-28T09:15:00,aligned,
3bd3b785-8f05-4786-b573-8e5d7d9e3113,HAL,2025-02-27T14:19:10.507,2025-02-27T14:19:10.507,2025-02-27T14:19:10.507000,DissemDT,2025-02-27T14:19:10.507000,2025-02-27,2025-02-27T14:20:00,aligned,
8f49eec9-e3ee-4bed-9e12-4d3e72970cbe,HAL,2025-02-27T14:14:48.78,2025-02-27T14:14:48.78,2025-02-27T14:14:48.780000,DissemDT,2025-02-27T14:14:48.780000,2025-02-27,2025-02-27T14:15:00,aligned,
22cb3389-d78c-4e08-af10-284d25ab10bb,RELIANCE,2025-02-26T19:33:28.73,2025-02-26T19:33:28.73,2025-02-26T19:33:28.730000,DissemDT,2025-02-26T19:33:28.730000,2025-02-27,2025-02-27T09:15:00,aligned,
cd9b0463-dc76-4c87-9913-77c82cc86308,HDFCBANK,2025-02-25T14:02:00.077,2025-02-25T14:02:00.077,2025-02-25T14:02:00.077000,DissemDT,2025-02-25T14:02:00.077000,2025-02-25,2025-02-25T14:03:00,aligned,
5f66dd2c-6921-43bc-8a83-b33b9a84e3f9,NYKAA,2025-02-25T10:20:13.037,2025-02-25T10:20:13.037,2025-02-25T10:20:13.037000,DissemDT,2025-02-25T10:20:13.037000,2025-02-25,2025-02-25T10:21:00,aligned,
6eeccc01-35b5-4b3a-b4f9-695d1b73a011,NYKAA,2025-02-24T19:37:52.883,2025-02-24T19:37:52.883,2025-02-24T19:37:52.883000,DissemDT,2025-02-24T19:37:52.883000,2025-02-25,2025-02-25T09:15:00,aligned,
289f1214-f74b-4f60-89b9-ba0a070b1860,HDFCBANK,2025-02-24T18:23:04.03,2025-02-24T18:23:04.03,2025-02-24T18:23:04.030000,DissemDT,2025-02-24T18:23:04.030000,2025-02-25,2025-02-25T09:15:00,aligned,
787840e5-7073-40cc-81b7-f3ff66ee9947,RVNL,2025-02-24T18:17:10.26,2025-02-24T18:17:10.26,2025-02-24T18:17:10.260000,DissemDT,2025-02-24T18:17:10.260000,2025-02-25,2025-02-25T09:15:00,aligned,
f73c1555-eaae-4d75-bbf0-bb510b0cba82,RVNL,2025-02-24T13:41:14.77,2025-02-24T13:41:14.77,2025-02-24T13:41:14.770000,DissemDT,2025-02-24T13:41:14.770000,2025-02-24,2025-02-24T13:42:00,aligned,
b0adf4ba-0f44-4042-8a7d-fa26ffda3894,RELIANCE,2025-02-21T18:49:13.943,2025-02-21T18:49:13.943,2025-02-21T18:49:13.943000,DissemDT,2025-02-21T18:49:13.943000,2025-02-24,2025-02-24T09:15:00,aligned,
7ad2c719-2c69-4b47-a239-55b5d528ed86,HAL,2025-02-21T17:18:31.627,2025-02-21T17:18:31.627,2025-02-21T17:18:31.627000,DissemDT,2025-02-21T17:18:31.627000,2025-02-24,2025-02-24T09:15:00,aligned,
1d879950-6d79-4ebe-b0a4-e9b455fb03b1,RVNL,2025-02-21T16:17:46.24,2025-02-21T16:17:46.24,2025-02-21T16:17:46.240000,DissemDT,2025-02-21T16:17:46.240000,2025-02-24,2025-02-24T09:15:00,aligned,
96a89163-1acd-4b48-b95a-41215e160c99,RVNL,2025-02-20T19:32:24.537,2025-02-20T19:32:24.537,2025-02-20T19:32:24.537000,DissemDT,2025-02-20T19:32:24.537000,2025-02-21,2025-02-21T09:15:00,aligned,
043c7839-5408-488d-b811-8572b15a2e3f,HDFCBANK,2025-02-20T17:32:57.393,2025-02-20T17:32:57.393,2025-02-20T17:32:57.393000,DissemDT,2025-02-20T17:32:57.393000,2025-02-21,2025-02-21T09:15:00,aligned,
88ddd707-230e-42ea-9f3e-208a1c49a04f,RVNL,2025-02-19T22:00:15.893,2025-02-19T22:00:15.893,2025-02-19T22:00:15.893000,DissemDT,2025-02-19T22:00:15.893000,2025-02-20,2025-02-20T09:15:00,aligned,
6ab7c7ac-5500-45cc-9781-e01bd8d597bb,NYKAA,2025-02-19T20:52:52.087,2025-02-19T20:52:52.087,2025-02-19T20:52:52.087000,DissemDT,2025-02-19T20:52:52.087000,2025-02-20,2025-02-20T09:15:00,aligned,
429bc5fd-c90b-4521-8bbb-b9d6318c2a8a,RVNL,2025-02-18T17:33:13.57,2025-02-18T17:33:13.57,2025-02-18T17:33:13.570000,DissemDT,2025-02-18T17:33:13.570000,2025-02-19,2025-02-19T09:15:00,aligned,
74cfb519-0832-4d41-85c3-26d3a88427c2,RELIANCE,2025-02-17T18:28:53.17,2025-02-17T18:28:53.17,2025-02-17T18:28:53.170000,DissemDT,2025-02-17T18:28:53.170000,2025-02-18,2025-02-18T09:15:00,aligned,
78bb1582-e97a-4b64-9b98-ba91672f931b,RVNL,2025-02-17T15:21:34.643,2025-02-17T15:21:34.643,2025-02-17T15:21:34.643000,DissemDT,2025-02-17T15:21:34.643000,2025-02-17,2025-02-17T15:22:00,aligned,
a2d09b0b-da8f-495c-850b-411629dd1a3c,HAL,2025-02-17T14:16:17.087,2025-02-17T14:16:17.087,2025-02-17T14:16:17.087000,DissemDT,2025-02-17T14:16:17.087000,2025-02-17,2025-02-17T14:17:00,aligned,
2f797ab9-b007-4892-8c5f-2335e64a2ba0,RELIANCE,2025-02-15T14:25:43.993,2025-02-15T14:25:43.993,2025-02-15T14:25:43.993000,DissemDT,2025-02-15T14:25:43.993000,2025-02-17,2025-02-17T09:15:00,aligned,
94d627ea-0a61-461e-bcb8-9c879fade0e5,RVNL,2025-02-15T12:53:33.643,2025-02-15T12:53:33.643,2025-02-15T12:53:33.643000,DissemDT,2025-02-15T12:53:33.643000,2025-02-17,2025-02-17T09:15:00,aligned,
600706a3-502e-4c5e-a793-dae9e233ef22,HDFCBANK,2025-02-14T21:13:04.94,2025-02-14T21:13:04.94,2025-02-14T21:13:04.940000,DissemDT,2025-02-14T21:13:04.940000,2025-02-17,2025-02-17T09:15:00,aligned,
ca008887-c7d7-4625-b9fc-309c56bfeaad,RVNL,2025-02-14T20:23:08.527,2025-02-14T20:23:08.527,2025-02-14T20:23:08.527000,DissemDT,2025-02-14T20:23:08.527000,2025-02-17,2025-02-17T09:15:00,aligned,
ff8a3d7d-d8d4-48d7-963c-922c5ade610d,RVNL,2025-02-14T20:16:00.58,2025-02-14T20:16:00.58,2025-02-14T20:16:00.580000,DissemDT,2025-02-14T20:16:00.580000,2025-02-17,2025-02-17T09:15:00,aligned,
98badc37-06b4-47e3-b133-fce6e3621580,RVNL,2025-02-14T20:11:21.6,2025-02-14T20:11:21.6,2025-02-14T20:11:21.600000,DissemDT,2025-02-14T20:11:21.600000,2025-02-17,2025-02-17T09:15:00,aligned,
21a4b4ee-f771-444a-86ea-f1ff254a4bc8,RVNL,2025-02-14T19:53:57.867,2025-02-14T19:53:57.867,2025-02-14T19:53:57.867000,DissemDT,2025-02-14T19:53:57.867000,2025-02-17,2025-02-17T09:15:00,aligned,
ce03f83b-c78b-4746-96e4-464fbdc8e711,RELIANCE,2025-02-14T19:23:09.633,2025-02-14T19:23:09.633,2025-02-14T19:23:09.633000,DissemDT,2025-02-14T19:23:09.633000,2025-02-17,2025-02-17T09:15:00,aligned,
12600c3c-84fd-47e4-863f-3d3f06fe4adf,RVNL,2025-02-14T13:20:18.503,2025-02-14T13:20:18.503,2025-02-14T13:20:18.503000,DissemDT,2025-02-14T13:20:18.503000,2025-02-14,2025-02-14T13:21:00,aligned,
567eb205-c08b-4b67-86e1-c0db176c98d9,RELIANCE,2025-02-13T19:33:48.533,2025-02-13T19:33:48.533,2025-02-13T19:33:48.533000,DissemDT,2025-02-13T19:33:48.533000,2025-02-14,2025-02-14T09:15:00,aligned,
334a0686-fe20-46f6-ac40-5b28e6cc9984,NYKAA,2025-02-13T18:37:09.27,2025-02-13T18:37:09.27,2025-02-13T18:37:09.270000,DissemDT,2025-02-13T18:37:09.270000,2025-02-14,2025-02-14T09:15:00,aligned,
3063f76e-1470-4a5b-9196-40d7ce782a98,HAL,2025-02-13T16:17:36.957,2025-02-13T16:17:36.957,2025-02-13T16:17:36.957000,DissemDT,2025-02-13T16:17:36.957000,2025-02-14,2025-02-14T09:15:00,aligned,
98cc0905-8972-41ce-a200-2287e64479ba,RELIANCE,2025-02-12T18:32:50.45,2025-02-12T18:32:50.45,2025-02-12T18:32:50.450000,DissemDT,2025-02-12T18:32:50.450000,2025-02-13,2025-02-13T09:15:00,aligned,
6aa48e0d-31ee-4834-92a8-4ffdcec77ac3,HAL,2025-02-12T17:58:30.563,2025-02-12T17:58:30.563,2025-02-12T17:58:30.563000,DissemDT,2025-02-12T17:58:30.563000,2025-02-13,2025-02-13T09:15:00,aligned,
10869cc9-6bce-42dd-ade4-b34697d56553,RELIANCE,2025-02-12T16:57:12.51,2025-02-12T16:57:12.51,2025-02-12T16:57:12.510000,DissemDT,2025-02-12T16:57:12.510000,2025-02-13,2025-02-13T09:15:00,aligned,
53f1d3bb-4b9d-46fb-9147-d17adf961e0a,HAL,2025-02-12T13:52:30.81,2025-02-12T13:52:30.81,2025-02-12T13:52:30.810000,DissemDT,2025-02-12T13:52:30.810000,2025-02-12,2025-02-12T13:53:00,aligned,
a7fcf29c-fb66-4cc8-a92c-7f7dcd9e3a99,NYKAA,2025-02-12T13:41:34.407,2025-02-12T13:41:34.407,2025-02-12T13:41:34.407000,DissemDT,2025-02-12T13:41:34.407000,2025-02-12,2025-02-12T13:42:00,aligned,
e45a952e-cd8b-4798-b869-4247abc5f515,HAL,2025-02-12T13:39:24.4,2025-02-12T13:39:24.4,2025-02-12T13:39:24.400000,DissemDT,2025-02-12T13:39:24.400000,2025-02-12,2025-02-12T13:40:00,aligned,
ea3ea8a5-4858-43fe-8b14-2e2af6a9ecf4,HAL,2025-02-12T13:33:04.11,2025-02-12T13:33:04.11,2025-02-12T13:33:04.110000,DissemDT,2025-02-12T13:33:04.110000,2025-02-12,2025-02-12T13:34:00,aligned,
7aa1ff46-e113-4a27-8fcd-3513b4617e18,HAL,2025-02-12T12:15:32.17,2025-02-12T12:15:32.17,2025-02-12T12:15:32.170000,DissemDT,2025-02-12T12:15:32.170000,2025-02-12,2025-02-12T12:16:00,aligned,
4dc4cb7b-6911-426e-9164-ee59723fa39f,RELIANCE,2025-02-11T18:52:13.813,2025-02-11T18:52:13.813,2025-02-11T18:52:13.813000,DissemDT,2025-02-11T18:52:13.813000,2025-02-12,2025-02-12T09:15:00,aligned,
43bf4589-8c75-498f-80b5-79cfc66ee847,RVNL,2025-02-11T18:11:19.197,2025-02-11T18:11:19.197,2025-02-11T18:11:19.197000,DissemDT,2025-02-11T18:11:19.197000,2025-02-12,2025-02-12T09:15:00,aligned,
af69b0d2-c6b5-4b82-9ddc-5a47d57dd37e,NYKAA,2025-02-10T23:12:19.033,2025-02-10T23:12:19.033,2025-02-10T23:12:19.033000,DissemDT,2025-02-10T23:12:19.033000,2025-02-11,2025-02-11T09:15:00,aligned,
f7b6b70e-50be-42ed-bc35-0c4442ec58d1,RELIANCE,2025-02-10T20:10:10.707,2025-02-10T20:10:10.707,2025-02-10T20:10:10.707000,DissemDT,2025-02-10T20:10:10.707000,2025-02-11,2025-02-11T09:15:00,aligned,
15739475-35a6-4d3d-acea-3ee6e7e118a0,RELIANCE,2025-02-10T19:40:38.41,2025-02-10T19:40:38.41,2025-02-10T19:40:38.410000,DissemDT,2025-02-10T19:40:38.410000,2025-02-11,2025-02-11T09:15:00,aligned,
4c4c631c-b33d-4148-982f-552e487d9774,RELIANCE,2025-02-10T19:33:47.93,2025-02-10T19:33:47.93,2025-02-10T19:33:47.930000,DissemDT,2025-02-10T19:33:47.930000,2025-02-11,2025-02-11T09:15:00,aligned,
240c431d-ddbe-475c-91b2-4f76b932ea4c,RVNL,2025-02-10T17:45:57.723,2025-02-10T17:45:57.723,2025-02-10T17:45:57.723000,DissemDT,2025-02-10T17:45:57.723000,2025-02-11,2025-02-11T09:15:00,aligned,
ce370faf-f91a-428d-9684-2c954b9ffa5c,NYKAA,2025-02-10T17:26:28.37,2025-02-10T17:26:28.37,2025-02-10T17:26:28.370000,DissemDT,2025-02-10T17:26:28.370000,2025-02-11,2025-02-11T09:15:00,aligned,
6fbea133-9cd6-4b51-ba9d-ad18d032caaa,NYKAA,2025-02-10T17:08:46.35,2025-02-10T17:08:46.35,2025-02-10T17:08:46.350000,DissemDT,2025-02-10T17:08:46.350000,2025-02-11,2025-02-11T09:15:00,aligned,
4db07f35-f5c8-4a09-aca6-52f79d3963a3,NYKAA,2025-02-10T16:03:32.02,2025-02-10T16:03:32.02,2025-02-10T16:03:32.020000,DissemDT,2025-02-10T16:03:32.020000,2025-02-11,2025-02-11T09:15:00,aligned,
54bbbc61-2323-4613-8cf8-25ccf002dd8e,NYKAA,2025-02-10T15:35:56.107,2025-02-10T15:35:56.107,2025-02-10T15:35:56.107000,DissemDT,2025-02-10T15:35:56.107000,2025-02-11,2025-02-11T09:15:00,aligned,
8c461bbd-50dd-46e3-9725-df4e050f680e,RVNL,2025-02-07T18:01:42.93,2025-02-07T18:01:42.93,2025-02-07T18:01:42.930000,DissemDT,2025-02-07T18:01:42.930000,2025-02-10,2025-02-10T09:15:00,aligned,
88e1f17b-ccee-413b-a8a1-21cfcc1c3e8c,HAL,2025-02-07T17:40:19.68,2025-02-07T17:40:19.68,2025-02-07T17:40:19.680000,DissemDT,2025-02-07T17:40:19.680000,2025-02-10,2025-02-10T09:15:00,aligned,
75bd4fdc-2db1-4a4d-80cd-e1ee5de2f2ca,RELIANCE,2025-02-06T19:14:33.507,2025-02-06T19:14:33.507,2025-02-06T19:14:33.507000,DissemDT,2025-02-06T19:14:33.507000,2025-02-07,2025-02-07T09:15:00,aligned,
81153e37-b5f5-4e71-a31a-4690de814900,RVNL,2025-02-06T17:46:22.213,2025-02-06T17:46:22.213,2025-02-06T17:46:22.213000,DissemDT,2025-02-06T17:46:22.213000,2025-02-07,2025-02-07T09:15:00,aligned,
8e6d969e-f225-4009-9990-dbb3af4f9292,HAL,2025-02-06T17:26:25.55,2025-02-06T17:26:25.55,2025-02-06T17:26:25.550000,DissemDT,2025-02-06T17:26:25.550000,2025-02-07,2025-02-07T09:15:00,aligned,
bd578f0e-25fb-4163-84c9-790fd6ee3bc8,RELIANCE,2025-02-05T19:57:31.04,2025-02-05T19:57:31.04,2025-02-05T19:57:31.040000,DissemDT,2025-02-05T19:57:31.040000,2025-02-06,2025-02-06T09:15:00,aligned,
f1b8c89b-b0a2-4c75-b9bf-c9832cc2b1d3,HDFCBANK,2025-02-05T16:42:54.507,2025-02-05T16:42:54.507,2025-02-05T16:42:54.507000,DissemDT,2025-02-05T16:42:54.507000,2025-02-06,2025-02-06T09:15:00,aligned,
ea4d131a-e69b-4444-a07a-156792ebdfc1,NYKAA,2025-02-04T19:57:11.623,2025-02-04T19:57:11.623,2025-02-04T19:57:11.623000,DissemDT,2025-02-04T19:57:11.623000,2025-02-05,2025-02-05T09:15:00,aligned,
ba2c8b3b-0753-4f9f-ac2e-eb328a84b21e,RVNL,2025-02-04T18:08:57.083,2025-02-04T18:08:57.083,2025-02-04T18:08:57.083000,DissemDT,2025-02-04T18:08:57.083000,2025-02-05,2025-02-05T09:15:00,aligned,
c7a2a206-8d85-455d-982a-bcbedef6a901,HAL,2025-02-04T17:06:52.05,2025-02-04T17:06:52.05,2025-02-04T17:06:52.050000,DissemDT,2025-02-04T17:06:52.050000,2025-02-05,2025-02-05T09:15:00,aligned,
a4b9e6f6-f9b4-4e43-8aac-979692f7ed82,HAL,2025-02-04T17:01:24.397,2025-02-04T17:01:24.397,2025-02-04T17:01:24.397000,DissemDT,2025-02-04T17:01:24.397000,2025-02-05,2025-02-05T09:15:00,aligned,
811b4b6d-24ae-4247-b283-e24cfb43fd4b,RVNL,2025-02-04T16:51:13.74,2025-02-04T16:51:13.74,2025-02-04T16:51:13.740000,DissemDT,2025-02-04T16:51:13.740000,2025-02-05,2025-02-05T09:15:00,aligned,
e77f667b-307c-4d03-b0bc-ef0433e5bca9,RVNL,2025-01-31T19:25:58.39,2025-01-31T19:25:58.39,2025-01-31T19:25:58.390000,DissemDT,2025-01-31T19:25:58.390000,2025-02-01,2025-02-01T09:15:00,aligned,
1a1f9cd1-55d3-4684-a23f-3ceb38ed044b,RVNL,2025-01-31T14:05:42.033,2025-01-31T14:05:42.033,2025-01-31T14:05:42.033000,DissemDT,2025-01-31T14:05:42.033000,2025-01-31,2025-01-31T14:06:00,aligned,
43b55eec-04bc-434d-8532-6c9475cfb6de,HDFCBANK,2025-01-31T09:19:37.383,2025-01-31T09:19:37.383,2025-01-31T09:19:37.383000,DissemDT,2025-01-31T09:19:37.383000,2025-01-31,2025-01-31T09:20:00,aligned,
24b1d291-a633-4e91-b3e7-f13ad10503cb,RELIANCE,2025-01-30T18:30:32.08,2025-01-30T18:30:32.08,2025-01-30T18:30:32.080000,DissemDT,2025-01-30T18:30:32.080000,2025-01-31,2025-01-31T09:15:00,aligned,
13251d12-1ad0-4015-ae48-f52e05333a23,NYKAA,2025-01-30T17:19:00.95,2025-01-30T17:19:00.95,2025-01-30T17:19:00.950000,DissemDT,2025-01-30T17:19:00.950000,2025-01-31,2025-01-31T09:15:00,aligned,
88b02e8f-fc39-4d1b-b5bb-f45327952aaa,HDFCBANK,2025-01-30T15:48:40.933,2025-01-30T15:48:40.933,2025-01-30T15:48:40.933000,DissemDT,2025-01-30T15:48:40.933000,2025-01-31,2025-01-31T09:15:00,aligned,
cb397d31-9697-4589-ae0c-aff71e3896a5,NYKAA,2025-01-30T12:41:06.42,2025-01-30T12:41:06.42,2025-01-30T12:41:06.420000,DissemDT,2025-01-30T12:41:06.420000,2025-01-30,2025-01-30T12:42:00,aligned,
bf8cda52-6ee9-4a5f-b870-9fd39fc8db9e,HAL,2025-01-30T10:51:45.84,2025-01-30T10:51:45.84,2025-01-30T10:51:45.840000,DissemDT,2025-01-30T10:51:45.840000,2025-01-30,2025-01-30T10:52:00,aligned,
b60a3cfa-ae19-4297-b651-4d5bee364c36,HDFCBANK,2025-01-29T20:47:26.04,2025-01-29T20:47:26.04,2025-01-29T20:47:26.040000,DissemDT,2025-01-29T20:47:26.040000,2025-01-30,2025-01-30T09:15:00,aligned,
b98a71ba-3dab-432a-b32d-d03dba5a7c26,HDFCBANK,2025-01-29T15:46:47.71,2025-01-29T15:46:47.71,2025-01-29T15:46:47.710000,DissemDT,2025-01-29T15:46:47.710000,2025-01-30,2025-01-30T09:15:00,aligned,
27074ebe-4a8e-4306-b9e3-d0178f2ffcc9,HDFCBANK,2025-01-28T21:24:47.417,2025-01-28T21:24:47.417,2025-01-28T21:24:47.417000,DissemDT,2025-01-28T21:24:47.417000,2025-01-29,2025-01-29T09:15:00,aligned,
4429614a-7bdc-4956-9860-6a12db06c737,RVNL,2025-01-27T19:39:19.68,2025-01-27T19:39:19.68,2025-01-27T19:39:19.680000,DissemDT,2025-01-27T19:39:19.680000,2025-01-28,2025-01-28T09:15:00,aligned,
24e91348-2b08-4421-a532-ee99efa4bf5d,HAL,2025-01-27T16:55:15.453,2025-01-27T16:55:15.453,2025-01-27T16:55:15.453000,DissemDT,2025-01-27T16:55:15.453000,2025-01-28,2025-01-28T09:15:00,aligned,
424a19bc-06e5-48e8-9c65-956bc0df6b00,RELIANCE,2025-01-23T20:55:51.037,2025-01-23T20:55:51.037,2025-01-23T20:55:51.037000,DissemDT,2025-01-23T20:55:51.037000,2025-01-24,2025-01-24T09:15:00,aligned,
a6303b0a-0554-4cd9-91f5-285d126995c6,NYKAA,2025-01-23T17:56:16.51,2025-01-23T17:56:16.51,2025-01-23T17:56:16.510000,DissemDT,2025-01-23T17:56:16.510000,2025-01-24,2025-01-24T09:15:00,aligned,
695614a1-a2e5-4047-bb0d-a649d99e3652,HDFCBANK,2025-01-22T22:53:46.51,2025-01-22T22:53:46.51,2025-01-22T22:53:46.510000,DissemDT,2025-01-22T22:53:46.510000,2025-01-23,2025-01-23T09:15:00,aligned,
66bee210-634f-4f3c-9db4-942b9a12521a,RVNL,2025-01-22T17:05:15.99,2025-01-22T17:05:15.99,2025-01-22T17:05:15.990000,DissemDT,2025-01-22T17:05:15.990000,2025-01-23,2025-01-23T09:15:00,aligned,
2884dce7-8200-44fe-827a-b5503db9156a,HDFCBANK,2025-01-22T16:08:16.49,2025-01-22T16:08:16.49,2025-01-22T16:08:16.490000,DissemDT,2025-01-22T16:08:16.490000,2025-01-23,2025-01-23T09:15:00,aligned,
824f21b2-ed0b-48cc-8fbe-c7fc923a8442,HDFCBANK,2025-01-22T15:20:06.293,2025-01-22T15:20:06.293,2025-01-22T15:20:06.293000,DissemDT,2025-01-22T15:20:06.293000,2025-01-22,2025-01-22T15:21:00,aligned,
652dbd3b-3f7b-437a-a9bb-37a2c4e58176,HDFCBANK,2025-01-22T14:41:38.98,2025-01-22T14:41:38.98,2025-01-22T14:41:38.980000,DissemDT,2025-01-22T14:41:38.980000,2025-01-22,2025-01-22T14:42:00,aligned,
01f5ddf4-ac7c-40ce-b8fc-f36a44140b35,HDFCBANK,2025-01-22T14:27:21.407,2025-01-22T14:27:21.407,2025-01-22T14:27:21.407000,DissemDT,2025-01-22T14:27:21.407000,2025-01-22,2025-01-22T14:28:00,aligned,
a0cfd7d4-36ab-4858-ad7d-848b1929e7a8,HDFCBANK,2025-01-22T14:13:41.727,2025-01-22T14:13:41.727,2025-01-22T14:13:41.727000,DissemDT,2025-01-22T14:13:41.727000,2025-01-22,2025-01-22T14:14:00,aligned,
4ad602d0-83fb-46c8-9def-ad0bfaf91f63,RELIANCE,2025-01-17T22:38:58.377,2025-01-17T22:38:58.377,2025-01-17T22:38:58.377000,DissemDT,2025-01-17T22:38:58.377000,2025-01-20,2025-01-20T09:15:00,aligned,
554e6882-ef22-494f-9a1b-8f02add06b7d,NYKAA,2025-01-17T18:45:35.62,2025-01-17T18:45:35.62,2025-01-17T18:45:35.620000,DissemDT,2025-01-17T18:45:35.620000,2025-01-20,2025-01-20T09:15:00,aligned,
e402e097-06c9-4247-931c-2c8568cdd105,HDFCBANK,2025-01-17T17:19:01.78,2025-01-17T17:19:01.78,2025-01-17T17:19:01.780000,DissemDT,2025-01-17T17:19:01.780000,2025-01-20,2025-01-20T09:15:00,aligned,
f8f280be-f922-4dc8-92c5-eee58a4bdad1,RELIANCE,2025-01-17T08:30:02.7,2025-01-17T08:30:02.7,2025-01-17T08:30:02.700000,DissemDT,2025-01-17T08:30:02.700000,2025-01-17,2025-01-17T09:15:00,aligned,
48937776-f439-4388-8b77-4f5957068927,RELIANCE,2025-01-17T08:23:52.2,2025-01-17T08:23:52.2,2025-01-17T08:23:52.200000,DissemDT,2025-01-17T08:23:52.200000,2025-01-17,2025-01-17T09:15:00,aligned,
11dc732c-55d6-4fc9-9479-9b1311fc62e2,RELIANCE,2025-01-16T23:35:14.807,2025-01-16T23:35:14.807,2025-01-16T23:35:14.807000,DissemDT,2025-01-16T23:35:14.807000,2025-01-17,2025-01-17T09:15:00,aligned,
c3dc87df-2fca-4a51-85bb-0f8f60b49ee1,RELIANCE,2025-01-16T22:43:31.983,2025-01-16T22:43:31.983,2025-01-16T22:43:31.983000,DissemDT,2025-01-16T22:43:31.983000,2025-01-17,2025-01-17T09:15:00,aligned,
1a552c3d-69eb-4d96-ad6e-692689e088e1,RELIANCE,2025-01-16T22:41:14.873,2025-01-16T22:41:14.873,2025-01-16T22:41:14.873000,DissemDT,2025-01-16T22:41:14.873000,2025-01-17,2025-01-17T09:15:00,aligned,
6af1a6cd-7453-479c-b4e7-dc511828285f,RELIANCE,2025-01-16T19:56:24.663,2025-01-16T19:56:24.663,2025-01-16T19:56:24.663000,DissemDT,2025-01-16T19:56:24.663000,2025-01-17,2025-01-17T09:15:00,aligned,
2f465a96-d81c-46ea-aec7-9da8df22a99f,RELIANCE,2025-01-16T19:37:01.397,2025-01-16T19:37:01.397,2025-01-16T19:37:01.397000,DissemDT,2025-01-16T19:37:01.397000,2025-01-17,2025-01-17T09:15:00,aligned,
9f087985-d794-42b1-a256-126d88d0d127,RELIANCE,2025-01-16T19:28:45.83,2025-01-16T19:28:45.83,2025-01-16T19:28:45.830000,DissemDT,2025-01-16T19:28:45.830000,2025-01-17,2025-01-17T09:15:00,aligned,
a655c83c-c595-489e-b2c2-cc5de845f9ca,HDFCBANK,2025-01-16T16:00:08.313,2025-01-16T16:00:08.313,2025-01-16T16:00:08.313000,DissemDT,2025-01-16T16:00:08.313000,2025-01-17,2025-01-17T09:15:00,aligned,
3b89665b-0ad9-4966-9f14-5ad5d27fc35f,RVNL,2025-01-16T12:33:48.033,2025-01-16T12:33:48.033,2025-01-16T12:33:48.033000,DissemDT,2025-01-16T12:33:48.033000,2025-01-16,2025-01-16T12:34:00,aligned,
eb7c1258-78f5-4fd8-9e68-b1b81a388444,RVNL,2025-01-15T19:09:19.467,2025-01-15T19:09:19.467,2025-01-15T19:09:19.467000,DissemDT,2025-01-15T19:09:19.467000,2025-01-16,2025-01-16T09:15:00,aligned,
a3005d9f-0325-41f6-ab60-eb67b091994e,HDFCBANK,2025-01-11T23:10:46.233,2025-01-11T23:10:46.233,2025-01-11T23:10:46.233000,DissemDT,2025-01-11T23:10:46.233000,2025-01-13,2025-01-13T09:15:00,aligned,
10ae2e5f-80f6-4f8b-ab5c-1ee78891a63e,RVNL,2025-01-10T18:38:49.45,2025-01-10T18:38:49.45,2025-01-10T18:38:49.450000,DissemDT,2025-01-10T18:38:49.450000,2025-01-13,2025-01-13T09:15:00,aligned,
5264d804-224a-45a9-9ac0-b0996ea26563,RVNL,2025-01-10T18:22:46.293,2025-01-10T18:22:46.293,2025-01-10T18:22:46.293000,DissemDT,2025-01-10T18:22:46.293000,2025-01-13,2025-01-13T09:15:00,aligned,
52a566e5-df43-4768-89b7-5a13ba7d414f,RELIANCE,2025-01-09T18:46:28.07,2025-01-09T18:46:28.07,2025-01-09T18:46:28.070000,DissemDT,2025-01-09T18:46:28.070000,2025-01-10,2025-01-10T09:15:00,aligned,
a502694c-5aca-4bdc-ac58-524edf5d5252,RELIANCE,2025-01-09T18:37:57.11,2025-01-09T18:37:57.11,2025-01-09T18:37:57.110000,DissemDT,2025-01-09T18:37:57.110000,2025-01-10,2025-01-10T09:15:00,aligned,
00124407-81d2-41fb-9460-9f988526d024,HAL,2025-01-08T11:50:54.943,2025-01-08T11:50:54.943,2025-01-08T11:50:54.943000,DissemDT,2025-01-08T11:50:54.943000,2025-01-08,2025-01-08T11:51:00,aligned,
d3f7d5b6-dbfd-45ed-acd4-cf01ea597529,NYKAA,2025-01-08T10:25:26.88,2025-01-08T10:25:26.88,2025-01-08T10:25:26.880000,DissemDT,2025-01-08T10:25:26.880000,2025-01-08,2025-01-08T10:26:00,aligned,
c64d070a-ae0e-4a10-97c5-65c2c448bd01,RVNL,2025-01-07T17:56:10.703,2025-01-07T17:56:10.703,2025-01-07T17:56:10.703000,DissemDT,2025-01-07T17:56:10.703000,2025-01-08,2025-01-08T09:15:00,aligned,
8d403782-5d85-48bf-b804-3e664445643d,RVNL,2025-01-07T16:32:21.067,2025-01-07T16:32:21.067,2025-01-07T16:32:21.067000,DissemDT,2025-01-07T16:32:21.067000,2025-01-08,2025-01-08T09:15:00,aligned,
0aa611e6-481b-4719-ac81-94469d2fbe4a,NYKAA,2025-01-05T19:00:43.66,2025-01-05T19:00:43.66,2025-01-05T19:00:43.660000,DissemDT,2025-01-05T19:00:43.660000,2025-01-06,2025-01-06T09:15:00,aligned,
bbff3b51-1e0e-4a3a-afd5-091829bad6ec,HDFCBANK,2025-01-04T18:24:22.397,2025-01-04T18:24:22.397,2025-01-04T18:24:22.397000,DissemDT,2025-01-04T18:24:22.397000,2025-01-06,2025-01-06T09:15:00,aligned,
83142656-a1e7-4dfd-bccf-2c78099c008a,HDFCBANK,2025-01-03T22:17:54.843,2025-01-03T22:17:54.843,2025-01-03T22:17:54.843000,DissemDT,2025-01-03T22:17:54.843000,2025-01-06,2025-01-06T09:15:00,aligned,
8f23e45a-3083-4405-a775-7ae4db31230d,RVNL,2025-01-03T15:55:39.813,2025-01-03T15:55:39.813,2025-01-03T15:55:39.813000,DissemDT,2025-01-03T15:55:39.813000,2025-01-06,2025-01-06T09:15:00,aligned,
2b89be4a-9431-4d15-b5aa-3e5f0d23e764,NYKAA,2025-01-02T14:25:01.16,2025-01-02T14:25:01.16,2025-01-02T14:25:01.160000,DissemDT,2025-01-02T14:25:01.160000,2025-01-02,2025-01-02T14:26:00,aligned,
733dfd19-792a-4678-a14e-4b365c8e886f,HAL,2025-01-01T13:17:39.483,2025-01-01T13:17:39.483,2025-01-01T13:17:39.483000,DissemDT,2025-01-01T13:17:39.483000,2025-01-01,2025-01-01T13:18:00,aligned,
a9a17a8c-b2ec-47a4-a3dd-3e9e7a2cc938,RELIANCE,2024-12-31T18:24:12.553,2024-12-31T18:24:12.553,2024-12-31T18:24:12.553000,DissemDT,2024-12-31T18:24:12.553000,2025-01-01,2025-01-01T09:15:00,aligned,
33eccbb2-816c-4a63-ba79-4c18432d4b87,RELIANCE,2024-12-31T16:32:10.967,2024-12-31T16:32:10.967,2024-12-31T16:32:10.967000,DissemDT,2024-12-31T16:32:10.967000,2025-01-01,2025-01-01T09:15:00,aligned,
103faa35-c0b6-4811-bdc1-30cc29e790e7,RVNL,2024-12-31T11:36:41.457,2024-12-31T11:36:41.457,2024-12-31T11:36:41.457000,DissemDT,2024-12-31T11:36:41.457000,2024-12-31,2024-12-31T11:37:00,aligned,
06df734b-d7da-40bf-b1e1-3fd0ca2499dc,RELIANCE,2024-12-30T22:49:21.66,2024-12-30T22:49:21.66,2024-12-30T22:49:21.660000,DissemDT,2024-12-30T22:49:21.660000,2024-12-31,2024-12-31T09:15:00,aligned,
52b86517-4049-421e-91ff-940d1d154f9a,HDFCBANK,2024-12-30T21:07:22.603,2024-12-30T21:07:22.603,2024-12-30T21:07:22.603000,DissemDT,2024-12-30T21:07:22.603000,2024-12-31,2024-12-31T09:15:00,aligned,
58ece294-c879-4487-9ed7-375abf11db76,RVNL,2024-12-30T15:34:36.28,2024-12-30T15:34:36.28,2024-12-30T15:34:36.280000,DissemDT,2024-12-30T15:34:36.280000,2024-12-31,2024-12-31T09:15:00,aligned,
86095de6-e270-46d9-b31a-56100fcf1b8c,RELIANCE,2024-12-28T09:55:28.283,2024-12-28T09:55:28.283,2024-12-28T09:55:28.283000,DissemDT,2024-12-28T09:55:28.283000,2024-12-30,2024-12-30T09:15:00,aligned,
6edc40b9-99b4-43b6-98ba-3a8fa3997e0c,RELIANCE,2024-12-27T23:13:07.427,2024-12-27T23:13:07.427,2024-12-27T23:13:07.427000,DissemDT,2024-12-27T23:13:07.427000,2024-12-30,2024-12-30T09:15:00,aligned,
bbb46ab9-dec6-436c-bfe2-b35eb5dcd3bf,HAL,2024-12-27T17:32:44.84,2024-12-27T17:32:44.84,2024-12-27T17:32:44.840000,DissemDT,2024-12-27T17:32:44.840000,2024-12-30,2024-12-30T09:15:00,aligned,
9ae3c4fd-d969-4ad8-be3d-12d5700af571,HAL,2024-12-27T17:16:45.283,2024-12-27T17:16:45.283,2024-12-27T17:16:45.283000,DissemDT,2024-12-27T17:16:45.283000,2024-12-30,2024-12-30T09:15:00,aligned,
1cd6d935-0459-4ea6-9804-4eadd4b4a196,HAL,2024-12-27T16:39:07.627,2024-12-27T16:39:07.627,2024-12-27T16:39:07.627000,DissemDT,2024-12-27T16:39:07.627000,2024-12-30,2024-12-30T09:15:00,aligned,
24e47bcb-acc9-41f7-971a-a3a0ef56960f,RVNL,2024-12-27T12:17:03.98,2024-12-27T12:17:03.98,2024-12-27T12:17:03.980000,DissemDT,2024-12-27T12:17:03.980000,2024-12-27,2024-12-27T12:18:00,aligned,
6fc16351-abab-4827-a3da-6d2a1d68d72d,RELIANCE,2024-12-25T17:00:58.19,2024-12-25T17:00:58.19,2024-12-25T17:00:58.190000,DissemDT,2024-12-25T17:00:58.190000,2024-12-26,2024-12-26T09:15:00,aligned,
bc11b358-ac2c-40f2-bbce-d48dc0e6937b,RELIANCE,2024-12-21T13:21:59.247,2024-12-21T13:21:59.247,2024-12-21T13:21:59.247000,DissemDT,2024-12-21T13:21:59.247000,2024-12-23,2024-12-23T09:15:00,aligned,
eba06afd-ac64-492e-a99e-31fb43530dd6,HDFCBANK,2024-12-20T21:31:22.287,2024-12-20T21:31:22.287,2024-12-20T21:31:22.287000,DissemDT,2024-12-20T21:31:22.287000,2024-12-23,2024-12-23T09:15:00,aligned,
aa0c937d-6a86-4572-ab6b-33886d7e33b7,RELIANCE,2024-12-20T17:44:12.047,2024-12-20T17:44:12.047,2024-12-20T17:44:12.047000,DissemDT,2024-12-20T17:44:12.047000,2024-12-23,2024-12-23T09:15:00,aligned,
b843a62c-5ede-4bf7-b5f0-539552bbe47b,RVNL,2024-12-19T15:20:58.83,2024-12-19T15:20:58.83,2024-12-19T15:20:58.830000,DissemDT,2024-12-19T15:20:58.830000,2024-12-19,2024-12-19T15:21:00,aligned,
dacb87d9-6468-4313-a895-a0f9eef581a5,HAL,2024-12-18T12:46:35.267,2024-12-18T12:46:35.267,2024-12-18T12:46:35.267000,DissemDT,2024-12-18T12:46:35.267000,2024-12-18,2024-12-18T12:47:00,aligned,
295a589b-b9c8-4b62-9181-58e4dbbdb52b,HDFCBANK,2024-12-17T20:45:12.42,2024-12-17T20:45:12.42,2024-12-17T20:45:12.420000,DissemDT,2024-12-17T20:45:12.420000,2024-12-18,2024-12-18T09:15:00,aligned,
eb3a9676-42c5-4814-bfaf-1f90a0be7e0b,HDFCBANK,2024-12-17T18:15:56.08,2024-12-17T18:15:56.08,2024-12-17T18:15:56.080000,DissemDT,2024-12-17T18:15:56.080000,2024-12-18,2024-12-18T09:15:00,aligned,
1818f1dc-6dae-4996-a319-4a169be68d1c,RVNL,2024-12-16T18:23:16.56,2024-12-16T18:23:16.56,2024-12-16T18:23:16.560000,DissemDT,2024-12-16T18:23:16.560000,2024-12-17,2024-12-17T09:15:00,aligned,
2a4354ed-a78f-4b91-a6d7-f58015adf200,HDFCBANK,2024-12-16T17:59:28.223,2024-12-16T17:59:28.223,2024-12-16T17:59:28.223000,DissemDT,2024-12-16T17:59:28.223000,2024-12-17,2024-12-17T09:15:00,aligned,
d4910778-06eb-420c-a403-d2636da79b87,HDFCBANK,2024-12-16T16:41:26.323,2024-12-16T16:41:26.323,2024-12-16T16:41:26.323000,DissemDT,2024-12-16T16:41:26.323000,2024-12-17,2024-12-17T09:15:00,aligned,
68636c10-bb6f-4f39-9c28-75d14be0c54b,NYKAA,2024-12-16T15:40:20.403,2024-12-16T15:40:20.403,2024-12-16T15:40:20.403000,DissemDT,2024-12-16T15:40:20.403000,2024-12-17,2024-12-17T09:15:00,aligned,
325a6ca0-5879-43d0-9eb3-60d41157b136,RELIANCE,2024-12-13T20:11:04.647,2024-12-13T20:11:04.647,2024-12-13T20:11:04.647000,DissemDT,2024-12-13T20:11:04.647000,2024-12-16,2024-12-16T09:15:00,aligned,
a438e5a5-94f8-470a-9752-13296082697b,RELIANCE,2024-12-13T19:06:37.093,2024-12-13T19:06:37.093,2024-12-13T19:06:37.093000,DissemDT,2024-12-13T19:06:37.093000,2024-12-16,2024-12-16T09:15:00,aligned,
329aea5c-1438-4265-a110-b405aa3721f2,HDFCBANK,2024-12-13T11:28:15.74,2024-12-13T11:28:15.74,2024-12-13T11:28:15.740000,DissemDT,2024-12-13T11:28:15.740000,2024-12-13,2024-12-13T11:29:00,aligned,
cbc91555-690e-4601-9767-e14925bf617d,HAL,2024-12-13T08:47:01.8,2024-12-13T08:47:01.8,2024-12-13T08:47:01.800000,DissemDT,2024-12-13T08:47:01.800000,2024-12-13,2024-12-13T09:15:00,aligned,
c29eaa64-7e0f-4a02-aecd-94442151a1cf,RELIANCE,2024-12-12T16:49:08.097,2024-12-12T16:49:08.093,2024-12-12T16:49:08.097000,DissemDT,2024-12-12T16:49:08.097000,2024-12-13,2024-12-13T09:15:00,aligned,
5e851d6f-0713-42ad-ab6e-72ad775ed7c6,RELIANCE,2024-12-12T16:38:10.473,2024-12-12T16:38:10.473,2024-12-12T16:38:10.473000,DissemDT,2024-12-12T16:38:10.473000,2024-12-13,2024-12-13T09:15:00,aligned,
6c95d093-c091-4889-8d3c-d6354725b92e,RVNL,2024-12-12T14:14:35.957,2024-12-12T14:14:35.957,2024-12-12T14:14:35.957000,DissemDT,2024-12-12T14:14:35.957000,2024-12-12,2024-12-12T14:15:00,aligned,
92e9608f-79f9-423d-9667-ba2da6d5b6d4,HDFCBANK,2024-12-12T13:07:54.857,2024-12-12T13:07:54.857,2024-12-12T13:07:54.857000,DissemDT,2024-12-12T13:07:54.857000,2024-12-12,2024-12-12T13:08:00,aligned,
e8f4f47e-3a6a-474d-9f25-9188170e0b78,RELIANCE,2024-12-11T17:37:25.27,2024-12-11T17:37:25.27,2024-12-11T17:37:25.270000,DissemDT,2024-12-11T17:37:25.270000,2024-12-12,2024-12-12T09:15:00,aligned,
f76a36db-bf52-402b-bfd5-734c0acca182,NYKAA,2024-12-11T17:26:46.03,2024-12-11T17:26:46.03,2024-12-11T17:26:46.030000,DissemDT,2024-12-11T17:26:46.030000,2024-12-12,2024-12-12T09:15:00,aligned,
c07e132e-8434-4c46-a6ec-e1d23ad58e0e,HDFCBANK,2024-12-10T23:44:03.15,2024-12-10T23:44:03.15,2024-12-10T23:44:03.150000,DissemDT,2024-12-10T23:44:03.150000,2024-12-11,2024-12-11T09:15:00,aligned,
9a1b090f-124c-427b-bc1f-fe7886a4bd96,RELIANCE,2024-12-10T23:23:41.463,2024-12-10T23:23:41.463,2024-12-10T23:23:41.463000,DissemDT,2024-12-10T23:23:41.463000,2024-12-11,2024-12-11T09:15:00,aligned,
6761993e-56a8-4bfb-824c-ecfe880fd304,HDFCBANK,2024-12-10T17:59:41.893,2024-12-10T17:59:41.893,2024-12-10T17:59:41.893000,DissemDT,2024-12-10T17:59:41.893000,2024-12-11,2024-12-11T09:15:00,aligned,
a081e621-4451-47b0-a032-24a6671f3433,HDFCBANK,2024-12-10T17:53:07.647,2024-12-10T17:53:07.647,2024-12-10T17:53:07.647000,DissemDT,2024-12-10T17:53:07.647000,2024-12-11,2024-12-11T09:15:00,aligned,
b5515033-1c9a-4803-bd8b-2cfb3137b5ab,RELIANCE,2024-12-10T16:46:12.493,2024-12-10T16:46:12.493,2024-12-10T16:46:12.493000,DissemDT,2024-12-10T16:46:12.493000,2024-12-11,2024-12-11T09:15:00,aligned,
11bc7e76-f61a-4d07-8e17-c0d1fb14f409,HAL,2024-12-09T18:17:31.86,2024-12-09T18:17:31.86,2024-12-09T18:17:31.860000,DissemDT,2024-12-09T18:17:31.860000,2024-12-10,2024-12-10T09:15:00,aligned,
8f7f013e-b5f6-42d7-bd5a-27d824951266,RELIANCE,2024-12-06T18:35:27.987,2024-12-06T18:35:27.987,2024-12-06T18:35:27.987000,DissemDT,2024-12-06T18:35:27.987000,2024-12-09,2024-12-09T09:15:00,aligned,
02066bb1-6d9d-48d9-8eae-6d2d9f2fd6fa,NYKAA,2024-12-05T19:11:49.157,2024-12-05T19:11:49.157,2024-12-05T19:11:49.157000,DissemDT,2024-12-05T19:11:49.157000,2024-12-06,2024-12-06T09:15:00,aligned,
0455b10f-1166-4263-9040-7788039b39b9,RELIANCE,2024-12-05T16:58:48.68,2024-12-05T16:58:48.68,2024-12-05T16:58:48.680000,DissemDT,2024-12-05T16:58:48.680000,2024-12-06,2024-12-06T09:15:00,aligned,
7e522898-b87e-40f8-9978-8cda2f71dbcb,RELIANCE,2024-12-05T16:45:30.41,2024-12-05T16:45:30.41,2024-12-05T16:45:30.410000,DissemDT,2024-12-05T16:45:30.410000,2024-12-06,2024-12-06T09:15:00,aligned,
8628c4a2-df4f-4442-98d5-e872ab6402f7,RELIANCE,2024-12-04T17:10:11.173,2024-12-04T17:10:11.173,2024-12-04T17:10:11.173000,DissemDT,2024-12-04T17:10:11.173000,2024-12-05,2024-12-05T09:15:00,aligned,
f84fb90d-dcbc-4ede-897c-6ac479e4e69a,HAL,2024-12-04T10:12:59.637,2024-12-04T10:12:59.637,2024-12-04T10:12:59.637000,DissemDT,2024-12-04T10:12:59.637000,2024-12-04,2024-12-04T10:13:00,aligned,
bc284054-e725-4913-a5e2-dee05cae96f8,RELIANCE,2024-12-03T18:36:15.977,2024-12-03T18:36:15.977,2024-12-03T18:36:15.977000,DissemDT,2024-12-03T18:36:15.977000,2024-12-04,2024-12-04T09:15:00,aligned,
de8b5b8d-4c8d-4065-8767-2a52e20fa24f,RELIANCE,2024-12-03T17:10:40.153,2024-12-03T17:10:40.153,2024-12-03T17:10:40.153000,DissemDT,2024-12-03T17:10:40.153000,2024-12-04,2024-12-04T09:15:00,aligned,
23ee06f7-bae2-4c50-8361-9b4134e1963d,RVNL,2024-12-03T16:57:10.953,2024-12-03T16:57:10.953,2024-12-03T16:57:10.953000,DissemDT,2024-12-03T16:57:10.953000,2024-12-04,2024-12-04T09:15:00,aligned,
ba8371e7-f5a3-4fb6-8c6f-2fd314a7af76,HDFCBANK,2024-12-03T11:34:30.587,2024-12-03T11:34:30.587,2024-12-03T11:34:30.587000,DissemDT,2024-12-03T11:34:30.587000,2024-12-03,2024-12-03T11:35:00,aligned,
98e9a49f-6c9f-4e6d-8206-a36ceaee94c9,HDFCBANK,2024-12-02T14:49:55.627,2024-12-02T14:49:55.627,2024-12-02T14:49:55.627000,DissemDT,2024-12-02T14:49:55.627000,2024-12-02,2024-12-02T14:50:00,aligned,
d4f54ce1-e64b-4dfa-99e0-16b153c1e7b1,RELIANCE,2024-11-29T19:05:49.16,2024-11-29T19:05:49.16,2024-11-29T19:05:49.160000,DissemDT,2024-11-29T19:05:49.160000,2024-12-02,2024-12-02T09:15:00,aligned,
7c1cdf3d-664c-4237-b2cb-ac2ed8bd551f,RVNL,2024-11-29T18:15:33.197,2024-11-29T18:15:33.197,2024-11-29T18:15:33.197000,DissemDT,2024-11-29T18:15:33.197000,2024-12-02,2024-12-02T09:15:00,aligned,
d45d804a-f5e3-42f9-8c0d-e31344db3221,HDFCBANK,2024-11-29T15:37:26.42,2024-11-29T15:37:26.42,2024-11-29T15:37:26.420000,DissemDT,2024-11-29T15:37:26.420000,2024-12-02,2024-12-02T09:15:00,aligned,
f6f63302-8f29-4df7-995a-6bac745409c7,HDFCBANK,2024-11-28T20:48:37.09,2024-11-28T20:48:37.09,2024-11-28T20:48:37.090000,DissemDT,2024-11-28T20:48:37.090000,2024-11-29,2024-11-29T09:15:00,aligned,
f628b555-faac-405f-a84c-02ecae7b9111,HDFCBANK,2024-11-28T20:26:22.147,2024-11-28T20:26:22.147,2024-11-28T20:26:22.147000,DissemDT,2024-11-28T20:26:22.147000,2024-11-29,2024-11-29T09:15:00,aligned,
0156adca-1677-47fb-baa5-981daba49945,RELIANCE,2024-11-28T16:32:57.823,2024-11-28T16:32:57.823,2024-11-28T16:32:57.823000,DissemDT,2024-11-28T16:32:57.823000,2024-11-29,2024-11-29T09:15:00,aligned,
4db8920f-08e0-4969-be61-22f7db22ae71,RELIANCE,2024-11-28T16:26:01.31,2024-11-28T16:26:01.31,2024-11-28T16:26:01.310000,DissemDT,2024-11-28T16:26:01.310000,2024-11-29,2024-11-29T09:15:00,aligned,
66ea3bf5-ec93-44c8-8c8c-1b38a31af09e,RELIANCE,2024-11-28T16:18:17.35,2024-11-28T16:18:17.35,2024-11-28T16:18:17.350000,DissemDT,2024-11-28T16:18:17.350000,2024-11-29,2024-11-29T09:15:00,aligned,
7e7bb4e8-99f2-42af-83e2-f3f2e9d14c03,HAL,2024-11-28T16:04:09.537,2024-11-28T16:04:09.537,2024-11-28T16:04:09.537000,DissemDT,2024-11-28T16:04:09.537000,2024-11-29,2024-11-29T09:15:00,aligned,
acad78a1-0518-4d76-b336-7afa272021ad,RELIANCE,2024-11-27T18:35:58.6,2024-11-27T18:35:58.6,2024-11-27T18:35:58.600000,DissemDT,2024-11-27T18:35:58.600000,2024-11-28,2024-11-28T09:15:00,aligned,
759a4952-b025-4166-8d44-170cc0b2228c,NYKAA,2024-11-26T22:08:54.193,2024-11-26T22:08:54.193,2024-11-26T22:08:54.193000,DissemDT,2024-11-26T22:08:54.193000,2024-11-27,2024-11-27T09:15:00,aligned,
b860e83a-7539-4e7f-a3a9-69181f8795c0,RVNL,2024-11-26T18:25:01.347,2024-11-26T18:25:01.347,2024-11-26T18:25:01.347000,DissemDT,2024-11-26T18:25:01.347000,2024-11-27,2024-11-27T09:15:00,aligned,
36071c8f-3142-48a8-99f6-91f3ba26a9a9,HAL,2024-11-26T17:28:42.897,2024-11-26T17:28:42.897,2024-11-26T17:28:42.897000,DissemDT,2024-11-26T17:28:42.897000,2024-11-27,2024-11-27T09:15:00,aligned,
6564debd-474d-4064-a6f3-48b281e0d871,RELIANCE,2024-11-26T17:06:54.96,2024-11-26T17:06:54.96,2024-11-26T17:06:54.960000,DissemDT,2024-11-26T17:06:54.960000,2024-11-27,2024-11-27T09:15:00,aligned,
5ecbb636-1946-4e73-a549-4124b6c8abcc,HDFCBANK,2024-11-26T16:10:36.74,2024-11-26T16:10:36.74,2024-11-26T16:10:36.740000,DissemDT,2024-11-26T16:10:36.740000,2024-11-27,2024-11-27T09:15:00,aligned,
e5d3b6d8-f7a4-407e-8569-9ea54a894a28,HDFCBANK,2024-11-26T16:04:04.84,2024-11-26T16:04:04.84,2024-11-26T16:04:04.840000,DissemDT,2024-11-26T16:04:04.840000,2024-11-27,2024-11-27T09:15:00,aligned,
fa7fd3bd-ec44-4a2c-90f9-86db0743aa41,RVNL,2024-11-26T15:26:48.42,2024-11-26T15:26:48.417,2024-11-26T15:26:48.420000,DissemDT,2024-11-26T15:26:48.420000,2024-11-26,2024-11-26T15:27:00,aligned,
e3bb597c-7e1c-49a6-8b88-b63ad55b23c7,HAL,2024-11-26T10:14:09.873,2024-11-26T10:14:09.873,2024-11-26T10:14:09.873000,DissemDT,2024-11-26T10:14:09.873000,2024-11-26,2024-11-26T10:15:00,aligned,
5c51ed2a-cf03-4662-a923-7983ab0cbc5d,HAL,2024-11-26T10:08:30.62,2024-11-26T10:08:30.62,2024-11-26T10:08:30.620000,DissemDT,2024-11-26T10:08:30.620000,2024-11-26,2024-11-26T10:09:00,aligned,
213fe220-e4ee-4e8b-8bcc-125893be10a6,HDFCBANK,2024-11-25T17:30:57.28,2024-11-25T17:30:57.28,2024-11-25T17:30:57.280000,DissemDT,2024-11-25T17:30:57.280000,2024-11-26,2024-11-26T09:15:00,aligned,
c799404d-8c2c-498d-820d-85d028d87217,HDFCBANK,2024-11-25T17:22:10.853,2024-11-25T17:22:10.853,2024-11-25T17:22:10.853000,DissemDT,2024-11-25T17:22:10.853000,2024-11-26,2024-11-26T09:15:00,aligned,
a54fd771-2145-462f-99bd-1f3da352d3de,RELIANCE,2024-11-22T21:01:06.657,2024-11-22T21:01:06.657,2024-11-22T21:01:06.657000,DissemDT,2024-11-22T21:01:06.657000,2024-11-25,2024-11-25T09:15:00,aligned,
89412c5e-45fc-430a-a18a-0bf5eac11a6b,RVNL,2024-11-22T16:19:30.26,2024-11-22T16:19:30.26,2024-11-22T16:19:30.260000,DissemDT,2024-11-22T16:19:30.260000,2024-11-25,2024-11-25T09:15:00,aligned,
7def8496-d4ee-439a-9000-24e79389d4a3,RVNL,2024-11-22T16:07:51.227,2024-11-22T16:07:51.227,2024-11-22T16:07:51.227000,DissemDT,2024-11-22T16:07:51.227000,2024-11-25,2024-11-25T09:15:00,aligned,
3f8bd7bf-2c78-4e99-b45e-152938db9ba4,RELIANCE,2024-11-21T19:33:11.44,2024-11-21T19:33:11.44,2024-11-21T19:33:11.440000,DissemDT,2024-11-21T19:33:11.440000,2024-11-22,2024-11-22T09:15:00,aligned,
a53cfe37-2145-48d4-87b1-0cc7e24b997c,RELIANCE,2024-11-21T16:40:26.35,2024-11-21T16:40:26.35,2024-11-21T16:40:26.350000,DissemDT,2024-11-21T16:40:26.350000,2024-11-22,2024-11-22T09:15:00,aligned,
23a37c3e-fa6f-4387-9b45-2d5ad15078dc,RELIANCE,2024-11-20T19:02:25.72,2024-11-20T19:02:25.72,2024-11-20T19:02:25.720000,DissemDT,2024-11-20T19:02:25.720000,2024-11-21,2024-11-21T09:15:00,aligned,
840ba755-f4fe-4042-b84b-720ab738b062,RELIANCE,2024-11-20T18:50:14.053,2024-11-20T18:50:14.053,2024-11-20T18:50:14.053000,DissemDT,2024-11-20T18:50:14.053000,2024-11-21,2024-11-21T09:15:00,aligned,
5a81c3a6-1321-4c7d-b1a0-7170aa12d89e,HDFCBANK,2024-11-19T21:21:20.01,2024-11-19T21:21:20.01,2024-11-19T21:21:20.010000,DissemDT,2024-11-19T21:21:20.010000,2024-11-21,2024-11-21T09:15:00,aligned,
84f6f62a-f620-4256-aae9-abd495836412,RELIANCE,2024-11-19T19:49:51.627,2024-11-19T19:49:51.627,2024-11-19T19:49:51.627000,DissemDT,2024-11-19T19:49:51.627000,2024-11-21,2024-11-21T09:15:00,aligned,
13a3db7d-5fb1-413e-a116-8724688b7e1f,RELIANCE,2024-11-19T16:41:28.277,2024-11-19T16:41:28.277,2024-11-19T16:41:28.277000,DissemDT,2024-11-19T16:41:28.277000,2024-11-21,2024-11-21T09:15:00,aligned,
9826b4ef-f477-42dc-a7e5-47e83905bc63,RELIANCE,2024-11-18T23:19:42.377,2024-11-18T23:19:42.377,2024-11-18T23:19:42.377000,DissemDT,2024-11-18T23:19:42.377000,2024-11-19,2024-11-19T09:15:00,aligned,
6f88bb4d-74e9-46ba-858f-e87e9b658d35,RELIANCE,2024-11-18T19:37:12.51,2024-11-18T19:37:12.51,2024-11-18T19:37:12.510000,DissemDT,2024-11-18T19:37:12.510000,2024-11-19,2024-11-19T09:15:00,aligned,
faadb9fd-6613-4626-b16a-66ef7f30ef7c,RVNL,2024-11-18T13:52:28.99,2024-11-18T13:52:28.99,2024-11-18T13:52:28.990000,DissemDT,2024-11-18T13:52:28.990000,2024-11-18,2024-11-18T13:53:00,aligned,
a49794af-49a1-4c49-8af2-f5fefcff658a,HDFCBANK,2024-11-18T09:45:28.363,2024-11-18T09:45:28.363,2024-11-18T09:45:28.363000,DissemDT,2024-11-18T09:45:28.363000,2024-11-18,2024-11-18T09:46:00,aligned,
54a095fc-e423-436b-b452-662c2b1fddee,NYKAA,2024-11-15T21:25:20.143,2024-11-15T21:25:20.143,2024-11-15T21:25:20.143000,DissemDT,2024-11-15T21:25:20.143000,2024-11-18,2024-11-18T09:15:00,aligned,
6d39a2e1-e4d0-4a38-9943-bd4f82de1420,RELIANCE,2024-11-14T21:33:18.553,2024-11-14T21:33:18.553,2024-11-14T21:33:18.553000,DissemDT,2024-11-14T21:33:18.553000,2024-11-18,2024-11-18T09:15:00,aligned,
593eace5-abd8-419a-9580-80d89221e15a,RELIANCE,2024-11-14T21:30:54.867,2024-11-14T21:30:54.867,2024-11-14T21:30:54.867000,DissemDT,2024-11-14T21:30:54.867000,2024-11-18,2024-11-18T09:15:00,aligned,
a83938fd-c678-4828-b4fc-fcde673e8fab,RELIANCE,2024-11-14T21:11:45.47,2024-11-14T21:11:45.47,2024-11-14T21:11:45.470000,DissemDT,2024-11-14T21:11:45.470000,2024-11-18,2024-11-18T09:15:00,aligned,
2e3fcd19-9f78-4016-90f9-aa6c9a4f2cae,RELIANCE,2024-11-14T18:11:09.967,2024-11-14T18:11:09.967,2024-11-14T18:11:09.967000,DissemDT,2024-11-14T18:11:09.967000,2024-11-18,2024-11-18T09:15:00,aligned,
fea9f443-3865-46b7-a080-804232b6aca0,RELIANCE,2024-11-14T17:29:59.717,2024-11-14T17:29:59.717,2024-11-14T17:29:59.717000,DissemDT,2024-11-14T17:29:59.717000,2024-11-18,2024-11-18T09:15:00,aligned,
1edc02e6-477c-4250-b735-b9a39c9d3935,RELIANCE,2024-11-14T17:26:10.54,2024-11-14T17:26:10.54,2024-11-14T17:26:10.540000,DissemDT,2024-11-14T17:26:10.540000,2024-11-18,2024-11-18T09:15:00,aligned,
5ca78426-e370-43b2-8842-03bfd936c271,RELIANCE,2024-11-14T15:59:54.04,2024-11-14T15:59:54.04,2024-11-14T15:59:54.040000,DissemDT,2024-11-14T15:59:54.040000,2024-11-18,2024-11-18T09:15:00,aligned,
19e48e9a-3323-40f7-8300-037760fb55bd,HAL,2024-11-14T13:00:32.667,2024-11-14T13:00:32.667,2024-11-14T13:00:32.667000,DissemDT,2024-11-14T13:00:32.667000,2024-11-14,2024-11-14T13:01:00,aligned,
279bd8f3-490d-4f1a-b722-085c6a70106a,HAL,2024-11-14T12:54:09.897,2024-11-14T12:54:09.897,2024-11-14T12:54:09.897000,DissemDT,2024-11-14T12:54:09.897000,2024-11-14,2024-11-14T12:55:00,aligned,
273710d1-9cb7-4480-8d53-01457112f658,NYKAA,2024-11-14T11:07:49.97,2024-11-14T11:07:49.97,2024-11-14T11:07:49.970000,DissemDT,2024-11-14T11:07:49.970000,2024-11-14,2024-11-14T11:08:00,aligned,
e91fce54-03fd-496f-a06e-72007b19be66,RELIANCE,2024-11-13T21:42:33.927,2024-11-13T21:42:33.927,2024-11-13T21:42:33.927000,DissemDT,2024-11-13T21:42:33.927000,2024-11-14,2024-11-14T09:15:00,aligned,
69686e0c-9ecf-458a-a988-cef80832cb17,RELIANCE,2024-11-13T21:20:29.46,2024-11-13T21:20:29.46,2024-11-13T21:20:29.460000,DissemDT,2024-11-13T21:20:29.460000,2024-11-14,2024-11-14T09:15:00,aligned,
568a3492-bc72-4a7c-9ec5-e897b136b7a8,RELIANCE,2024-11-13T18:19:22.453,2024-11-13T18:19:22.453,2024-11-13T18:19:22.453000,DissemDT,2024-11-13T18:19:22.453000,2024-11-14,2024-11-14T09:15:00,aligned,
8039f69e-2747-428c-8531-325fa8aa3619,NYKAA,2024-11-13T10:00:03.633,2024-11-13T10:00:03.633,2024-11-13T10:00:03.633000,DissemDT,2024-11-13T10:00:03.633000,2024-11-13,2024-11-13T10:01:00,aligned,
733f9153-8b1f-4d33-a2c8-fd21b201ed21,NYKAA,2024-11-12T23:28:38.49,2024-11-12T23:28:38.49,2024-11-12T23:28:38.490000,DissemDT,2024-11-12T23:28:38.490000,2024-11-13,2024-11-13T09:15:00,aligned,
8a5e87f1-0424-4b8d-888d-611f4ecbdce8,HDFCBANK,2024-11-12T21:07:34.75,2024-11-12T21:07:34.75,2024-11-12T21:07:34.750000,DissemDT,2024-11-12T21:07:34.750000,2024-11-13,2024-11-13T09:15:00,aligned,
36028946-6933-4786-8790-b72f3c62724f,RELIANCE,2024-11-12T20:22:26.4,2024-11-12T20:22:26.4,2024-11-12T20:22:26.400000,DissemDT,2024-11-12T20:22:26.400000,2024-11-13,2024-11-13T09:15:00,aligned,
76e24b06-7dd3-4528-a8ee-bc5b8cf864f8,NYKAA,2024-11-12T20:03:20.037,2024-11-12T20:03:20.037,2024-11-12T20:03:20.037000,DissemDT,2024-11-12T20:03:20.037000,2024-11-13,2024-11-13T09:15:00,aligned,
f0c5d0e5-a9e7-4caa-bed7-6362ef18f294,NYKAA,2024-11-12T19:42:58.763,2024-11-12T19:42:58.763,2024-11-12T19:42:58.763000,DissemDT,2024-11-12T19:42:58.763000,2024-11-13,2024-11-13T09:15:00,aligned,
295c05bf-daf8-4fa6-86bf-a108a1bece02,RVNL,2024-11-12T18:25:00.867,2024-11-12T18:25:00.867,2024-11-12T18:25:00.867000,DissemDT,2024-11-12T18:25:00.867000,2024-11-13,2024-11-13T09:15:00,aligned,
e1797ae1-4fe3-4abb-a780-5b1326a77f12,NYKAA,2024-11-12T17:10:54.077,2024-11-12T17:10:54.077,2024-11-12T17:10:54.077000,DissemDT,2024-11-12T17:10:54.077000,2024-11-13,2024-11-13T09:15:00,aligned,
1d6bb22f-0fc3-4ae6-8522-079e65053345,RELIANCE,2024-11-12T16:41:47.657,2024-11-12T16:41:47.657,2024-11-12T16:41:47.657000,DissemDT,2024-11-12T16:41:47.657000,2024-11-13,2024-11-13T09:15:00,aligned,
378c2163-f261-4d64-be4f-6e8977cc3cc4,NYKAA,2024-11-12T16:28:12.34,2024-11-12T16:28:12.34,2024-11-12T16:28:12.340000,DissemDT,2024-11-12T16:28:12.340000,2024-11-13,2024-11-13T09:15:00,aligned,
66682eb3-0da8-4e67-bc7f-ba209a9ec90e,NYKAA,2024-11-12T15:54:55.563,2024-11-12T15:54:55.563,2024-11-12T15:54:55.563000,DissemDT,2024-11-12T15:54:55.563000,2024-11-13,2024-11-13T09:15:00,aligned,
5e15c842-99d5-4928-ad90-e97a85d3cded,HDFCBANK,2024-11-12T15:47:59.617,2024-11-12T15:47:59.617,2024-11-12T15:47:59.617000,DissemDT,2024-11-12T15:47:59.617000,2024-11-13,2024-11-13T09:15:00,aligned,
02e96ee5-d437-4408-b134-7322b6589d6d,RVNL,2024-11-11T18:42:03.4,2024-11-11T18:42:03.4,2024-11-11T18:42:03.400000,DissemDT,2024-11-11T18:42:03.400000,2024-11-12,2024-11-12T09:15:00,aligned,
54caea50-2cc2-42d9-bb0d-587eded1fe1c,RELIANCE,2024-11-08T21:10:37.66,2024-11-08T21:10:37.66,2024-11-08T21:10:37.660000,DissemDT,2024-11-08T21:10:37.660000,2024-11-11,2024-11-11T09:15:00,aligned,
3e9ded78-fa53-4e99-b6ed-52b2cdea1796,RELIANCE,2024-11-08T18:52:59.203,2024-11-08T18:52:59.203,2024-11-08T18:52:59.203000,DissemDT,2024-11-08T18:52:59.203000,2024-11-11,2024-11-11T09:15:00,aligned,
056f7692-366b-4740-bae8-73367472e9e2,RELIANCE,2024-11-08T18:43:23.377,2024-11-08T18:43:23.377,2024-11-08T18:43:23.377000,DissemDT,2024-11-08T18:43:23.377000,2024-11-11,2024-11-11T09:15:00,aligned,
3900b9b5-2c5c-4fec-82a5-b11c2233f179,RVNL,2024-11-08T18:28:12.95,2024-11-08T18:28:12.95,2024-11-08T18:28:12.950000,DissemDT,2024-11-08T18:28:12.950000,2024-11-11,2024-11-11T09:15:00,aligned,
5382ef0f-f672-4839-af49-66816018628a,HAL,2024-11-08T16:56:00.827,2024-11-08T16:56:00.827,2024-11-08T16:56:00.827000,DissemDT,2024-11-08T16:56:00.827000,2024-11-11,2024-11-11T09:15:00,aligned,
48e9ef75-de7e-4df8-a2a7-4449cbce1631,RVNL,2024-11-08T16:42:14.307,2024-11-08T16:42:14.307,2024-11-08T16:42:14.307000,DissemDT,2024-11-08T16:42:14.307000,2024-11-11,2024-11-11T09:15:00,aligned,
e80526e1-c153-4e37-b5a4-6c68064471e4,RVNL,2024-11-08T14:19:59.017,2024-11-08T14:19:59.017,2024-11-08T14:19:59.017000,DissemDT,2024-11-08T14:19:59.017000,2024-11-08,2024-11-08T14:20:00,aligned,
70221d97-329e-4792-b0a6-c604a68f5241,RELIANCE,2024-11-07T16:42:51.93,2024-11-07T16:42:51.93,2024-11-07T16:42:51.930000,DissemDT,2024-11-07T16:42:51.930000,2024-11-08,2024-11-08T09:15:00,aligned,
5771886d-9a41-4003-8452-32a594374136,RVNL,2024-11-07T15:49:20.113,2024-11-07T15:49:20.113,2024-11-07T15:49:20.113000,DissemDT,2024-11-07T15:49:20.113000,2024-11-08,2024-11-08T09:15:00,aligned,
80e3b99c-2bb1-49f4-86d9-6921b92d8232,RVNL,2024-11-07T15:45:50.377,2024-11-07T15:45:50.377,2024-11-07T15:45:50.377000,DissemDT,2024-11-07T15:45:50.377000,2024-11-08,2024-11-08T09:15:00,aligned,
00aaf4b8-e7f1-4dcc-95ba-0c9003f86b1b,HDFCBANK,2024-11-06T19:30:44.173,2024-11-06T19:30:44.173,2024-11-06T19:30:44.173000,DissemDT,2024-11-06T19:30:44.173000,2024-11-07,2024-11-07T09:15:00,aligned,
4140f753-5eb3-41af-93fa-f19eef0c027a,HDFCBANK,2024-11-06T19:26:09.65,2024-11-06T19:26:09.65,2024-11-06T19:26:09.650000,DissemDT,2024-11-06T19:26:09.650000,2024-11-07,2024-11-07T09:15:00,aligned,
8319c913-f5ba-4ba2-837a-5fd550fc426d,RVNL,2024-11-06T19:24:45.537,2024-11-06T19:24:45.537,2024-11-06T19:24:45.537000,DissemDT,2024-11-06T19:24:45.537000,2024-11-07,2024-11-07T09:15:00,aligned,
328cf9e9-eba0-4ade-aca8-70fa731f6e5e,RVNL,2024-11-06T18:22:31.24,2024-11-06T18:22:31.24,2024-11-06T18:22:31.240000,DissemDT,2024-11-06T18:22:31.240000,2024-11-07,2024-11-07T09:15:00,aligned,
bda5a399-c1d4-4d4f-87e9-3ce907888f53,RELIANCE,2024-11-06T16:57:18.373,2024-11-06T16:57:18.373,2024-11-06T16:57:18.373000,DissemDT,2024-11-06T16:57:18.373000,2024-11-07,2024-11-07T09:15:00,aligned,
3aa92b8f-c9b8-42b8-89d9-5a771ed21fdc,RVNL,2024-11-06T16:06:19.06,2024-11-06T16:06:19.06,2024-11-06T16:06:19.060000,DissemDT,2024-11-06T16:06:19.060000,2024-11-07,2024-11-07T09:15:00,aligned,
d023129a-835e-48f9-aade-980245ba3d0b,RELIANCE,2024-11-05T19:56:27.167,2024-11-05T19:56:27.167,2024-11-05T19:56:27.167000,DissemDT,2024-11-05T19:56:27.167000,2024-11-06,2024-11-06T09:15:00,aligned,
28511163-4591-45fb-a37d-513a7147135b,RVNL,2024-11-05T18:14:15.22,2024-11-05T18:14:15.22,2024-11-05T18:14:15.220000,DissemDT,2024-11-05T18:14:15.220000,2024-11-06,2024-11-06T09:15:00,aligned,
f361d0c1-f4f1-4cec-a2b5-c6d94f861d44,RVNL,2024-11-05T18:07:01.457,2024-11-05T18:07:01.457,2024-11-05T18:07:01.457000,DissemDT,2024-11-05T18:07:01.457000,2024-11-06,2024-11-06T09:15:00,aligned,
98df6431-e8a2-4774-a843-e2bfc4693caa,NYKAA,2024-11-05T17:15:00.62,2024-11-05T17:15:00.62,2024-11-05T17:15:00.620000,DissemDT,2024-11-05T17:15:00.620000,2024-11-06,2024-11-06T09:15:00,aligned,
6bf1fd60-487e-4904-bfd9-dec8f22cad64,RVNL,2024-11-05T13:54:06.943,2024-11-05T13:54:06.943,2024-11-05T13:54:06.943000,DissemDT,2024-11-05T13:54:06.943000,2024-11-05,2024-11-05T13:55:00,aligned,
8aea7db7-29bd-4d17-8d81-aa23107e03f8,RVNL,2024-11-04T18:04:32.14,2024-11-04T18:04:32.14,2024-11-04T18:04:32.140000,DissemDT,2024-11-04T18:04:32.140000,2024-11-05,2024-11-05T09:15:00,aligned,
4a81b6f5-89f1-4252-97eb-6ba385d671cb,HDFCBANK,2024-11-04T16:53:11.613,2024-11-04T16:53:11.613,2024-11-04T16:53:11.613000,DissemDT,2024-11-04T16:53:11.613000,2024-11-05,2024-11-05T09:15:00,aligned,
e7b6fc43-8415-4735-9944-0b694ad1584e,NYKAA,2024-11-04T10:46:56.72,2024-11-04T10:46:56.72,2024-11-04T10:46:56.720000,DissemDT,2024-11-04T10:46:56.720000,2024-11-04,2024-11-04T10:47:00,aligned,
6614c235-37d1-401e-b573-ff4741cfd163,RELIANCE,2024-10-31T19:08:27.293,2024-10-31T19:08:27.293,2024-10-31T19:08:27.293000,DissemDT,2024-10-31T19:08:27.293000,2024-11-01,2024-11-01T18:00:00,aligned,
9e4db657-a97d-4088-8bcf-10ab1700f2fa,RELIANCE,2024-10-31T18:59:37.163,2024-10-31T18:59:37.163,2024-10-31T18:59:37.163000,DissemDT,2024-10-31T18:59:37.163000,2024-11-01,2024-11-01T18:00:00,aligned,
4a914920-4f89-4edf-a776-97b2614463dd,HDFCBANK,2024-10-31T12:20:56.52,2024-10-31T12:20:56.52,2024-10-31T12:20:56.520000,DissemDT,2024-10-31T12:20:56.520000,2024-10-31,2024-10-31T12:21:00,aligned,
d5b789d1-96ba-46b6-87fe-d59760559e32,HDFCBANK,2024-10-31T09:22:30.81,2024-10-31T09:22:30.81,2024-10-31T09:22:30.810000,DissemDT,2024-10-31T09:22:30.810000,2024-10-31,2024-10-31T09:23:00,aligned,
7263d276-1a82-4089-b760-54fff2b5a160,RELIANCE,2024-10-30T20:41:05.427,2024-10-30T20:41:05.427,2024-10-30T20:41:05.427000,DissemDT,2024-10-30T20:41:05.427000,2024-10-31,2024-10-31T09:15:00,aligned,
c22412d6-8f33-4c70-bb1f-38cc40199abf,RELIANCE,2024-10-30T18:16:00.32,2024-10-30T18:16:00.32,2024-10-30T18:16:00.320000,DissemDT,2024-10-30T18:16:00.320000,2024-10-31,2024-10-31T09:15:00,aligned,
e0c2c261-212a-42ee-b5a7-c2abc9896571,RVNL,2024-10-30T15:33:34.567,2024-10-30T15:33:34.567,2024-10-30T15:33:34.567000,DissemDT,2024-10-30T15:33:34.567000,2024-10-31,2024-10-31T09:15:00,aligned,
d02848f0-16e2-4452-a81d-4f22ce3c9067,RVNL,2024-10-30T15:32:33.48,2024-10-30T15:32:33.48,2024-10-30T15:32:33.480000,DissemDT,2024-10-30T15:32:33.480000,2024-10-31,2024-10-31T09:15:00,aligned,
51e25c03-6d86-4cd6-a01d-61c02bbdbd48,HAL,2024-10-30T10:41:24.79,2024-10-30T10:41:24.79,2024-10-30T10:41:24.790000,DissemDT,2024-10-30T10:41:24.790000,2024-10-30,2024-10-30T10:42:00,aligned,
e68e3eff-07dd-4cab-9cdf-db2da29230ac,HDFCBANK,2024-10-29T20:39:03.243,2024-10-29T20:39:03.243,2024-10-29T20:39:03.243000,DissemDT,2024-10-29T20:39:03.243000,2024-10-30,2024-10-30T09:15:00,aligned,
ea5e52a1-3fb6-49d9-8d23-c69e296eb1f6,RELIANCE,2024-10-29T17:51:07.907,2024-10-29T17:51:07.907,2024-10-29T17:51:07.907000,DissemDT,2024-10-29T17:51:07.907000,2024-10-30,2024-10-30T09:15:00,aligned,
aef7138f-80a6-4332-a942-e73ffc58dac0,RELIANCE,2024-10-29T17:38:18.697,2024-10-29T17:38:18.697,2024-10-29T17:38:18.697000,DissemDT,2024-10-29T17:38:18.697000,2024-10-30,2024-10-30T09:15:00,aligned,
786a35ee-4531-43fd-bd8d-225ac9df89dc,RVNL,2024-10-29T17:33:22.72,2024-10-29T17:33:22.72,2024-10-29T17:33:22.720000,DissemDT,2024-10-29T17:33:22.720000,2024-10-30,2024-10-30T09:15:00,aligned,
9c4e6d80-db80-41cc-96d2-92edb96384b3,HDFCBANK,2024-10-29T16:10:44.197,2024-10-29T16:10:44.197,2024-10-29T16:10:44.197000,DissemDT,2024-10-29T16:10:44.197000,2024-10-30,2024-10-30T09:15:00,aligned,
be5a15e0-5e55-4935-89ed-1537a0f04597,HDFCBANK,2024-10-29T16:00:32.82,2024-10-29T16:00:32.82,2024-10-29T16:00:32.820000,DissemDT,2024-10-29T16:00:32.820000,2024-10-30,2024-10-30T09:15:00,aligned,
2a94ca09-e4cf-4e06-bf71-59e399caee49,RELIANCE,2024-10-29T12:35:34.22,2024-10-29T12:35:34.22,2024-10-29T12:35:34.220000,DissemDT,2024-10-29T12:35:34.220000,2024-10-29,2024-10-29T12:36:00,aligned,
8a6e7ba4-a5ce-486c-bdb6-3181926c9dca,HDFCBANK,2024-10-29T09:17:33.93,2024-10-29T09:17:33.927,2024-10-29T09:17:33.930000,DissemDT,2024-10-29T09:17:33.930000,2024-10-29,2024-10-29T09:18:00,aligned,
b44f164e-ba6d-415d-bc90-cd2683a25349,HDFCBANK,2024-10-28T19:53:33.863,2024-10-28T19:53:33.863,2024-10-28T19:53:33.863000,DissemDT,2024-10-28T19:53:33.863000,2024-10-29,2024-10-29T09:15:00,aligned,
702463b9-a048-47ca-9097-90bdbdaf8236,RVNL,2024-10-28T14:01:21.39,2024-10-28T14:01:21.39,2024-10-28T14:01:21.390000,DissemDT,2024-10-28T14:01:21.390000,2024-10-28,2024-10-28T14:02:00,aligned,
0d7671ef-67ec-4f24-a053-c7e996174d48,RELIANCE,2024-10-25T18:52:42.203,2024-10-25T18:52:42.203,2024-10-25T18:52:42.203000,DissemDT,2024-10-25T18:52:42.203000,2024-10-28,2024-10-28T09:15:00,aligned,
3d0457da-13bb-4e1a-9feb-7f324255daf8,HDFCBANK,2024-10-25T16:01:41.67,2024-10-25T16:01:41.67,2024-10-25T16:01:41.670000,DissemDT,2024-10-25T16:01:41.670000,2024-10-28,2024-10-28T09:15:00,aligned,
1251e19d-a4e6-4ce9-85ca-99ecb18fd49e,RELIANCE,2024-10-24T17:35:32.523,2024-10-24T17:35:32.523,2024-10-24T17:35:32.523000,DissemDT,2024-10-24T17:35:32.523000,2024-10-25,2024-10-25T09:15:00,aligned,
f2e71fc7-876e-433f-bdbd-c6e6e5e115fc,RELIANCE,2024-10-24T17:21:28.697,2024-10-24T17:21:28.697,2024-10-24T17:21:28.697000,DissemDT,2024-10-24T17:21:28.697000,2024-10-25,2024-10-25T09:15:00,aligned,
34045dc6-c5b7-41a2-8102-2d84bf383cdd,HAL,2024-10-24T16:48:42.28,2024-10-24T16:48:42.28,2024-10-24T16:48:42.280000,DissemDT,2024-10-24T16:48:42.280000,2024-10-25,2024-10-25T09:15:00,aligned,
6b776377-77ce-4880-aab9-1cf985c11591,RELIANCE,2024-10-23T16:16:25.837,2024-10-23T16:16:25.837,2024-10-23T16:16:25.837000,DissemDT,2024-10-23T16:16:25.837000,2024-10-24,2024-10-24T09:15:00,aligned,
87c305a7-bf10-4095-a589-ac812727da4d,HDFCBANK,2024-10-23T15:29:54.947,2024-10-23T15:29:54.947,2024-10-23T15:29:54.947000,DissemDT,2024-10-23T15:29:54.947000,2024-10-24,2024-10-24T09:15:00,aligned,
abf48e0f-3123-41d6-9237-94258eb8574c,RELIANCE,2024-10-22T20:19:42.59,2024-10-22T20:19:42.59,2024-10-22T20:19:42.590000,DissemDT,2024-10-22T20:19:42.590000,2024-10-23,2024-10-23T09:15:00,aligned,
4f8997ad-32bf-4742-b068-1109d7bdd93b,HAL,2024-10-22T17:13:28.45,2024-10-22T17:13:28.45,2024-10-22T17:13:28.450000,DissemDT,2024-10-22T17:13:28.450000,2024-10-23,2024-10-23T09:15:00,aligned,
9ec34d47-ccd7-45d7-94b0-e139ba889d39,RELIANCE,2024-10-22T17:06:30.873,2024-10-22T17:06:30.873,2024-10-22T17:06:30.873000,DissemDT,2024-10-22T17:06:30.873000,2024-10-23,2024-10-23T09:15:00,aligned,
84e10be5-0789-4193-a141-c421e93246d8,HAL,2024-10-22T16:51:44.14,2024-10-22T16:51:44.14,2024-10-22T16:51:44.140000,DissemDT,2024-10-22T16:51:44.140000,2024-10-23,2024-10-23T09:15:00,aligned,
987ad246-345b-40bd-9034-ab9bfa346d81,RVNL,2024-10-21T18:35:54.197,2024-10-21T18:35:54.197,2024-10-21T18:35:54.197000,DissemDT,2024-10-21T18:35:54.197000,2024-10-22,2024-10-22T09:15:00,aligned,
c7a393cb-af87-4ad7-963f-d6e6763111b9,HDFCBANK,2024-10-20T14:22:23.78,2024-10-20T14:22:23.78,2024-10-20T14:22:23.780000,DissemDT,2024-10-20T14:22:23.780000,2024-10-21,2024-10-21T09:15:00,aligned,
e0f4c7df-a13b-4193-bf75-f56bcb027336,HDFCBANK,2024-10-19T17:55:17.7,2024-10-19T17:55:17.7,2024-10-19T17:55:17.700000,DissemDT,2024-10-19T17:55:17.700000,2024-10-21,2024-10-21T09:15:00,aligned,
23bcc9f9-c3d0-43b2-a53a-d17fd31d31b7,RELIANCE,2024-10-19T16:07:16.533,2024-10-19T16:07:16.533,2024-10-19T16:07:16.533000,DissemDT,2024-10-19T16:07:16.533000,2024-10-21,2024-10-21T09:15:00,aligned,
961e0269-fd78-42c4-bfaf-b5f980492627,HDFCBANK,2024-10-19T15:55:22.49,2024-10-19T15:55:22.49,2024-10-19T15:55:22.490000,DissemDT,2024-10-19T15:55:22.490000,2024-10-21,2024-10-21T09:15:00,aligned,
19436f11-d635-4f81-87cb-9f19ae6aad2f,HDFCBANK,2024-10-19T14:44:45.12,2024-10-19T14:44:45.12,2024-10-19T14:44:45.120000,DissemDT,2024-10-19T14:44:45.120000,2024-10-21,2024-10-21T09:15:00,aligned,
97ebea38-97a2-4170-bdf4-0a29a312b6b6,HDFCBANK,2024-10-19T14:29:23.82,2024-10-19T14:29:23.82,2024-10-19T14:29:23.820000,DissemDT,2024-10-19T14:29:23.820000,2024-10-21,2024-10-21T09:15:00,aligned,
4a3d87b7-7a8d-43f1-886f-6ab24b72c79f,HDFCBANK,2024-10-19T14:10:01.67,2024-10-19T14:10:01.67,2024-10-19T14:10:01.670000,DissemDT,2024-10-19T14:10:01.670000,2024-10-21,2024-10-21T09:15:00,aligned,
8d833d27-cf86-4571-9c31-9f9314574fd1,HDFCBANK,2024-10-18T19:36:01.347,2024-10-18T19:36:01.347,2024-10-18T19:36:01.347000,DissemDT,2024-10-18T19:36:01.347000,2024-10-21,2024-10-21T09:15:00,aligned,
abda86a8-b7d0-43b7-9c1a-f60564e53956,RELIANCE,2024-10-18T18:39:58.993,2024-10-18T18:39:58.993,2024-10-18T18:39:58.993000,DissemDT,2024-10-18T18:39:58.993000,2024-10-21,2024-10-21T09:15:00,aligned,
5f403d21-0133-41b3-8b44-d5ec117923f7,RELIANCE,2024-10-18T18:13:07.77,2024-10-18T18:13:07.77,2024-10-18T18:13:07.770000,DissemDT,2024-10-18T18:13:07.770000,2024-10-21,2024-10-21T09:15:00,aligned,
f7ce6664-70d3-4996-94ef-dd34bb979b03,RELIANCE,2024-10-18T16:32:29.26,2024-10-18T16:32:29.26,2024-10-18T16:32:29.260000,DissemDT,2024-10-18T16:32:29.260000,2024-10-21,2024-10-21T09:15:00,aligned,
e9072d75-b40f-4c0a-8417-a30e4f640033,RELIANCE,2024-10-17T20:32:46.333,2024-10-17T20:32:46.333,2024-10-17T20:32:46.333000,DissemDT,2024-10-17T20:32:46.333000,2024-10-18,2024-10-18T09:15:00,aligned,
cf2517a2-f516-47b3-a2e2-4715a895c8cf,RELIANCE,2024-10-17T20:02:04.46,2024-10-17T20:02:04.46,2024-10-17T20:02:04.460000,DissemDT,2024-10-17T20:02:04.460000,2024-10-18,2024-10-18T09:15:00,aligned,
3b2a3d35-3d48-472a-b092-705bfa769a04,HAL,2024-10-17T17:11:21.32,2024-10-17T17:11:21.32,2024-10-17T17:11:21.320000,DissemDT,2024-10-17T17:11:21.320000,2024-10-18,2024-10-18T09:15:00,aligned,
f4fcb8b7-623d-48d6-9e1b-21a0f1d43bc9,HDFCBANK,2024-10-17T14:45:12.813,2024-10-17T14:45:12.813,2024-10-17T14:45:12.813000,DissemDT,2024-10-17T14:45:12.813000,2024-10-17,2024-10-17T14:46:00,aligned,
4ce1682b-c9bb-4867-a388-5bc2c7a7a74f,RELIANCE,2024-10-17T09:09:57.003,2024-10-17T09:09:57.003,2024-10-17T09:09:57.003000,DissemDT,2024-10-17T09:09:57.003000,2024-10-17,2024-10-17T09:15:00,aligned,
4a39e462-dd44-4ab0-a961-47503f82c37c,RELIANCE,2024-10-16T20:06:08.553,2024-10-16T20:06:08.553,2024-10-16T20:06:08.553000,DissemDT,2024-10-16T20:06:08.553000,2024-10-17,2024-10-17T09:15:00,aligned,
5c79c518-4f7a-45f9-a8f6-dfb1929bb954,RELIANCE,2024-10-16T18:34:49.693,2024-10-16T18:34:49.693,2024-10-16T18:34:49.693000,DissemDT,2024-10-16T18:34:49.693000,2024-10-17,2024-10-17T09:15:00,aligned,
f578d8b2-c1db-4d98-abdd-fc6acb7dc2c9,RELIANCE,2024-10-16T18:29:47.65,2024-10-16T18:29:47.65,2024-10-16T18:29:47.650000,DissemDT,2024-10-16T18:29:47.650000,2024-10-17,2024-10-17T09:15:00,aligned,
0e1398d2-a322-4dbf-a3be-31531c13fb66,RVNL,2024-10-16T17:58:33.263,2024-10-16T17:58:33.263,2024-10-16T17:58:33.263000,DissemDT,2024-10-16T17:58:33.263000,2024-10-17,2024-10-17T09:15:00,aligned,
592bee8c-76a5-4693-a424-bfd8bc0bdd1f,RELIANCE,2024-10-16T17:44:09.08,2024-10-16T17:44:09.08,2024-10-16T17:44:09.080000,DissemDT,2024-10-16T17:44:09.080000,2024-10-17,2024-10-17T09:15:00,aligned,
c4a7cd4f-f7d3-4ced-9d6c-37740b6ddba6,HDFCBANK,2024-10-15T18:24:55.22,2024-10-15T18:24:55.22,2024-10-15T18:24:55.220000,DissemDT,2024-10-15T18:24:55.220000,2024-10-16,2024-10-16T09:15:00,aligned,
85fcbb64-6b70-4ffa-8905-413761d0fafd,RELIANCE,2024-10-15T18:20:11.447,2024-10-15T18:20:11.447,2024-10-15T18:20:11.447000,DissemDT,2024-10-15T18:20:11.447000,2024-10-16,2024-10-16T09:15:00,aligned,
febdd193-3d68-48ab-97ac-3c14cd210c21,RVNL,2024-10-15T13:25:37.323,2024-10-15T13:25:37.323,2024-10-15T13:25:37.323000,DissemDT,2024-10-15T13:25:37.323000,2024-10-15,2024-10-15T13:26:00,aligned,
fa8f3f36-5727-4772-ad0a-7a2e5bbbdf11,RELIANCE,2024-10-15T08:29:52.017,2024-10-15T08:29:52.017,2024-10-15T08:29:52.017000,DissemDT,2024-10-15T08:29:52.017000,2024-10-15,2024-10-15T09:15:00,aligned,
26f98bfd-f150-493b-80ee-923f262354b7,RELIANCE,2024-10-15T08:23:07.657,2024-10-15T08:23:07.657,2024-10-15T08:23:07.657000,DissemDT,2024-10-15T08:23:07.657000,2024-10-15,2024-10-15T09:15:00,aligned,
70792656-651d-43fe-88c2-cc584075c614,RELIANCE,2024-10-14T21:30:48.803,2024-10-14T21:30:48.803,2024-10-14T21:30:48.803000,DissemDT,2024-10-14T21:30:48.803000,2024-10-15,2024-10-15T09:15:00,aligned,
c4667d23-503a-46ea-b4db-edace530e397,RELIANCE,2024-10-14T19:17:41.867,2024-10-14T19:17:41.867,2024-10-14T19:17:41.867000,DissemDT,2024-10-14T19:17:41.867000,2024-10-15,2024-10-15T09:15:00,aligned,
189ed5fc-99fa-47b6-9540-01dc11bb8839,RELIANCE,2024-10-14T19:06:34.403,2024-10-14T19:06:34.403,2024-10-14T19:06:34.403000,DissemDT,2024-10-14T19:06:34.403000,2024-10-15,2024-10-15T09:15:00,aligned,
b2742470-ec5b-4c98-9ac5-a35045404359,RELIANCE,2024-10-14T18:58:35.22,2024-10-14T18:58:35.22,2024-10-14T18:58:35.220000,DissemDT,2024-10-14T18:58:35.220000,2024-10-15,2024-10-15T09:15:00,aligned,
66f31764-fa5e-40d5-bdac-bac8808ad9e0,NYKAA,2024-10-14T17:52:52.707,2024-10-14T17:52:52.707,2024-10-14T17:52:52.707000,DissemDT,2024-10-14T17:52:52.707000,2024-10-15,2024-10-15T09:15:00,aligned,
642b8f5f-1f42-4f8c-a8dd-abb9470b94cd,HAL,2024-10-14T14:42:27.777,2024-10-14T14:42:27.777,2024-10-14T14:42:27.777000,DissemDT,2024-10-14T14:42:27.777000,2024-10-14,2024-10-14T14:43:00,aligned,
1a15b86f-f979-4a10-ac3d-964c8a51f745,RELIANCE,2024-10-11T18:55:13.923,2024-10-11T18:55:13.923,2024-10-11T18:55:13.923000,DissemDT,2024-10-11T18:55:13.923000,2024-10-14,2024-10-14T09:15:00,aligned,
176eb3d9-0819-4abe-aa9e-f10bc3ade709,RELIANCE,2024-10-10T17:07:44.357,2024-10-10T17:07:44.357,2024-10-10T17:07:44.357000,DissemDT,2024-10-10T17:07:44.357000,2024-10-11,2024-10-11T09:15:00,aligned,
eca6c1bb-5b61-45ab-9270-2d4213855a96,RELIANCE,2024-10-09T17:16:24.4,2024-10-09T17:16:24.4,2024-10-09T17:16:24.400000,DissemDT,2024-10-09T17:16:24.400000,2024-10-10,2024-10-10T09:15:00,aligned,
0b6a171e-0979-4ba0-a6eb-8e745e314d85,RELIANCE,2024-10-09T16:50:47.977,2024-10-09T16:50:47.977,2024-10-09T16:50:47.977000,DissemDT,2024-10-09T16:50:47.977000,2024-10-10,2024-10-10T09:15:00,aligned,
0538c01c-2600-4b4d-9300-a96308d8c903,RVNL,2024-10-09T12:14:30.65,2024-10-09T12:14:30.65,2024-10-09T12:14:30.650000,DissemDT,2024-10-09T12:14:30.650000,2024-10-09,2024-10-09T12:15:00,aligned,
cd90c3c1-0281-464c-a864-6b248bc14e8b,RELIANCE,2024-10-08T17:41:02.717,2024-10-08T17:41:02.717,2024-10-08T17:41:02.717000,DissemDT,2024-10-08T17:41:02.717000,2024-10-09,2024-10-09T09:15:00,aligned,
7d7249e5-4863-4f28-8864-5db78fceabad,RELIANCE,2024-10-08T17:31:05.593,2024-10-08T17:31:05.593,2024-10-08T17:31:05.593000,DissemDT,2024-10-08T17:31:05.593000,2024-10-09,2024-10-09T09:15:00,aligned,
db48b462-b6a8-43d9-a191-4698094e6db0,HDFCBANK,2024-10-08T17:27:55.227,2024-10-08T17:27:55.227,2024-10-08T17:27:55.227000,DissemDT,2024-10-08T17:27:55.227000,2024-10-09,2024-10-09T09:15:00,aligned,
691615d4-49c5-4c07-ac32-bec5a564f024,RELIANCE,2024-10-07T22:12:02.32,2024-10-07T22:12:02.32,2024-10-07T22:12:02.320000,DissemDT,2024-10-07T22:12:02.320000,2024-10-08,2024-10-08T09:15:00,aligned,
ff26492b-75f3-4018-adec-a047d5e98dda,RELIANCE,2024-10-07T21:57:12.383,2024-10-07T21:57:12.383,2024-10-07T21:57:12.383000,DissemDT,2024-10-07T21:57:12.383000,2024-10-08,2024-10-08T09:15:00,aligned,
81cf0e87-4106-4c5b-a278-2153fcf556c3,NYKAA,2024-10-07T18:46:21.267,2024-10-07T18:46:21.267,2024-10-07T18:46:21.267000,DissemDT,2024-10-07T18:46:21.267000,2024-10-08,2024-10-08T09:15:00,aligned,
6555be50-71d5-4870-892e-2bed29e88152,NYKAA,2024-10-07T17:45:56.32,2024-10-07T17:45:56.32,2024-10-07T17:45:56.320000,DissemDT,2024-10-07T17:45:56.320000,2024-10-08,2024-10-08T09:15:00,aligned,
da37c3e6-b4a3-4013-ad08-41b32c4a8330,HDFCBANK,2024-10-07T16:53:56.827,2024-10-07T16:53:56.827,2024-10-07T16:53:56.827000,DissemDT,2024-10-07T16:53:56.827000,2024-10-08,2024-10-08T09:15:00,aligned,
928f8fa3-f0cf-4804-98a7-23831d6a3bc7,RELIANCE,2024-10-04T19:21:10.317,2024-10-04T19:21:10.317,2024-10-04T19:21:10.317000,DissemDT,2024-10-04T19:21:10.317000,2024-10-07,2024-10-07T09:15:00,aligned,
2b6ecfcd-7d55-48f1-a503-7291fb51511c,HDFCBANK,2024-10-04T08:42:19.99,2024-10-04T08:42:19.99,2024-10-04T08:42:19.990000,DissemDT,2024-10-04T08:42:19.990000,2024-10-04,2024-10-04T09:15:00,aligned,
d7549562-c29d-4f1c-84c7-5ec1ef90e2be,HDFCBANK,2024-10-01T21:55:31.67,2024-10-01T21:55:31.67,2024-10-01T21:55:31.670000,DissemDT,2024-10-01T21:55:31.670000,2024-10-03,2024-10-03T09:15:00,aligned,
ecf3622a-7397-4318-869d-96c3c96f6029,RVNL,2024-10-01T19:08:56.733,2024-10-01T19:08:56.733,2024-10-01T19:08:56.733000,DissemDT,2024-10-01T19:08:56.733000,2024-10-03,2024-10-03T09:15:00,aligned,
5c6f596c-f99b-4233-bbcc-ff37630058f9,RVNL,2024-10-01T18:56:58.83,2024-10-01T18:56:58.83,2024-10-01T18:56:58.830000,DissemDT,2024-10-01T18:56:58.830000,2024-10-03,2024-10-03T09:15:00,aligned,
e975f8c4-8824-48dc-b479-6591dbdca5b3,RELIANCE,2024-10-01T18:25:59.67,2024-10-01T18:25:59.67,2024-10-01T18:25:59.670000,DissemDT,2024-10-01T18:25:59.670000,2024-10-03,2024-10-03T09:15:00,aligned,
0276e751-a634-4d32-a861-76e27dd4d36a,RELIANCE,2024-10-01T17:10:47.29,2024-10-01T17:10:47.29,2024-10-01T17:10:47.290000,DissemDT,2024-10-01T17:10:47.290000,2024-10-03,2024-10-03T09:15:00,aligned,
9d2651d7-53c7-4d74-98e7-6b3fcc06d387,HDFCBANK,2024-10-01T15:52:11.603,2024-10-01T15:52:11.603,2024-10-01T15:52:11.603000,DissemDT,2024-10-01T15:52:11.603000,2024-10-03,2024-10-03T09:15:00,aligned,
02cf0a63-5e8b-418f-8172-f107aed01248,RVNL,2024-10-01T12:54:39.95,2024-10-01T12:54:39.95,2024-10-01T12:54:39.950000,DissemDT,2024-10-01T12:54:39.950000,2024-10-01,2024-10-01T12:55:00,aligned,
a80f1d05-eb10-485f-a248-e82e3a514597,RVNL,2024-09-30T19:02:05.447,2024-09-30T19:02:05.447,2024-09-30T19:02:05.447000,DissemDT,2024-09-30T19:02:05.447000,2024-10-01,2024-10-01T09:15:00,aligned,
d048337d-978c-4e53-ad76-a029171e2388,RVNL,2024-09-30T18:57:46.423,2024-09-30T18:57:46.423,2024-09-30T18:57:46.423000,DissemDT,2024-09-30T18:57:46.423000,2024-10-01,2024-10-01T09:15:00,aligned,
c9a8fd0b-590a-43a2-b850-5bd48947fff5,RVNL,2024-09-30T18:54:51.99,2024-09-30T18:54:51.99,2024-09-30T18:54:51.990000,DissemDT,2024-09-30T18:54:51.990000,2024-10-01,2024-10-01T09:15:00,aligned,
0fd50663-379d-426d-9349-fade030d2185,RELIANCE,2024-09-30T18:24:33.15,2024-09-30T18:24:33.15,2024-09-30T18:24:33.150000,DissemDT,2024-09-30T18:24:33.150000,2024-10-01,2024-10-01T09:15:00,aligned,
9fd2e6d8-cfa5-49ac-a71f-014fedf5298e,HDFCBANK,2024-09-30T16:34:41.803,2024-09-30T16:34:41.803,2024-09-30T16:34:41.803000,DissemDT,2024-09-30T16:34:41.803000,2024-10-01,2024-10-01T09:15:00,aligned,
3e3861a0-6d12-4087-bf0d-17228eabe5cd,RVNL,2024-09-30T13:56:45.14,2024-09-30T13:56:45.14,2024-09-30T13:56:45.140000,DissemDT,2024-09-30T13:56:45.140000,2024-09-30,2024-09-30T13:57:00,aligned,
c481dc67-b7bd-4824-93b7-6cb23286a733,RELIANCE,2024-09-28T16:55:52.62,2024-09-28T16:55:52.62,2024-09-28T16:55:52.620000,DissemDT,2024-09-28T16:55:52.620000,2024-09-30,2024-09-30T09:15:00,aligned,
c4a285da-bf01-462a-8dc7-fdcd9f8ccf13,HDFCBANK,2024-09-27T20:46:50.07,2024-09-27T20:46:50.07,2024-09-27T20:46:50.070000,DissemDT,2024-09-27T20:46:50.070000,2024-09-30,2024-09-30T09:15:00,aligned,
75d18a6d-3454-4a08-8da8-76e413f12b4d,RELIANCE,2024-09-27T20:33:46.5,2024-09-27T20:33:46.5,2024-09-27T20:33:46.500000,DissemDT,2024-09-27T20:33:46.500000,2024-09-30,2024-09-30T09:15:00,aligned,
b9e517cc-c6bd-4d19-b3fd-1592eb3c2e67,RELIANCE,2024-09-27T18:43:44.013,2024-09-27T18:43:44.013,2024-09-27T18:43:44.013000,DissemDT,2024-09-27T18:43:44.013000,2024-09-30,2024-09-30T09:15:00,aligned,
e509fb41-6675-4009-9424-d2702412a144,HAL,2024-09-27T10:34:34.963,2024-09-27T10:34:34.963,2024-09-27T10:34:34.963000,DissemDT,2024-09-27T10:34:34.963000,2024-09-27,2024-09-27T10:35:00,aligned,
866bf444-a985-4dc4-b5ce-19145475d595,HAL,2024-09-27T10:04:21.763,2024-09-27T10:04:21.763,2024-09-27T10:04:21.763000,DissemDT,2024-09-27T10:04:21.763000,2024-09-27,2024-09-27T10:05:00,aligned,
2260c199-54b0-4da1-b799-19d49b591a7e,RVNL,2024-09-26T18:14:40.03,2024-09-26T18:14:40.03,2024-09-26T18:14:40.030000,DissemDT,2024-09-26T18:14:40.030000,2024-09-27,2024-09-27T09:15:00,aligned,
2630cb4a-6112-4adc-9818-3626396ff9cb,RELIANCE,2024-09-26T17:44:47.77,2024-09-26T17:44:47.77,2024-09-26T17:44:47.770000,DissemDT,2024-09-26T17:44:47.770000,2024-09-27,2024-09-27T09:15:00,aligned,
e76bf56c-7c79-4041-8858-3918d28517f2,NYKAA,2024-09-26T16:50:44.443,2024-09-26T16:50:44.443,2024-09-26T16:50:44.443000,DissemDT,2024-09-26T16:50:44.443000,2024-09-27,2024-09-27T09:15:00,aligned,
be9556b4-af49-47e2-8cc0-2e047dce6e83,RVNL,2024-09-25T17:48:53.82,2024-09-25T17:48:53.82,2024-09-25T17:48:53.820000,DissemDT,2024-09-25T17:48:53.820000,2024-09-26,2024-09-26T09:15:00,aligned,
f6d4f756-350a-4c28-9707-4faae86c5d13,RELIANCE,2024-09-25T16:40:44.83,2024-09-25T16:40:44.83,2024-09-25T16:40:44.830000,DissemDT,2024-09-25T16:40:44.830000,2024-09-26,2024-09-26T09:15:00,aligned,
f1ca9a70-35a9-4c24-9031-48031b7349cd,RELIANCE,2024-09-24T19:40:27.767,2024-09-24T19:40:27.767,2024-09-24T19:40:27.767000,DissemDT,2024-09-24T19:40:27.767000,2024-09-25,2024-09-25T09:15:00,aligned,
da8faf20-725d-4746-b9b3-1b946c3fe076,RVNL,2024-09-24T19:02:33.03,2024-09-24T19:02:33.03,2024-09-24T19:02:33.030000,DissemDT,2024-09-24T19:02:33.030000,2024-09-25,2024-09-25T09:15:00,aligned,
29480b15-ccd7-483b-bc66-762aa9bee450,RELIANCE,2024-09-24T18:44:09.293,2024-09-24T18:44:09.293,2024-09-24T18:44:09.293000,DissemDT,2024-09-24T18:44:09.293000,2024-09-25,2024-09-25T09:15:00,aligned,
d461a2e7-8f2c-4d59-b445-0e6f25408870,RELIANCE,2024-09-24T18:18:12.927,2024-09-24T18:18:12.927,2024-09-24T18:18:12.927000,DissemDT,2024-09-24T18:18:12.927000,2024-09-25,2024-09-25T09:15:00,aligned,
e6847a89-985f-466d-a3db-d8702c43c035,HAL,2024-09-24T16:32:02.38,2024-09-24T16:32:02.38,2024-09-24T16:32:02.380000,DissemDT,2024-09-24T16:32:02.380000,2024-09-25,2024-09-25T09:15:00,aligned,
ba9c8ef6-2f0c-4272-b438-5264d9230b1e,HDFCBANK,2024-09-24T16:12:02.433,2024-09-24T16:12:02.433,2024-09-24T16:12:02.433000,DissemDT,2024-09-24T16:12:02.433000,2024-09-25,2024-09-25T09:15:00,aligned,
d02d3abf-8926-4db3-98eb-5377e95cdc43,HDFCBANK,2024-09-23T18:19:17.167,2024-09-23T18:19:17.167,2024-09-23T18:19:17.167000,DissemDT,2024-09-23T18:19:17.167000,2024-09-24,2024-09-24T09:15:00,aligned,
b8e91693-977f-4d8a-9955-161687b11314,RELIANCE,2024-09-23T18:19:00.483,2024-09-23T18:19:00.48,2024-09-23T18:19:00.483000,DissemDT,2024-09-23T18:19:00.483000,2024-09-24,2024-09-24T09:15:00,aligned,
9f1cf8fb-9558-4fad-a5cc-7bcd3cda4aa8,NYKAA,2024-09-21T11:18:26.727,2024-09-21T11:18:26.727,2024-09-21T11:18:26.727000,DissemDT,2024-09-21T11:18:26.727000,2024-09-23,2024-09-23T09:15:00,aligned,
90b70b95-8c72-46b4-885e-2e2f0a99f287,RELIANCE,2024-09-20T23:13:39.14,2024-09-20T23:13:39.14,2024-09-20T23:13:39.140000,DissemDT,2024-09-20T23:13:39.140000,2024-09-23,2024-09-23T09:15:00,aligned,
6a786236-0775-468e-955f-a724fb779bc6,RELIANCE,2024-09-20T18:54:45.613,2024-09-20T18:54:45.613,2024-09-20T18:54:45.613000,DissemDT,2024-09-20T18:54:45.613000,2024-09-23,2024-09-23T09:15:00,aligned,
e466641b-2cf9-4f86-b42e-0298c451fd8e,HDFCBANK,2024-09-20T16:05:11.273,2024-09-20T16:05:11.273,2024-09-20T16:05:11.273000,DissemDT,2024-09-20T16:05:11.273000,2024-09-23,2024-09-23T09:15:00,aligned,
de81bdd4-7e65-4541-9ef1-8ffc3c6c5f5a,NYKAA,2024-09-20T12:44:05.29,2024-09-20T12:44:05.29,2024-09-20T12:44:05.290000,DissemDT,2024-09-20T12:44:05.290000,2024-09-20,2024-09-20T12:45:00,aligned,
e589e8bf-e62d-4442-a634-c5dc8e5537d0,RELIANCE,2024-09-19T20:48:05.457,2024-09-19T20:48:05.457,2024-09-19T20:48:05.457000,DissemDT,2024-09-19T20:48:05.457000,2024-09-20,2024-09-20T09:15:00,aligned,
1ac7bf96-cfeb-4bb1-ad40-44cbf0597f59,RELIANCE,2024-09-19T20:45:53.227,2024-09-19T20:45:53.227,2024-09-19T20:45:53.227000,DissemDT,2024-09-19T20:45:53.227000,2024-09-20,2024-09-20T09:15:00,aligned,
387a9a7a-a00b-41f3-b444-858cca7656d3,RELIANCE,2024-09-19T17:58:09.69,2024-09-19T17:58:09.69,2024-09-19T17:58:09.690000,DissemDT,2024-09-19T17:58:09.690000,2024-09-20,2024-09-20T09:15:00,aligned,
34ddac0f-1b30-443b-9eee-c4d790958f55,NYKAA,2024-09-19T15:08:53.403,2024-09-19T15:08:53.403,2024-09-19T15:08:53.403000,DissemDT,2024-09-19T15:08:53.403000,2024-09-19,2024-09-19T15:09:00,aligned,
3b9e39de-c96b-4404-a05b-bc4e04f0ff32,NYKAA,2024-09-19T15:05:25.487,2024-09-19T15:05:25.487,2024-09-19T15:05:25.487000,DissemDT,2024-09-19T15:05:25.487000,2024-09-19,2024-09-19T15:06:00,aligned,
3258a674-d8e7-4b19-83e3-c0bd40c06d10,RVNL,2024-09-19T13:18:25.563,2024-09-19T13:18:25.563,2024-09-19T13:18:25.563000,DissemDT,2024-09-19T13:18:25.563000,2024-09-19,2024-09-19T13:19:00,aligned,
46ca816f-0bf5-4989-9b46-c26f5ddc55d7,HDFCBANK,2024-09-18T20:26:39.733,2024-09-18T20:26:39.733,2024-09-18T20:26:39.733000,DissemDT,2024-09-18T20:26:39.733000,2024-09-19,2024-09-19T09:15:00,aligned,
707a9ba2-6d9b-4f5f-970a-e426ebbe2cd3,NYKAA,2024-09-18T19:44:23.73,2024-09-18T19:44:23.73,2024-09-18T19:44:23.730000,DissemDT,2024-09-18T19:44:23.730000,2024-09-19,2024-09-19T09:15:00,aligned,
ca2dd158-36d0-4b60-9bcd-ada4c8b1f4f1,NYKAA,2024-09-18T19:29:26.55,2024-09-18T19:29:26.55,2024-09-18T19:29:26.550000,DissemDT,2024-09-18T19:29:26.550000,2024-09-19,2024-09-19T09:15:00,aligned,
e8103612-3cbf-4736-80ad-e33f3131e561,NYKAA,2024-09-18T19:01:23.573,2024-09-18T19:01:23.573,2024-09-18T19:01:23.573000,DissemDT,2024-09-18T19:01:23.573000,2024-09-19,2024-09-19T09:15:00,aligned,
f7f6359b-e0c4-4583-a7ce-8d4425847a0c,RELIANCE,2024-09-18T17:07:57.88,2024-09-18T17:07:57.88,2024-09-18T17:07:57.880000,DissemDT,2024-09-18T17:07:57.880000,2024-09-19,2024-09-19T09:15:00,aligned,
eae1a3dd-9c32-49ed-9f46-1898015fa97d,RELIANCE,2024-09-18T16:54:56.393,2024-09-18T16:54:56.393,2024-09-18T16:54:56.393000,DissemDT,2024-09-18T16:54:56.393000,2024-09-19,2024-09-19T09:15:00,aligned,
0d176693-2ccf-4bd1-8f73-4d7257745ec3,RELIANCE,2024-09-17T19:44:31.99,2024-09-17T19:44:31.99,2024-09-17T19:44:31.990000,DissemDT,2024-09-17T19:44:31.990000,2024-09-18,2024-09-18T09:15:00,aligned,
caf9316a-3046-4db0-bbc2-b30d5c8ae78d,RELIANCE,2024-09-17T19:25:01.86,2024-09-17T19:25:01.86,2024-09-17T19:25:01.860000,DissemDT,2024-09-17T19:25:01.860000,2024-09-18,2024-09-18T09:15:00,aligned,
2b357048-474b-4a2e-a616-94d4e7086855,HDFCBANK,2024-09-17T12:20:20.4,2024-09-17T12:20:20.4,2024-09-17T12:20:20.400000,DissemDT,2024-09-17T12:20:20.400000,2024-09-17,2024-09-17T12:21:00,aligned,
e8d0d0bc-6e8d-4990-90b6-2e76209bbb30,HDFCBANK,2024-09-16T21:29:16.653,2024-09-16T21:29:16.653,2024-09-16T21:29:16.653000,DissemDT,2024-09-16T21:29:16.653000,2024-09-17,2024-09-17T09:15:00,aligned,
13d4c6fe-50ea-44f4-bc5e-c9016783fa5e,NYKAA,2024-09-16T11:20:17.277,2024-09-16T11:20:17.277,2024-09-16T11:20:17.277000,DissemDT,2024-09-16T11:20:17.277000,2024-09-16,2024-09-16T11:21:00,aligned,
555929b9-cce0-4cec-b3d0-bf62aaade46c,HAL,2024-09-16T10:47:12.27,2024-09-16T10:47:12.27,2024-09-16T10:47:12.270000,DissemDT,2024-09-16T10:47:12.270000,2024-09-16,2024-09-16T10:48:00,aligned,
421672c7-5af7-485f-8e10-a9e0fcf0bf72,HDFCBANK,2024-09-16T09:47:22.94,2024-09-16T09:47:22.94,2024-09-16T09:47:22.940000,DissemDT,2024-09-16T09:47:22.940000,2024-09-16,2024-09-16T09:48:00,aligned,
af7a4569-2acb-4a62-baf6-31a298156481,RELIANCE,2024-09-14T20:59:02.28,2024-09-14T20:59:02.28,2024-09-14T20:59:02.280000,DissemDT,2024-09-14T20:59:02.280000,2024-09-16,2024-09-16T09:15:00,aligned,
1e74f19a-73de-4581-9d67-e30aae511da2,HDFCBANK,2024-09-13T19:59:20.487,2024-09-13T19:59:20.487,2024-09-13T19:59:20.487000,DissemDT,2024-09-13T19:59:20.487000,2024-09-16,2024-09-16T09:15:00,aligned,
ed011730-6db0-4b27-8976-08de15cf6e0b,HAL,2024-09-13T19:25:10.78,2024-09-13T19:25:10.78,2024-09-13T19:25:10.780000,DissemDT,2024-09-13T19:25:10.780000,2024-09-16,2024-09-16T09:15:00,aligned,
3fb9ce84-b8ad-43d7-8db7-3051d860f58e,RELIANCE,2024-09-13T19:12:33.377,2024-09-13T19:12:33.377,2024-09-13T19:12:33.377000,DissemDT,2024-09-13T19:12:33.377000,2024-09-16,2024-09-16T09:15:00,aligned,
c3fa069a-a9c7-4cc8-b732-5e81d68690a6,RELIANCE,2024-09-13T16:32:11.89,2024-09-13T16:32:11.89,2024-09-13T16:32:11.890000,DissemDT,2024-09-13T16:32:11.890000,2024-09-16,2024-09-16T09:15:00,aligned,
4f2ec946-b58f-4ec6-a27f-5052d592afa3,RELIANCE,2024-09-12T20:29:19.617,2024-09-12T20:29:19.617,2024-09-12T20:29:19.617000,DissemDT,2024-09-12T20:29:19.617000,2024-09-13,2024-09-13T09:15:00,aligned,
5048e052-e9d9-41d7-90b7-19b2e6c333f3,NYKAA,2024-09-12T18:08:00.923,2024-09-12T18:08:00.923,2024-09-12T18:08:00.923000,DissemDT,2024-09-12T18:08:00.923000,2024-09-13,2024-09-13T09:15:00,aligned,
a4398a43-ad68-4a89-9857-f2ce26ba1e56,RELIANCE,2024-09-12T18:03:41.57,2024-09-12T18:03:41.57,2024-09-12T18:03:41.570000,DissemDT,2024-09-12T18:03:41.570000,2024-09-13,2024-09-13T09:15:00,aligned,
2712e2b8-f63d-41e6-a342-cf7396a86435,NYKAA,2024-09-12T09:47:49.31,2024-09-12T09:47:49.31,2024-09-12T09:47:49.310000,DissemDT,2024-09-12T09:47:49.310000,2024-09-12,2024-09-12T09:48:00,aligned,
0aea0906-2ac6-40b8-8dc4-48af431321b5,HDFCBANK,2024-09-11T20:51:29.033,2024-09-11T20:51:29.033,2024-09-11T20:51:29.033000,DissemDT,2024-09-11T20:51:29.033000,2024-09-12,2024-09-12T09:15:00,aligned,
ea1fa02d-e798-4194-b8a6-a55ca5c807a6,RELIANCE,2024-09-11T19:10:43.04,2024-09-11T19:10:43.04,2024-09-11T19:10:43.040000,DissemDT,2024-09-11T19:10:43.040000,2024-09-12,2024-09-12T09:15:00,aligned,
21e4e1af-75af-42d9-9b8b-8265c0822db5,HDFCBANK,2024-09-11T17:59:50.193,2024-09-11T17:59:50.193,2024-09-11T17:59:50.193000,DissemDT,2024-09-11T17:59:50.193000,2024-09-12,2024-09-12T09:15:00,aligned,
a4805ed1-faba-43c0-92f6-6bdaf6048d15,RELIANCE,2024-09-11T17:03:36.55,2024-09-11T17:03:36.55,2024-09-11T17:03:36.550000,DissemDT,2024-09-11T17:03:36.550000,2024-09-12,2024-09-12T09:15:00,aligned,
0a543284-1c3d-40dd-b8d2-991feb5c1877,RELIANCE,2024-09-11T16:50:09.537,2024-09-11T16:50:09.537,2024-09-11T16:50:09.537000,DissemDT,2024-09-11T16:50:09.537000,2024-09-12,2024-09-12T09:15:00,aligned,
803d92a6-686d-4135-93aa-1f47a4a24ad4,RELIANCE,2024-09-11T09:06:45.773,2024-09-11T09:06:45.773,2024-09-11T09:06:45.773000,DissemDT,2024-09-11T09:06:45.773000,2024-09-11,2024-09-11T09:15:00,aligned,
d6b77f31-00ff-4b6b-8a0c-4c960b1ae801,HAL,2024-09-10T18:55:24.823,2024-09-10T18:55:24.823,2024-09-10T18:55:24.823000,DissemDT,2024-09-10T18:55:24.823000,2024-09-11,2024-09-11T09:15:00,aligned,
c23f2471-b895-43d5-90c2-f95d5c930c8c,HDFCBANK,2024-09-10T18:41:37.933,2024-09-10T18:41:37.933,2024-09-10T18:41:37.933000,DissemDT,2024-09-10T18:41:37.933000,2024-09-11,2024-09-11T09:15:00,aligned,
aa93222f-c969-4852-9ed3-9c8f8f022cc5,RELIANCE,2024-09-10T18:19:34.973,2024-09-10T18:19:34.973,2024-09-10T18:19:34.973000,DissemDT,2024-09-10T18:19:34.973000,2024-09-11,2024-09-11T09:15:00,aligned,
4e641177-05dc-4f44-ba3e-0ccf32bb9896,RELIANCE,2024-09-10T17:14:44.967,2024-09-10T17:14:44.967,2024-09-10T17:14:44.967000,DissemDT,2024-09-10T17:14:44.967000,2024-09-11,2024-09-11T09:15:00,aligned,
e032cbe9-9ff5-48dc-b060-d6738c56d6b2,RELIANCE,2024-09-10T16:55:12.367,2024-09-10T16:55:12.367,2024-09-10T16:55:12.367000,DissemDT,2024-09-10T16:55:12.367000,2024-09-11,2024-09-11T09:15:00,aligned,
31bf88b4-97e0-458f-a10d-dcdb4618e6ea,RELIANCE,2024-09-10T16:32:59.687,2024-09-10T16:32:59.687,2024-09-10T16:32:59.687000,DissemDT,2024-09-10T16:32:59.687000,2024-09-11,2024-09-11T09:15:00,aligned,
4a708f9e-b4d7-4794-8e39-ca296c2ce682,HAL,2024-09-09T17:16:13.58,2024-09-09T17:16:13.58,2024-09-09T17:16:13.580000,DissemDT,2024-09-09T17:16:13.580000,2024-09-10,2024-09-10T09:15:00,aligned,
10f66c8a-b804-4cae-965d-81f612feb7d2,HAL,2024-09-09T16:33:12.17,2024-09-09T16:33:12.17,2024-09-09T16:33:12.170000,DissemDT,2024-09-09T16:33:12.170000,2024-09-10,2024-09-10T09:15:00,aligned,
5caca570-3d59-40e6-9466-efff793565c4,HDFCBANK,2024-09-09T15:11:30.82,2024-09-09T15:11:30.82,2024-09-09T15:11:30.820000,DissemDT,2024-09-09T15:11:30.820000,2024-09-09,2024-09-09T15:12:00,aligned,
8e78c7ae-4405-42e6-9aa7-5e8447f4838b,RELIANCE,2024-09-07T23:46:09.423,2024-09-07T23:46:09.423,2024-09-07T23:46:09.423000,DissemDT,2024-09-07T23:46:09.423000,2024-09-09,2024-09-09T09:15:00,aligned,
cfa61409-8556-43da-9788-45390ecba123,RVNL,2024-09-07T12:39:45.65,2024-09-07T12:39:45.65,2024-09-07T12:39:45.650000,DissemDT,2024-09-07T12:39:45.650000,2024-09-09,2024-09-09T09:15:00,aligned,
52d75991-bc75-42ac-b1a8-7ee2689c63aa,HDFCBANK,2024-09-06T21:53:05.68,2024-09-06T21:53:05.68,2024-09-06T21:53:05.680000,DissemDT,2024-09-06T21:53:05.680000,2024-09-09,2024-09-09T09:15:00,aligned,
d18a24df-3126-47db-8e20-1fcfef043d60,RVNL,2024-09-06T18:44:19.24,2024-09-06T18:44:19.24,2024-09-06T18:44:19.240000,DissemDT,2024-09-06T18:44:19.240000,2024-09-09,2024-09-09T09:15:00,aligned,
3dc7e23a-0d0a-445e-8f12-e0851b329f0a,RELIANCE,2024-09-06T18:35:39.08,2024-09-06T18:35:39.08,2024-09-06T18:35:39.080000,DissemDT,2024-09-06T18:35:39.080000,2024-09-09,2024-09-09T09:15:00,aligned,
1d192211-f430-4ccd-9af5-e1b094f163db,RVNL,2024-09-06T18:35:29.797,2024-09-06T18:35:29.797,2024-09-06T18:35:29.797000,DissemDT,2024-09-06T18:35:29.797000,2024-09-09,2024-09-09T09:15:00,aligned,
f5dd4723-0728-4b93-8d88-fb1e8742fc75,RVNL,2024-09-06T18:29:51.907,2024-09-06T18:29:51.907,2024-09-06T18:29:51.907000,DissemDT,2024-09-06T18:29:51.907000,2024-09-09,2024-09-09T09:15:00,aligned,
d578d463-4e1a-4466-8c24-272c95f1f31b,RELIANCE,2024-09-06T17:52:17.23,2024-09-06T17:52:17.23,2024-09-06T17:52:17.230000,DissemDT,2024-09-06T17:52:17.230000,2024-09-09,2024-09-09T09:15:00,aligned,
50717e10-50e3-48e8-8709-9da13a212440,HAL,2024-09-06T17:45:34.06,2024-09-06T17:45:34.06,2024-09-06T17:45:34.060000,DissemDT,2024-09-06T17:45:34.060000,2024-09-09,2024-09-09T09:15:00,aligned,
ced9e9ae-b083-47da-b7f4-85883993ae70,RELIANCE,2024-09-05T18:38:46.36,2024-09-05T18:38:46.36,2024-09-05T18:38:46.360000,DissemDT,2024-09-05T18:38:46.360000,2024-09-06,2024-09-06T09:15:00,aligned,
02908afe-0876-40af-ac76-6e896452979e,RELIANCE,2024-09-05T17:04:29.607,2024-09-05T17:04:29.607,2024-09-05T17:04:29.607000,DissemDT,2024-09-05T17:04:29.607000,2024-09-06,2024-09-06T09:15:00,aligned,
dca37918-bfff-4f32-b1e0-dab793137f16,RELIANCE,2024-09-05T15:15:36.6,2024-09-05T15:15:36.6,2024-09-05T15:15:36.600000,DissemDT,2024-09-05T15:15:36.600000,2024-09-05,2024-09-05T15:16:00,aligned,
d53fc67b-7867-48b6-8394-98e29ca49d5d,RELIANCE,2024-09-05T15:10:41.917,2024-09-05T15:10:41.917,2024-09-05T15:10:41.917000,DissemDT,2024-09-05T15:10:41.917000,2024-09-05,2024-09-05T15:11:00,aligned,
a167270d-dff3-4918-ad7e-b21ac0033415,RELIANCE,2024-09-04T21:31:02.887,2024-09-04T21:31:02.887,2024-09-04T21:31:02.887000,DissemDT,2024-09-04T21:31:02.887000,2024-09-05,2024-09-05T09:15:00,aligned,
870b1548-3d8f-4828-9f24-5a9d67d97816,RELIANCE,2024-09-04T18:14:27.81,2024-09-04T18:14:27.81,2024-09-04T18:14:27.810000,DissemDT,2024-09-04T18:14:27.810000,2024-09-05,2024-09-05T09:15:00,aligned,
feaea29a-87ee-49fb-b304-bfa5cf19ea2f,HAL,2024-09-04T10:56:27.873,2024-09-04T10:56:27.873,2024-09-04T10:56:27.873000,DissemDT,2024-09-04T10:56:27.873000,2024-09-04,2024-09-04T10:57:00,aligned,
e71a7441-ffb7-4513-9a7c-b938107d00c2,RELIANCE,2024-09-03T18:24:01.72,2024-09-03T18:24:01.72,2024-09-03T18:24:01.720000,DissemDT,2024-09-03T18:24:01.720000,2024-09-04,2024-09-04T09:15:00,aligned,
db703e95-b089-45d9-a7ef-cac3abad7b29,RELIANCE,2024-09-03T17:46:53.057,2024-09-03T17:46:53.057,2024-09-03T17:46:53.057000,DissemDT,2024-09-03T17:46:53.057000,2024-09-04,2024-09-04T09:15:00,aligned,
564a6973-0988-4a7c-b1b0-28d04b3667e8,HAL,2024-09-03T09:19:40.67,2024-09-03T09:19:40.67,2024-09-03T09:19:40.670000,DissemDT,2024-09-03T09:19:40.670000,2024-09-03,2024-09-03T09:20:00,aligned,
d2bf9994-a3bf-4763-84c8-5b323f0eeccd,HDFCBANK,2024-09-02T22:29:08.617,2024-09-02T22:29:08.617,2024-09-02T22:29:08.617000,DissemDT,2024-09-02T22:29:08.617000,2024-09-03,2024-09-03T09:15:00,aligned,
40a5ff50-e24f-432d-b3ba-e98c634e1e3c,HDFCBANK,2024-09-02T16:53:14.04,2024-09-02T16:53:14.04,2024-09-02T16:53:14.040000,DissemDT,2024-09-02T16:53:14.040000,2024-09-03,2024-09-03T09:15:00,aligned,
30ed6696-2a42-43d1-8324-9c4564fb0b3d,RELIANCE,2024-09-01T14:48:05.837,2024-09-01T14:48:05.837,2024-09-01T14:48:05.837000,DissemDT,2024-09-01T14:48:05.837000,2024-09-02,2024-09-02T09:15:00,aligned,
0fffcef5-d416-479c-bcbe-6e226546de04,HDFCBANK,2024-09-01T13:06:24.84,2024-09-01T13:06:24.84,2024-09-01T13:06:24.840000,DissemDT,2024-09-01T13:06:24.840000,2024-09-02,2024-09-02T09:15:00,aligned,
23fb32e0-59ac-4b1f-806d-48da07e36088,RELIANCE,2024-09-01T00:28:51.74,2024-09-01T00:28:51.74,2024-09-01T00:28:51.740000,DissemDT,2024-09-01T00:28:51.740000,2024-09-02,2024-09-02T09:15:00,aligned,
f95df803-c65b-4cf8-84fc-ec55c49e8149,HDFCBANK,2024-08-31T16:36:51.483,2024-08-31T16:36:51.483,2024-08-31T16:36:51.483000,DissemDT,2024-08-31T16:36:51.483000,2024-09-02,2024-09-02T09:15:00,aligned,
c13c78f6-d451-4374-8956-f30002964691,HAL,2024-08-31T16:27:45.8,2024-08-31T16:27:45.8,2024-08-31T16:27:45.800000,DissemDT,2024-08-31T16:27:45.800000,2024-09-02,2024-09-02T09:15:00,aligned,
8c9d541b-f454-4ebd-8efd-23d6468c9e9d,RVNL,2024-08-31T15:03:57.713,2024-08-31T15:03:57.713,2024-08-31T15:03:57.713000,DissemDT,2024-08-31T15:03:57.713000,2024-09-02,2024-09-02T09:15:00,aligned,
634b4d9f-1ea5-4b1b-9e31-7bfa3fb335bb,RELIANCE,2024-08-31T13:27:16.47,2024-08-31T13:27:16.47,2024-08-31T13:27:16.470000,DissemDT,2024-08-31T13:27:16.470000,2024-09-02,2024-09-02T09:15:00,aligned,
fb4e7ae7-260d-4d8d-9c00-438443bf36a0,HAL,2024-08-31T12:59:16.427,2024-08-31T12:59:16.427,2024-08-31T12:59:16.427000,DissemDT,2024-08-31T12:59:16.427000,2024-09-02,2024-09-02T09:15:00,aligned,
437e59ce-624d-4d64-84af-2958da777bbe,RELIANCE,2024-08-30T19:27:06.74,2024-08-30T19:27:06.74,2024-08-30T19:27:06.740000,DissemDT,2024-08-30T19:27:06.740000,2024-09-02,2024-09-02T09:15:00,aligned,
d33f0d26-6e2c-487b-b854-49058fba6fb5,RELIANCE,2024-08-30T19:00:49.027,2024-08-30T19:00:49.027,2024-08-30T19:00:49.027000,DissemDT,2024-08-30T19:00:49.027000,2024-09-02,2024-09-02T09:15:00,aligned,
40003491-f548-43d5-9c5b-f65e7b4143e9,HDFCBANK,2024-08-30T18:58:38.677,2024-08-30T18:58:38.677,2024-08-30T18:58:38.677000,DissemDT,2024-08-30T18:58:38.677000,2024-09-02,2024-09-02T09:15:00,aligned,
003dad68-fb29-4d2e-a4b2-8d471a3f55f3,RELIANCE,2024-08-30T17:33:22.71,2024-08-30T17:33:22.71,2024-08-30T17:33:22.710000,DissemDT,2024-08-30T17:33:22.710000,2024-09-02,2024-09-02T09:15:00,aligned,
6e905077-9843-425d-b0a5-8bb05f1114ab,RVNL,2024-08-30T16:26:19.49,2024-08-30T16:26:19.49,2024-08-30T16:26:19.490000,DissemDT,2024-08-30T16:26:19.490000,2024-09-02,2024-09-02T09:15:00,aligned,
f51036a4-c9ab-40e0-8e10-8863e90858f4,RVNL,2024-08-30T16:21:42.49,2024-08-30T16:21:42.49,2024-08-30T16:21:42.490000,DissemDT,2024-08-30T16:21:42.490000,2024-09-02,2024-09-02T09:15:00,aligned,
78d81b4f-7c76-41ea-aa58-bb32f3f597cd,RVNL,2024-08-30T16:10:44.31,2024-08-30T16:10:44.31,2024-08-30T16:10:44.310000,DissemDT,2024-08-30T16:10:44.310000,2024-09-02,2024-09-02T09:15:00,aligned,
4fffe4d9-1eb2-45e3-9c43-6d363a14b2cf,HAL,2024-08-30T14:52:10.09,2024-08-30T14:52:10.09,2024-08-30T14:52:10.090000,DissemDT,2024-08-30T14:52:10.090000,2024-08-30,2024-08-30T14:53:00,aligned,
299a37a3-6d9a-446a-a98b-edfa0b3bf082,HAL,2024-08-30T14:28:16.103,2024-08-30T14:28:16.103,2024-08-30T14:28:16.103000,DissemDT,2024-08-30T14:28:16.103000,2024-08-30,2024-08-30T14:29:00,aligned,
f1418cfa-1be8-43ba-88a5-aee9ae3402b0,HAL,2024-08-30T14:12:10.983,2024-08-30T14:12:10.983,2024-08-30T14:12:10.983000,DissemDT,2024-08-30T14:12:10.983000,2024-08-30,2024-08-30T14:13:00,aligned,
81da716d-4bbc-4dff-a5ba-3916364bdc42,RVNL,2024-08-30T11:38:42.473,2024-08-30T11:38:42.473,2024-08-30T11:38:42.473000,DissemDT,2024-08-30T11:38:42.473000,2024-08-30,2024-08-30T11:39:00,aligned,
611cfb48-207f-4b7c-bef5-e712eb99fb38,HAL,2024-08-30T10:48:09.93,2024-08-30T10:48:09.93,2024-08-30T10:48:09.930000,DissemDT,2024-08-30T10:48:09.930000,2024-08-30,2024-08-30T10:49:00,aligned,
a35e43e8-fc7e-4d6e-9c8a-d906ec4c78d4,RELIANCE,2024-08-29T22:27:29.25,2024-08-29T22:27:29.25,2024-08-29T22:27:29.250000,DissemDT,2024-08-29T22:27:29.250000,2024-08-30,2024-08-30T09:15:00,aligned,
6aacf7a3-c557-4ba1-83db-78f79ae206c5,HDFCBANK,2024-08-29T21:14:03.82,2024-08-29T21:14:03.82,2024-08-29T21:14:03.820000,DissemDT,2024-08-29T21:14:03.820000,2024-08-30,2024-08-30T09:15:00,aligned,
0635b693-ff81-4092-b927-6df7bbb16c2b,RVNL,2024-08-29T18:41:39.253,2024-08-29T18:41:39.253,2024-08-29T18:41:39.253000,DissemDT,2024-08-29T18:41:39.253000,2024-08-30,2024-08-30T09:15:00,aligned,
f594dbe4-a43b-4378-a7f9-d1229403a6a1,RELIANCE,2024-08-29T18:25:57.007,2024-08-29T18:25:57.007,2024-08-29T18:25:57.007000,DissemDT,2024-08-29T18:25:57.007000,2024-08-30,2024-08-30T09:15:00,aligned,
e1170be9-a6a5-4a32-bf56-6ac3eb3f46a0,RELIANCE,2024-08-29T16:55:20.667,2024-08-29T16:55:20.667,2024-08-29T16:55:20.667000,DissemDT,2024-08-29T16:55:20.667000,2024-08-30,2024-08-30T09:15:00,aligned,
c7353b93-c2dd-48a1-aa73-42503f48b8b8,RELIANCE,2024-08-29T16:44:03.233,2024-08-29T16:44:03.233,2024-08-29T16:44:03.233000,DissemDT,2024-08-29T16:44:03.233000,2024-08-30,2024-08-30T09:15:00,aligned,
8e9e5d6d-d51f-467d-8c5d-3106a598f8df,RELIANCE,2024-08-29T13:43:21.947,2024-08-29T13:43:21.947,2024-08-29T13:43:21.947000,DissemDT,2024-08-29T13:43:21.947000,2024-08-29,2024-08-29T13:44:00,aligned,
6afeaa4c-00fe-47a4-aa4e-2cf409201f12,RELIANCE,2024-08-29T12:41:43.387,2024-08-29T12:41:43.387,2024-08-29T12:41:43.387000,DissemDT,2024-08-29T12:41:43.387000,2024-08-29,2024-08-29T12:42:00,aligned,
89bccf8f-4886-4cce-8d5d-db253f4ce3bc,HDFCBANK,2024-08-28T22:22:25.18,2024-08-28T22:22:25.18,2024-08-28T22:22:25.180000,DissemDT,2024-08-28T22:22:25.180000,2024-08-29,2024-08-29T09:15:00,aligned,
0205710b-f50a-44ca-a640-6336e695c51b,RELIANCE,2024-08-28T21:42:07.413,2024-08-28T21:42:07.413,2024-08-28T21:42:07.413000,DissemDT,2024-08-28T21:42:07.413000,2024-08-29,2024-08-29T09:15:00,aligned,
09c1218c-e57b-42ef-9148-18b8e970d209,RELIANCE,2024-08-28T18:33:14.88,2024-08-28T18:33:14.88,2024-08-28T18:33:14.880000,DissemDT,2024-08-28T18:33:14.880000,2024-08-29,2024-08-29T09:15:00,aligned,
5673f310-afbb-4e5d-97aa-962dbc582a08,RELIANCE,2024-08-28T18:17:11.253,2024-08-28T18:17:11.253,2024-08-28T18:17:11.253000,DissemDT,2024-08-28T18:17:11.253000,2024-08-29,2024-08-29T09:15:00,aligned,
e6bb2c95-a05b-454b-ab4c-9642edd54981,HAL,2024-08-28T17:10:50.71,2024-08-28T17:10:50.71,2024-08-28T17:10:50.710000,DissemDT,2024-08-28T17:10:50.710000,2024-08-29,2024-08-29T09:15:00,aligned,
10c53c57-2dbd-406a-bfc2-4c2974b91e2d,HDFCBANK,2024-08-27T23:04:54.897,2024-08-27T23:04:54.897,2024-08-27T23:04:54.897000,DissemDT,2024-08-27T23:04:54.897000,2024-08-28,2024-08-28T09:15:00,aligned,
8b133a49-6e7a-437a-9053-574cc6063b0a,RELIANCE,2024-08-27T18:02:32.813,2024-08-27T18:02:32.813,2024-08-27T18:02:32.813000,DissemDT,2024-08-27T18:02:32.813000,2024-08-28,2024-08-28T09:15:00,aligned,
eea19b1d-c4f8-4ecc-bc85-38e5888f2986,NYKAA,2024-08-27T12:59:23.87,2024-08-27T12:59:23.87,2024-08-27T12:59:23.870000,DissemDT,2024-08-27T12:59:23.870000,2024-08-27,2024-08-27T13:00:00,aligned,
562323b1-f65b-40b8-9cd7-5e31d76a1c8b,RVNL,2024-08-27T11:25:35.763,2024-08-27T11:25:35.76,2024-08-27T11:25:35.763000,DissemDT,2024-08-27T11:25:35.763000,2024-08-27,2024-08-27T11:26:00,aligned,
597cf1fa-092f-4f71-b3c6-1084a5c35589,HDFCBANK,2024-08-27T10:50:32.18,2024-08-27T10:50:32.18,2024-08-27T10:50:32.180000,DissemDT,2024-08-27T10:50:32.180000,2024-08-27,2024-08-27T10:51:00,aligned,
afdcf7f8-637a-4125-ade0-9f83bc7a47f0,NYKAA,2024-08-26T16:49:12.453,2024-08-26T16:49:12.453,2024-08-26T16:49:12.453000,DissemDT,2024-08-26T16:49:12.453000,2024-08-27,2024-08-27T09:15:00,aligned,
f65a8f32-bdc3-4b57-9a7a-71fe0fe37114,NYKAA,2024-08-26T16:44:35.467,2024-08-26T16:44:35.467,2024-08-26T16:44:35.467000,DissemDT,2024-08-26T16:44:35.467000,2024-08-27,2024-08-27T09:15:00,aligned,
a9987676-3f07-462d-9dc0-c3fe6dac31ac,NYKAA,2024-08-26T16:39:18.137,2024-08-26T16:39:18.137,2024-08-26T16:39:18.137000,DissemDT,2024-08-26T16:39:18.137000,2024-08-27,2024-08-27T09:15:00,aligned,
b3d06dfe-8879-43d5-8fe2-2c7ad10331cf,RELIANCE,2024-08-24T16:35:16.537,2024-08-24T16:35:16.537,2024-08-24T16:35:16.537000,DissemDT,2024-08-24T16:35:16.537000,2024-08-26,2024-08-26T09:15:00,aligned,
e3bf6371-8229-40e4-b0b6-352c005e6113,RELIANCE,2024-08-23T20:23:06.22,2024-08-23T20:23:06.22,2024-08-23T20:23:06.220000,DissemDT,2024-08-23T20:23:06.220000,2024-08-26,2024-08-26T09:15:00,aligned,
907f1863-9414-453d-89d9-3a4243165b97,HDFCBANK,2024-08-23T10:38:09.597,2024-08-23T10:38:09.597,2024-08-23T10:38:09.597000,DissemDT,2024-08-23T10:38:09.597000,2024-08-23,2024-08-23T10:39:00,aligned,
d9ae71ae-60b8-4cf5-8008-d55c19e17566,RELIANCE,2024-08-22T17:30:21.353,2024-08-22T17:30:21.353,2024-08-22T17:30:21.353000,DissemDT,2024-08-22T17:30:21.353000,2024-08-23,2024-08-23T09:15:00,aligned,
b1492edb-b95b-4b96-9e3e-45d6e4eb7dae,HAL,2024-08-22T16:27:18.75,2024-08-22T16:27:18.75,2024-08-22T16:27:18.750000,DissemDT,2024-08-22T16:27:18.750000,2024-08-23,2024-08-23T09:15:00,aligned,
c8ff10e9-7c78-4c02-a595-291eeace50d1,RVNL,2024-08-22T15:54:58.893,2024-08-22T15:54:58.893,2024-08-22T15:54:58.893000,DissemDT,2024-08-22T15:54:58.893000,2024-08-23,2024-08-23T09:15:00,aligned,
6c415499-06ab-49b2-a4c7-6f9539b94cfa,HDFCBANK,2024-08-22T10:25:16.53,2024-08-22T10:25:16.53,2024-08-22T10:25:16.530000,DissemDT,2024-08-22T10:25:16.530000,2024-08-22,2024-08-22T10:26:00,aligned,
84ff537e-9f1a-433b-bbb3-9daa5a7a0638,HDFCBANK,2024-08-21T19:30:23.657,2024-08-21T19:30:23.657,2024-08-21T19:30:23.657000,DissemDT,2024-08-21T19:30:23.657000,2024-08-22,2024-08-22T09:15:00,aligned,
1da0d920-3d29-4e2b-a5c4-6edfbdc415f2,RELIANCE,2024-08-21T18:24:31.617,2024-08-21T18:24:31.617,2024-08-21T18:24:31.617000,DissemDT,2024-08-21T18:24:31.617000,2024-08-22,2024-08-22T09:15:00,aligned,
3d047a50-9eba-41ee-a2fb-546530815ecc,RVNL,2024-08-21T15:54:32.79,2024-08-21T15:54:32.79,2024-08-21T15:54:32.790000,DissemDT,2024-08-21T15:54:32.790000,2024-08-22,2024-08-22T09:15:00,aligned,
cb4eb8b3-c505-4c9e-8d0f-4a7764c5c779,NYKAA,2024-08-21T13:12:00.56,2024-08-21T13:12:00.56,2024-08-21T13:12:00.560000,DissemDT,2024-08-21T13:12:00.560000,2024-08-21,2024-08-21T13:13:00,aligned,
e1a2519b-7bf6-4ad8-9fe2-c784eb5f819c,NYKAA,2024-08-21T13:04:56,2024-08-21T13:04:56,2024-08-21T13:04:56,DissemDT,2024-08-21T13:04:56,2024-08-21,2024-08-21T13:05:00,aligned,
9995cc2c-6df7-427d-abf2-2586cab7a5b4,HDFCBANK,2024-08-20T21:49:30.22,2024-08-20T21:49:30.22,2024-08-20T21:49:30.220000,DissemDT,2024-08-20T21:49:30.220000,2024-08-21,2024-08-21T09:15:00,aligned,
60c69716-544e-4082-8beb-c70be0b635ef,RELIANCE,2024-08-20T19:42:54.42,2024-08-20T19:42:54.42,2024-08-20T19:42:54.420000,DissemDT,2024-08-20T19:42:54.420000,2024-08-21,2024-08-21T09:15:00,aligned,
35a5687b-871b-4f9e-bf23-b90e10125ba1,RELIANCE,2024-08-20T18:02:18.817,2024-08-20T18:02:18.817,2024-08-20T18:02:18.817000,DissemDT,2024-08-20T18:02:18.817000,2024-08-21,2024-08-21T09:15:00,aligned,
dcb798ea-3681-4594-8a61-6de02c5ee4e1,RELIANCE,2024-08-19T19:18:12.187,2024-08-19T19:18:12.187,2024-08-19T19:18:12.187000,DissemDT,2024-08-19T19:18:12.187000,2024-08-20,2024-08-20T09:15:00,aligned,
51784647-b3c0-411b-972d-5e447038a5ac,HDFCBANK,2024-08-19T16:40:45.44,2024-08-19T16:40:45.44,2024-08-19T16:40:45.440000,DissemDT,2024-08-19T16:40:45.440000,2024-08-20,2024-08-20T09:15:00,aligned,
df834b80-0e7b-4109-b814-bbf0bc549798,RVNL,2024-08-19T12:38:12.75,2024-08-19T12:38:12.75,2024-08-19T12:38:12.750000,DissemDT,2024-08-19T12:38:12.750000,2024-08-19,2024-08-19T12:39:00,aligned,
036478eb-c33f-4675-a7b6-a63f18e7d631,RELIANCE,2024-08-16T19:09:53.9,2024-08-16T19:09:53.9,2024-08-16T19:09:53.900000,DissemDT,2024-08-16T19:09:53.900000,2024-08-19,2024-08-19T09:15:00,aligned,
936f3f5f-ae3b-4012-8668-dca3f1155003,HAL,2024-08-16T16:55:01.77,2024-08-16T16:55:01.77,2024-08-16T16:55:01.770000,DissemDT,2024-08-16T16:55:01.770000,2024-08-19,2024-08-19T09:15:00,aligned,
2a0ba24f-e9d6-49ba-8009-8ae930cbf2ce,HDFCBANK,2024-08-14T23:33:12.753,2024-08-14T23:33:12.753,2024-08-14T23:33:12.753000,DissemDT,2024-08-14T23:33:12.753000,2024-08-16,2024-08-16T09:15:00,aligned,
280be110-c086-4bd4-82d3-6ceb07920049,RELIANCE,2024-08-14T19:25:02.05,2024-08-14T19:25:02.05,2024-08-14T19:25:02.050000,DissemDT,2024-08-14T19:25:02.050000,2024-08-16,2024-08-16T09:15:00,aligned,
8cc5f495-3cdf-4de7-b159-f2013a120af0,RELIANCE,2024-08-14T18:57:14.777,2024-08-14T18:57:14.777,2024-08-14T18:57:14.777000,DissemDT,2024-08-14T18:57:14.777000,2024-08-16,2024-08-16T09:15:00,aligned,
b091c6ba-fca5-44af-9f4e-4fc0ff5eb739,RELIANCE,2024-08-14T18:50:05.037,2024-08-14T18:50:05.037,2024-08-14T18:50:05.037000,DissemDT,2024-08-14T18:50:05.037000,2024-08-16,2024-08-16T09:15:00,aligned,
77b81dbf-117e-4ac4-81bd-0ce2e2bce30e,RVNL,2024-08-14T14:59:31.147,2024-08-14T14:59:31.147,2024-08-14T14:59:31.147000,DissemDT,2024-08-14T14:59:31.147000,2024-08-14,2024-08-14T15:00:00,aligned,
b7ff9cb7-22e9-4d8d-9fc8-c6b56da97c64,HAL,2024-08-14T14:22:12.25,2024-08-14T14:22:12.25,2024-08-14T14:22:12.250000,DissemDT,2024-08-14T14:22:12.250000,2024-08-14,2024-08-14T14:23:00,aligned,
8bc1009e-c7c7-4cc4-b910-05bc88c2feec,NYKAA,2024-08-14T12:13:26.813,2024-08-14T12:13:26.813,2024-08-14T12:13:26.813000,DissemDT,2024-08-14T12:13:26.813000,2024-08-14,2024-08-14T12:14:00,aligned,
cde75f1a-21b4-45be-b3ec-9560a519c9a2,NYKAA,2024-08-13T21:52:19.41,2024-08-13T21:52:19.41,2024-08-13T21:52:19.410000,DissemDT,2024-08-13T21:52:19.410000,2024-08-14,2024-08-14T09:15:00,aligned,
66704887-275e-40ac-aeaf-bb0215efdb38,HDFCBANK,2024-08-13T20:41:55.62,2024-08-13T20:41:55.62,2024-08-13T20:41:55.620000,DissemDT,2024-08-13T20:41:55.620000,2024-08-14,2024-08-14T09:15:00,aligned,
ea77679d-5e26-4d8b-9224-80d8700e6a72,RELIANCE,2024-08-13T20:00:29.633,2024-08-13T20:00:29.633,2024-08-13T20:00:29.633000,DissemDT,2024-08-13T20:00:29.633000,2024-08-14,2024-08-14T09:15:00,aligned,
9811efcc-20a0-4534-9f04-2ebc671c27dc,NYKAA,2024-08-13T18:34:31.66,2024-08-13T18:34:31.66,2024-08-13T18:34:31.660000,DissemDT,2024-08-13T18:34:31.660000,2024-08-14,2024-08-14T09:15:00,aligned,
713ac884-5298-41d0-8b94-ad2f5604f7c0,RELIANCE,2024-08-13T16:57:22.09,2024-08-13T16:57:22.09,2024-08-13T16:57:22.090000,DissemDT,2024-08-13T16:57:22.090000,2024-08-14,2024-08-14T09:15:00,aligned,
54e589e5-6f5a-40ab-adf2-38a924a84582,NYKAA,2024-08-13T16:31:24.76,2024-08-13T16:31:24.76,2024-08-13T16:31:24.760000,DissemDT,2024-08-13T16:31:24.760000,2024-08-14,2024-08-14T09:15:00,aligned,
3acac845-bc0d-46a1-b8a5-444bc38d12d5,NYKAA,2024-08-13T16:14:03.497,2024-08-13T16:14:03.19,2024-08-13T16:14:03.497000,DissemDT,2024-08-13T16:14:03.497000,2024-08-14,2024-08-14T09:15:00,aligned,
bd883505-60b2-4663-a65a-bd0bbb21231f,NYKAA,2024-08-13T16:04:05.713,2024-08-13T16:04:05.713,2024-08-13T16:04:05.713000,DissemDT,2024-08-13T16:04:05.713000,2024-08-14,2024-08-14T09:15:00,aligned,
4185807d-8764-4380-ae08-9dc61d76b7ad,NYKAA,2024-08-13T15:56:09.63,2024-08-13T15:56:09.63,2024-08-13T15:56:09.630000,DissemDT,2024-08-13T15:56:09.630000,2024-08-14,2024-08-14T09:15:00,aligned,
39dacc47-9fc2-4c81-9fc9-c8bf7c0796ae,NYKAA,2024-08-13T15:50:40.97,2024-08-13T15:50:40.97,2024-08-13T15:50:40.970000,DissemDT,2024-08-13T15:50:40.970000,2024-08-14,2024-08-14T09:15:00,aligned,
3c230034-6769-4e62-be9b-4277a822bfc3,RVNL,2024-08-12T19:08:58.327,2024-08-12T19:08:58.327,2024-08-12T19:08:58.327000,DissemDT,2024-08-12T19:08:58.327000,2024-08-13,2024-08-13T09:15:00,aligned,
2ecae321-e870-411a-a35b-05f2febd2bf8,HDFCBANK,2024-08-12T16:55:19.98,2024-08-12T16:55:19.98,2024-08-12T16:55:19.980000,DissemDT,2024-08-12T16:55:19.980000,2024-08-13,2024-08-13T09:15:00,aligned,
fda9c21d-a8e5-4872-a2be-3f39ea4a20fc,HDFCBANK,2024-08-09T23:56:01.27,2024-08-09T23:56:01.27,2024-08-09T23:56:01.270000,DissemDT,2024-08-09T23:56:01.270000,2024-08-12,2024-08-12T09:15:00,aligned,
3c260d55-3f80-4823-8b98-7a7e8ff1cb61,HDFCBANK,2024-08-09T19:32:15.54,2024-08-09T19:32:15.54,2024-08-09T19:32:15.540000,DissemDT,2024-08-09T19:32:15.540000,2024-08-12,2024-08-12T09:15:00,aligned,
06457b2f-2c13-45bb-a721-464928f6229f,RELIANCE,2024-08-09T18:51:42.157,2024-08-09T18:51:42.157,2024-08-09T18:51:42.157000,DissemDT,2024-08-09T18:51:42.157000,2024-08-12,2024-08-12T09:15:00,aligned,
22190614-33a4-491e-ac7a-18b5a9078df3,RVNL,2024-08-09T11:33:16.02,2024-08-09T11:33:16.02,2024-08-09T11:33:16.020000,DissemDT,2024-08-09T11:33:16.020000,2024-08-09,2024-08-09T11:34:00,aligned,
9052e598-830f-42a4-a2fa-e7439ada626f,RELIANCE,2024-08-08T18:46:05.65,2024-08-08T18:46:05.65,2024-08-08T18:46:05.650000,DissemDT,2024-08-08T18:46:05.650000,2024-08-09,2024-08-09T09:15:00,aligned,
85e4e7d3-289b-4573-ab83-c137bc3d1f63,RELIANCE,2024-08-08T18:18:34.98,2024-08-08T18:18:34.98,2024-08-08T18:18:34.980000,DissemDT,2024-08-08T18:18:34.980000,2024-08-09,2024-08-09T09:15:00,aligned,
af7f6583-2293-422e-8760-37cd3ff678f7,RVNL,2024-08-08T14:21:40.1,2024-08-08T14:21:40.1,2024-08-08T14:21:40.100000,DissemDT,2024-08-08T14:21:40.100000,2024-08-08,2024-08-08T14:22:00,aligned,
8baa23a6-a2f1-4e52-84a5-28f400368b85,RVNL,2024-08-08T14:15:07.523,2024-08-08T14:15:07.523,2024-08-08T14:15:07.523000,DissemDT,2024-08-08T14:15:07.523000,2024-08-08,2024-08-08T14:16:00,aligned,
9cac2e2e-1377-4435-b73a-6a44b7804822,NYKAA,2024-08-07T18:36:08.297,2024-08-07T18:36:08.297,2024-08-07T18:36:08.297000,DissemDT,2024-08-07T18:36:08.297000,2024-08-08,2024-08-08T09:15:00,aligned,
3af51afa-dd53-4ddf-bbb8-ba070990f2a3,RELIANCE,2024-08-07T18:34:32.803,2024-08-07T18:34:32.803,2024-08-07T18:34:32.803000,DissemDT,2024-08-07T18:34:32.803000,2024-08-08,2024-08-08T09:15:00,aligned,
53c10059-4b61-404c-969c-9fcd9af59f14,RVNL,2024-08-07T17:28:34.66,2024-08-07T17:28:34.66,2024-08-07T17:28:34.660000,DissemDT,2024-08-07T17:28:34.660000,2024-08-08,2024-08-08T09:15:00,aligned,
486d3d01-c0df-446a-8796-000c70300a7b,RELIANCE,2024-08-07T17:07:17.483,2024-08-07T17:07:17.483,2024-08-07T17:07:17.483000,DissemDT,2024-08-07T17:07:17.483000,2024-08-08,2024-08-08T09:15:00,aligned,
335cb3c1-074b-429a-9d69-85ee95917705,HDFCBANK,2024-08-07T15:32:35.637,2024-08-07T15:32:35.637,2024-08-07T15:32:35.637000,DissemDT,2024-08-07T15:32:35.637000,2024-08-08,2024-08-08T09:15:00,aligned,
ab35cfe5-b8c3-4053-a986-322354c1046e,RELIANCE,2024-08-07T14:42:41.123,2024-08-07T14:42:41.123,2024-08-07T14:42:41.123000,DissemDT,2024-08-07T14:42:41.123000,2024-08-07,2024-08-07T14:43:00,aligned,
159c0b17-3dda-40eb-ad7f-7e989ceea906,RELIANCE,2024-08-07T14:36:15.423,2024-08-07T14:36:15.423,2024-08-07T14:36:15.423000,DissemDT,2024-08-07T14:36:15.423000,2024-08-07,2024-08-07T14:37:00,aligned,
ef88e9a5-b6cf-4fa6-bb6f-6037ebbf01bc,RELIANCE,2024-08-07T14:31:33.457,2024-08-07T14:31:33.457,2024-08-07T14:31:33.457000,DissemDT,2024-08-07T14:31:33.457000,2024-08-07,2024-08-07T14:32:00,aligned,
c864e2b5-e559-41cc-ac9f-031e1fbe63f4,NYKAA,2024-08-07T11:15:37.19,2024-08-07T11:15:37.19,2024-08-07T11:15:37.190000,DissemDT,2024-08-07T11:15:37.190000,2024-08-07,2024-08-07T11:16:00,aligned,
e718010b-33d9-4a5a-8791-f86444f01ddd,RELIANCE,2024-08-06T20:17:51.77,2024-08-06T20:17:51.77,2024-08-06T20:17:51.770000,DissemDT,2024-08-06T20:17:51.770000,2024-08-07,2024-08-07T09:15:00,aligned,
3f369f4c-e4a3-45d4-a912-c288425a74cc,RELIANCE,2024-08-06T19:21:18.153,2024-08-06T19:21:18.153,2024-08-06T19:21:18.153000,DissemDT,2024-08-06T19:21:18.153000,2024-08-07,2024-08-07T09:15:00,aligned,
197651c1-8735-4025-8259-f37d8be5567f,RELIANCE,2024-08-06T18:19:14.89,2024-08-06T18:19:14.89,2024-08-06T18:19:14.890000,DissemDT,2024-08-06T18:19:14.890000,2024-08-07,2024-08-07T09:15:00,aligned,
3502ba14-5c68-416a-abd1-a3da43d13613,HDFCBANK,2024-08-06T14:26:46.92,2024-08-06T14:26:46.92,2024-08-06T14:26:46.920000,DissemDT,2024-08-06T14:26:46.920000,2024-08-06,2024-08-06T14:27:00,aligned,
6e64a5b5-58bd-407e-8c90-9c8e87777c52,HAL,2024-08-06T11:54:31.19,2024-08-06T11:54:31.19,2024-08-06T11:54:31.190000,DissemDT,2024-08-06T11:54:31.190000,2024-08-06,2024-08-06T11:55:00,aligned,
552fcb96-457d-4b3c-b588-28ede8c90751,NYKAA,2024-08-06T09:16:51.723,2024-08-06T09:16:51.723,2024-08-06T09:16:51.723000,DissemDT,2024-08-06T09:16:51.723000,2024-08-06,2024-08-06T09:17:00,aligned,
db196acf-b84d-40ad-9a67-9045130009df,RELIANCE,2024-08-05T20:07:32.367,2024-08-05T20:07:32.367,2024-08-05T20:07:32.367000,DissemDT,2024-08-05T20:07:32.367000,2024-08-06,2024-08-06T09:15:00,aligned,
c37aaa80-f0c5-42f3-9766-e39a57f2a96b,RELIANCE,2024-08-05T19:58:20.153,2024-08-05T19:58:20.153,2024-08-05T19:58:20.153000,DissemDT,2024-08-05T19:58:20.153000,2024-08-06,2024-08-06T09:15:00,aligned,
28aee20a-2c70-465c-9d34-6f68966de55b,HDFCBANK,2024-08-05T16:36:18.3,2024-08-05T16:36:18.3,2024-08-05T16:36:18.300000,DissemDT,2024-08-05T16:36:18.300000,2024-08-06,2024-08-06T09:15:00,aligned,
5e82abfe-c691-439e-88cf-0871dfec1952,HAL,2024-08-05T15:51:39.24,2024-08-05T15:51:39.24,2024-08-05T15:51:39.240000,DissemDT,2024-08-05T15:51:39.240000,2024-08-06,2024-08-06T09:15:00,aligned,
68a60160-4101-4693-bef9-0177da45ea77,HDFCBANK,2024-08-02T22:27:45.713,2024-08-02T22:27:45.713,2024-08-02T22:27:45.713000,DissemDT,2024-08-02T22:27:45.713000,2024-08-05,2024-08-05T09:15:00,aligned,
2d6c6e2e-a796-45c4-9e19-4f4929e3a930,RELIANCE,2024-08-02T19:36:00.11,2024-08-02T19:36:00.11,2024-08-02T19:36:00.110000,DissemDT,2024-08-02T19:36:00.110000,2024-08-05,2024-08-05T09:15:00,aligned,
cb9368d0-7861-4559-95d3-7d28f5e176e0,HAL,2024-08-02T14:26:59.5,2024-08-02T14:26:59.5,2024-08-02T14:26:59.500000,DissemDT,2024-08-02T14:26:59.500000,2024-08-02,2024-08-02T14:27:00,aligned,
8fe379a3-d6ab-4f67-a7ef-9aae15eabcfc,HAL,2024-08-02T14:03:57.08,2024-08-02T14:03:57.08,2024-08-02T14:03:57.080000,DissemDT,2024-08-02T14:03:57.080000,2024-08-02,2024-08-02T14:04:00,aligned,
ff287dcf-78ee-4a85-bc57-4067d418a267,HAL,2024-08-02T12:59:49.107,2024-08-02T12:59:49.107,2024-08-02T12:59:49.107000,DissemDT,2024-08-02T12:59:49.107000,2024-08-02,2024-08-02T13:00:00,aligned,
8e3cc7d8-8654-4aa3-8e67-898b36b66e98,HAL,2024-08-02T12:47:14.42,2024-08-02T12:47:14.42,2024-08-02T12:47:14.420000,DissemDT,2024-08-02T12:47:14.420000,2024-08-02,2024-08-02T12:48:00,aligned,
49f4cc84-e60e-4043-8bf5-45d862680ce0,RELIANCE,2024-08-01T17:26:17.423,2024-08-01T17:26:17.423,2024-08-01T17:26:17.423000,DissemDT,2024-08-01T17:26:17.423000,2024-08-02,2024-08-02T09:15:00,aligned,
1d5486bf-0bf6-4100-ad0c-35fec6dad15b,RVNL,2024-08-01T13:58:42.05,2024-08-01T13:58:42.05,2024-08-01T13:58:42.050000,DissemDT,2024-08-01T13:58:42.050000,2024-08-01,2024-08-01T13:59:00,aligned,
0e98e469-c084-4fb6-94a6-8428762cd961,RELIANCE,2024-07-31T18:12:03.47,2024-07-31T18:12:03.47,2024-07-31T18:12:03.470000,DissemDT,2024-07-31T18:12:03.470000,2024-08-01,2024-08-01T09:15:00,aligned,
26091450-4420-4ab0-9905-2355b5a303ed,RVNL,2024-07-31T15:41:39.04,2024-07-31T15:41:39.04,2024-07-31T15:41:39.040000,DissemDT,2024-07-31T15:41:39.040000,2024-08-01,2024-08-01T09:15:00,aligned,
ef2df9af-4622-4cca-9124-29b390a68d27,HAL,2024-07-31T12:23:46.163,2024-07-31T12:23:46.163,2024-07-31T12:23:46.163000,DissemDT,2024-07-31T12:23:46.163000,2024-07-31,2024-07-31T12:24:00,aligned,
dbbd4581-3623-4e18-a1b8-77d1d0a8d1c1,HAL,2024-07-31T10:02:23.257,2024-07-31T10:02:23.257,2024-07-31T10:02:23.257000,DissemDT,2024-07-31T10:02:23.257000,2024-07-31,2024-07-31T10:03:00,aligned,
be6da925-97bd-4dca-9a7a-7b2d432c826d,HAL,2024-07-31T09:55:51.887,2024-07-31T09:55:51.887,2024-07-31T09:55:51.887000,DissemDT,2024-07-31T09:55:51.887000,2024-07-31,2024-07-31T09:56:00,aligned,
7c8bd2e3-959b-4fa8-b629-c797b996ae29,HDFCBANK,2024-07-30T21:29:50.76,2024-07-30T21:29:50.76,2024-07-30T21:29:50.760000,DissemDT,2024-07-30T21:29:50.760000,2024-07-31,2024-07-31T09:15:00,aligned,
fa77d2c0-b0cd-455b-89ef-48ee0d5931b1,RELIANCE,2024-07-30T17:55:43.22,2024-07-30T17:55:43.22,2024-07-30T17:55:43.220000,DissemDT,2024-07-30T17:55:43.220000,2024-07-31,2024-07-31T09:15:00,aligned,
707d38ee-2df0-49af-981f-270577489b77,RELIANCE,2024-07-30T17:45:42.427,2024-07-30T17:45:42.427,2024-07-30T17:45:42.427000,DissemDT,2024-07-30T17:45:42.427000,2024-07-31,2024-07-31T09:15:00,aligned,
afc78589-db0f-408a-b9de-f8f85ab2560b,HDFCBANK,2024-07-30T17:09:49.13,2024-07-30T17:09:49.13,2024-07-30T17:09:49.130000,DissemDT,2024-07-30T17:09:49.130000,2024-07-31,2024-07-31T09:15:00,aligned,
f0ebe316-8c86-4e28-8126-2aaa370c7509,RVNL,2024-07-29T17:27:50.083,2024-07-29T17:27:50.083,2024-07-29T17:27:50.083000,DissemDT,2024-07-29T17:27:50.083000,2024-07-30,2024-07-30T09:15:00,aligned,
6c5ed919-f5c2-40fc-a176-0ad18a4a0514,RVNL,2024-07-29T16:55:57.78,2024-07-29T16:55:57.78,2024-07-29T16:55:57.780000,DissemDT,2024-07-29T16:55:57.780000,2024-07-30,2024-07-30T09:15:00,aligned,
753d2fc0-6610-4ca2-a0c0-764d763f9978,RVNL,2024-07-29T16:37:30.523,2024-07-29T16:37:30.523,2024-07-29T16:37:30.523000,DissemDT,2024-07-29T16:37:30.523000,2024-07-30,2024-07-30T09:15:00,aligned,
989fd1e3-b422-4b25-8db5-bfbc102d040a,HDFCBANK,2024-07-29T15:23:31.143,2024-07-29T15:23:31.143,2024-07-29T15:23:31.143000,DissemDT,2024-07-29T15:23:31.143000,2024-07-29,2024-07-29T15:24:00,aligned,
78c71189-e560-427e-95f1-ad8e745acd19,HDFCBANK,2024-07-28T20:44:47.16,2024-07-28T20:44:47.16,2024-07-28T20:44:47.160000,DissemDT,2024-07-28T20:44:47.160000,2024-07-29,2024-07-29T09:15:00,aligned,
1280fd74-7ac5-4765-a950-e517df721a7f,RELIANCE,2024-07-26T18:38:17.233,2024-07-26T18:38:17.233,2024-07-26T18:38:17.233000,DissemDT,2024-07-26T18:38:17.233000,2024-07-29,2024-07-29T09:15:00,aligned,
1fb87ab5-2933-4f12-98cf-f88f1fc535c3,HDFCBANK,2024-07-26T12:34:21.277,2024-07-26T12:34:21.277,2024-07-26T12:34:21.277000,DissemDT,2024-07-26T12:34:21.277000,2024-07-26,2024-07-26T12:35:00,aligned,
e7687f76-5405-4bff-90c3-6eda708bf22a,HDFCBANK,2024-07-25T19:58:30.797,2024-07-25T19:58:30.797,2024-07-25T19:58:30.797000,DissemDT,2024-07-25T19:58:30.797000,2024-07-26,2024-07-26T09:15:00,aligned,
f13bdf2a-91fa-4063-bc03-9e7e40eeb220,RELIANCE,2024-07-25T16:30:16.767,2024-07-25T16:30:16.767,2024-07-25T16:30:16.767000,DissemDT,2024-07-25T16:30:16.767000,2024-07-26,2024-07-26T09:15:00,aligned,
22040582-3378-4bac-a28e-ca3ce2610841,RVNL,2024-07-24T19:07:41.987,2024-07-24T19:07:41.987,2024-07-24T19:07:41.987000,DissemDT,2024-07-24T19:07:41.987000,2024-07-25,2024-07-25T09:15:00,aligned,
1e35fb96-9e95-4a43-a323-28d7bf832f8c,RELIANCE,2024-07-24T18:07:34.633,2024-07-24T18:07:34.633,2024-07-24T18:07:34.633000,DissemDT,2024-07-24T18:07:34.633000,2024-07-25,2024-07-25T09:15:00,aligned,
0b19d0f8-c85c-4545-926e-2a573228ac24,HDFCBANK,2024-07-23T21:09:07.593,2024-07-23T21:09:07.593,2024-07-23T21:09:07.593000,DissemDT,2024-07-23T21:09:07.593000,2024-07-24,2024-07-24T09:15:00,aligned,
2a562b88-99ff-43ab-b6ba-44a7807d5174,HDFCBANK,2024-07-23T17:23:08.49,2024-07-23T17:23:08.487,2024-07-23T17:23:08.490000,DissemDT,2024-07-23T17:23:08.490000,2024-07-24,2024-07-24T09:15:00,aligned,
6d6643b8-611b-4896-9124-61856147ee00,RELIANCE,2024-07-23T17:06:52.74,2024-07-23T17:06:52.74,2024-07-23T17:06:52.740000,DissemDT,2024-07-23T17:06:52.740000,2024-07-24,2024-07-24T09:15:00,aligned,
7ba55cdb-bfd1-4a99-906f-e23394bb0c09,RELIANCE,2024-07-23T16:57:07.66,2024-07-23T16:57:07.66,2024-07-23T16:57:07.660000,DissemDT,2024-07-23T16:57:07.660000,2024-07-24,2024-07-24T09:15:00,aligned,
391af3bd-ace1-423b-bcad-d8731463cd76,RELIANCE,2024-07-22T20:53:00.247,2024-07-22T20:53:00.247,2024-07-22T20:53:00.247000,DissemDT,2024-07-22T20:53:00.247000,2024-07-23,2024-07-23T09:15:00,aligned,
fb3b6e63-dc3b-4ea4-86b7-be8cbb8c4e6e,NYKAA,2024-07-22T18:35:31.377,2024-07-22T18:35:31.377,2024-07-22T18:35:31.377000,DissemDT,2024-07-22T18:35:31.377000,2024-07-23,2024-07-23T09:15:00,aligned,
8c32132d-0b5c-48e4-9d0c-4236e37b2d5c,HDFCBANK,2024-07-22T14:45:35.88,2024-07-22T14:45:35.88,2024-07-22T14:45:35.880000,DissemDT,2024-07-22T14:45:35.880000,2024-07-22,2024-07-22T14:46:00,aligned,
e78ab8e1-baf6-4def-bde4-aa81d3341d3e,HDFCBANK,2024-07-21T18:43:35.657,2024-07-21T18:43:35.657,2024-07-21T18:43:35.657000,DissemDT,2024-07-21T18:43:35.657000,2024-07-22,2024-07-22T09:15:00,aligned,
c495af8c-0d71-4bef-8933-a8d33cf7c58f,HDFCBANK,2024-07-20T22:55:56.737,2024-07-20T22:55:56.737,2024-07-20T22:55:56.737000,DissemDT,2024-07-20T22:55:56.737000,2024-07-22,2024-07-22T09:15:00,aligned,
aee4a33a-8f47-4efc-921d-3d44ac5fac63,HDFCBANK,2024-07-20T17:10:55.97,2024-07-20T17:10:55.97,2024-07-20T17:10:55.970000,DissemDT,2024-07-20T17:10:55.970000,2024-07-22,2024-07-22T09:15:00,aligned,
85b73d78-aaff-4b53-8dd2-3c1d0fb4bb8e,HDFCBANK,2024-07-20T16:52:28.07,2024-07-20T16:52:28.07,2024-07-20T16:52:28.070000,DissemDT,2024-07-20T16:52:28.070000,2024-07-22,2024-07-22T09:15:00,aligned,
d14dbdce-a5cb-410a-9f25-73959c7a7205,HDFCBANK,2024-07-20T15:03:29.533,2024-07-20T15:03:29.533,2024-07-20T15:03:29.533000,DissemDT,2024-07-20T15:03:29.533000,2024-07-22,2024-07-22T09:15:00,aligned,
1fc5241e-b80c-4e3a-83f9-75bf69f4a328,HDFCBANK,2024-07-20T14:53:57.327,2024-07-20T14:53:57.327,2024-07-20T14:53:57.327000,DissemDT,2024-07-20T14:53:57.327000,2024-07-22,2024-07-22T09:15:00,aligned,
334cddad-5cd9-4597-b4a1-e1435f59067a,HDFCBANK,2024-07-20T14:14:30.63,2024-07-20T14:14:30.63,2024-07-20T14:14:30.630000,DissemDT,2024-07-20T14:14:30.630000,2024-07-22,2024-07-22T09:15:00,aligned,
ca474f0b-0fc1-4f2b-a449-65112b8dbdc0,RELIANCE,2024-07-20T10:09:47.823,2024-07-20T10:09:47.823,2024-07-20T10:09:47.823000,DissemDT,2024-07-20T10:09:47.823000,2024-07-22,2024-07-22T09:15:00,aligned,
7aa08d16-d97f-4976-8c17-dd9d156d5338,RELIANCE,2024-07-20T09:59:41.763,2024-07-20T09:59:41.763,2024-07-20T09:59:41.763000,DissemDT,2024-07-20T09:59:41.763000,2024-07-22,2024-07-22T09:15:00,aligned,
97d1877e-89d8-4064-8bac-6d7059330165,RELIANCE,2024-07-19T22:07:57.4,2024-07-19T22:07:57.4,2024-07-19T22:07:57.400000,DissemDT,2024-07-19T22:07:57.400000,2024-07-22,2024-07-22T09:15:00,aligned,
60a04feb-2874-44fa-b038-81f7848fc9a0,RELIANCE,2024-07-19T19:25:41.57,2024-07-19T19:25:41.57,2024-07-19T19:25:41.570000,DissemDT,2024-07-19T19:25:41.570000,2024-07-22,2024-07-22T09:15:00,aligned,
8a39822f-1d9c-45ae-8928-3e1d5153759d,RELIANCE,2024-07-19T19:21:24.657,2024-07-19T19:21:24.657,2024-07-19T19:21:24.657000,DissemDT,2024-07-19T19:21:24.657000,2024-07-22,2024-07-22T09:15:00,aligned,
e1e631b1-c7e8-4b69-af6d-50f34bc48edb,RELIANCE,2024-07-19T19:15:49.413,2024-07-19T19:15:49.413,2024-07-19T19:15:49.413000,DissemDT,2024-07-19T19:15:49.413000,2024-07-22,2024-07-22T09:15:00,aligned,
cb1a13f7-4eb8-436b-a6f1-ff46df903d9b,HDFCBANK,2024-07-19T16:01:48.703,2024-07-19T16:01:48.703,2024-07-19T16:01:48.703000,DissemDT,2024-07-19T16:01:48.703000,2024-07-22,2024-07-22T09:15:00,aligned,
f88afd02-f80b-4766-b24a-f022f98c7585,RVNL,2024-07-19T12:56:44.753,2024-07-19T12:56:44.753,2024-07-19T12:56:44.753000,DissemDT,2024-07-19T12:56:44.753000,2024-07-19,2024-07-19T12:57:00,aligned,
9bba9b09-e6d6-4052-a053-b998f7a007f4,RVNL,2024-07-19T12:31:08,2024-07-19T12:31:08,2024-07-19T12:31:08,DissemDT,2024-07-19T12:31:08,2024-07-19,2024-07-19T12:32:00,aligned,
6d401043-4531-4228-b0b4-305c29dec4fa,RELIANCE,2024-07-18T18:33:05.32,2024-07-18T18:33:05.32,2024-07-18T18:33:05.320000,DissemDT,2024-07-18T18:33:05.320000,2024-07-19,2024-07-19T09:15:00,aligned,
aec5bbe5-03b4-4f79-a2d8-78b145d64f0c,HDFCBANK,2024-07-18T18:24:54.817,2024-07-18T18:24:54.817,2024-07-18T18:24:54.817000,DissemDT,2024-07-18T18:24:54.817000,2024-07-19,2024-07-19T09:15:00,aligned,
c30509c2-cc9e-4bec-814e-4fed7b614424,HDFCBANK,2024-07-18T18:14:43.253,2024-07-18T18:14:43.253,2024-07-18T18:14:43.253000,DissemDT,2024-07-18T18:14:43.253000,2024-07-19,2024-07-19T09:15:00,aligned,
5fbb23c6-6019-48b5-a6d7-634c4b0fae4f,HDFCBANK,2024-07-18T18:02:24.77,2024-07-18T18:02:24.77,2024-07-18T18:02:24.770000,DissemDT,2024-07-18T18:02:24.770000,2024-07-19,2024-07-19T09:15:00,aligned,
cfd053d8-3273-4bd2-aa22-3918cde3cc82,HAL,2024-07-18T17:40:11.04,2024-07-18T17:40:11.04,2024-07-18T17:40:11.040000,DissemDT,2024-07-18T17:40:11.040000,2024-07-19,2024-07-19T09:15:00,aligned,
880736d1-ff87-40e6-b718-cb5ffe7f1228,RELIANCE,2024-07-17T19:24:45.47,2024-07-17T19:24:45.47,2024-07-17T19:24:45.470000,DissemDT,2024-07-17T19:24:45.470000,2024-07-18,2024-07-18T09:15:00,aligned,
70f7e32b-e814-4764-bfc3-0b275cc1f9a9,HDFCBANK,2024-07-16T19:45:00.77,2024-07-16T19:45:00.77,2024-07-16T19:45:00.770000,DissemDT,2024-07-16T19:45:00.770000,2024-07-18,2024-07-18T09:15:00,aligned,
d5934234-49e7-41a9-add7-ee2f7d10a807,RELIANCE,2024-07-16T17:02:55.3,2024-07-16T17:02:55.3,2024-07-16T17:02:55.300000,DissemDT,2024-07-16T17:02:55.300000,2024-07-18,2024-07-18T09:15:00,aligned,
1ff53636-da2a-48e2-8bee-3344ab65e016,HDFCBANK,2024-07-16T14:50:54.867,2024-07-16T14:50:54.867,2024-07-16T14:50:54.867000,DissemDT,2024-07-16T14:50:54.867000,2024-07-16,2024-07-16T14:51:00,aligned,
ac416af6-3961-4815-8a39-836f127e4fba,HDFCBANK,2024-07-16T11:54:51.92,2024-07-16T11:54:51.92,2024-07-16T11:54:51.920000,DissemDT,2024-07-16T11:54:51.920000,2024-07-16,2024-07-16T11:55:00,aligned,
651ea871-1397-4d4f-b0e8-6c765e7b6661,NYKAA,2024-07-15T18:08:16.933,2024-07-15T18:08:16.933,2024-07-15T18:08:16.933000,DissemDT,2024-07-15T18:08:16.933000,2024-07-16,2024-07-16T09:15:00,aligned,
195ad987-0eae-4855-806b-a107c2cd8a8c,HDFCBANK,2024-07-15T17:24:20.847,2024-07-15T17:24:20.847,2024-07-15T17:24:20.847000,DissemDT,2024-07-15T17:24:20.847000,2024-07-16,2024-07-16T09:15:00,aligned,
ddf45846-150d-4d4d-ba4e-998a6483a8d9,RVNL,2024-07-15T14:40:30.517,2024-07-15T14:40:30.517,2024-07-15T14:40:30.517000,DissemDT,2024-07-15T14:40:30.517000,2024-07-15,2024-07-15T14:41:00,aligned,
2e800658-2fd0-4ddd-917e-aef63c7cc4de,NYKAA,2024-07-14T18:21:50.58,2024-07-14T18:21:50.58,2024-07-14T18:21:50.580000,DissemDT,2024-07-14T18:21:50.580000,2024-07-15,2024-07-15T09:15:00,aligned,
b319ab67-1494-4b3a-9c5a-a06c4d4e035b,NYKAA,2024-07-13T13:40:07.547,2024-07-13T13:40:07.547,2024-07-13T13:40:07.547000,DissemDT,2024-07-13T13:40:07.547000,2024-07-15,2024-07-15T09:15:00,aligned,
dc2c1dc5-ccd9-42d8-bac8-ff7b0ea02c59,NYKAA,2024-07-13T13:36:45.587,2024-07-13T13:36:45.587,2024-07-13T13:36:45.587000,DissemDT,2024-07-13T13:36:45.587000,2024-07-15,2024-07-15T09:15:00,aligned,
c1ef2c68-4f23-466a-bd8d-2caafb5ee1f9,NYKAA,2024-07-13T13:34:36.773,2024-07-13T13:34:36.773,2024-07-13T13:34:36.773000,DissemDT,2024-07-13T13:34:36.773000,2024-07-15,2024-07-15T09:15:00,aligned,
1f94a734-ff16-40be-82a3-9548e8915b71,RELIANCE,2024-07-12T18:20:50.32,2024-07-12T18:20:50.32,2024-07-12T18:20:50.320000,DissemDT,2024-07-12T18:20:50.320000,2024-07-15,2024-07-15T09:15:00,aligned,
ba3fed0e-d1ec-4966-bfd1-9c455fc3f693,RVNL,2024-07-12T17:46:58.833,2024-07-12T17:46:58.833,2024-07-12T17:46:58.833000,DissemDT,2024-07-12T17:46:58.833000,2024-07-15,2024-07-15T09:15:00,aligned,
3db6bd32-cc20-4cc2-85cd-6c06e3952b13,RELIANCE,2024-07-12T16:57:49.033,2024-07-12T16:57:49.033,2024-07-12T16:57:49.033000,DissemDT,2024-07-12T16:57:49.033000,2024-07-15,2024-07-15T09:15:00,aligned,
2ebb2f47-13c9-42d1-a1a1-324e1776f170,RELIANCE,2024-07-12T12:56:44.097,2024-07-12T12:56:44.093,2024-07-12T12:56:44.097000,DissemDT,2024-07-12T12:56:44.097000,2024-07-12,2024-07-12T12:57:00,aligned,
233610a6-24af-4d35-bb6a-505f86f27b87,RELIANCE,2024-07-11T22:58:48.42,2024-07-11T22:58:48.42,2024-07-11T22:58:48.420000,DissemDT,2024-07-11T22:58:48.420000,2024-07-12,2024-07-12T09:15:00,aligned,
17e0166f-a0e3-4f3e-ad32-20f557baffc7,RELIANCE,2024-07-11T17:53:02.98,2024-07-11T17:53:02.98,2024-07-11T17:53:02.980000,DissemDT,2024-07-11T17:53:02.980000,2024-07-12,2024-07-12T09:15:00,aligned,
506c5ee5-2f60-4b4f-a2e0-34cead76ffdf,RVNL,2024-07-11T10:58:47.05,2024-07-11T10:58:47.05,2024-07-11T10:58:47.050000,DissemDT,2024-07-11T10:58:47.050000,2024-07-11,2024-07-11T10:59:00,aligned,
659ec424-3360-4e87-87cb-cd62f1a7785a,RELIANCE,2024-07-10T17:39:02.477,2024-07-10T17:39:02.477,2024-07-10T17:39:02.477000,DissemDT,2024-07-10T17:39:02.477000,2024-07-11,2024-07-11T09:15:00,aligned,
3bda06ed-90f8-4f8c-a859-cdf32c4c020e,RVNL,2024-07-10T12:38:19.493,2024-07-10T12:38:19.493,2024-07-10T12:38:19.493000,DissemDT,2024-07-10T12:38:19.493000,2024-07-10,2024-07-10T12:39:00,aligned,
60c67072-d533-42d7-ace0-0df5e809df31,RELIANCE,2024-07-09T22:00:03.587,2024-07-09T22:00:03.587,2024-07-09T22:00:03.587000,DissemDT,2024-07-09T22:00:03.587000,2024-07-10,2024-07-10T09:15:00,aligned,
6a10f6a4-7f44-4944-a581-301534f1d97d,HDFCBANK,2024-07-09T20:52:51.91,2024-07-09T20:52:51.91,2024-07-09T20:52:51.910000,DissemDT,2024-07-09T20:52:51.910000,2024-07-10,2024-07-10T09:15:00,aligned,
42414e37-10a8-47ba-85eb-dd4b54203ebc,RVNL,2024-07-09T19:30:26.52,2024-07-09T19:30:26.52,2024-07-09T19:30:26.520000,DissemDT,2024-07-09T19:30:26.520000,2024-07-10,2024-07-10T09:15:00,aligned,
661ae2b2-ea60-43b4-bbf0-3397366e5c0a,RVNL,2024-07-09T19:15:04.693,2024-07-09T19:15:04.693,2024-07-09T19:15:04.693000,DissemDT,2024-07-09T19:15:04.693000,2024-07-10,2024-07-10T09:15:00,aligned,
280b7adc-d3f1-4124-80cc-e96d0d844004,RELIANCE,2024-07-09T17:53:41.91,2024-07-09T17:53:41.91,2024-07-09T17:53:41.910000,DissemDT,2024-07-09T17:53:41.910000,2024-07-10,2024-07-10T09:15:00,aligned,
f06a0955-9a26-49e3-abe7-ea171abd5797,RELIANCE,2024-07-09T17:47:31.95,2024-07-09T17:47:31.95,2024-07-09T17:47:31.950000,DissemDT,2024-07-09T17:47:31.950000,2024-07-10,2024-07-10T09:15:00,aligned,
eb99caf3-4916-4084-99f5-d213435cce62,RVNL,2024-07-09T16:18:54.77,2024-07-09T16:18:54.77,2024-07-09T16:18:54.770000,DissemDT,2024-07-09T16:18:54.770000,2024-07-10,2024-07-10T09:15:00,aligned,
4e941a04-dd05-457a-917d-129981790ea8,HAL,2024-07-09T15:55:53.473,2024-07-09T15:55:53.473,2024-07-09T15:55:53.473000,DissemDT,2024-07-09T15:55:53.473000,2024-07-10,2024-07-10T09:15:00,aligned,
c5c97c5b-f371-43e3-b070-5b6dbe86f3ae,NYKAA,2024-07-09T10:59:14.92,2024-07-09T10:59:14.92,2024-07-09T10:59:14.920000,DissemDT,2024-07-09T10:59:14.920000,2024-07-09,2024-07-09T11:00:00,aligned,
a9a57b95-268c-4368-a686-9d77b09b2ddd,RVNL,2024-07-08T14:40:12.447,2024-07-08T14:40:12.447,2024-07-08T14:40:12.447000,DissemDT,2024-07-08T14:40:12.447000,2024-07-08,2024-07-08T14:41:00,aligned,
533611db-c3f2-4d96-8604-e51a1f9a9478,NYKAA,2024-07-07T16:16:01.01,2024-07-07T16:16:01.01,2024-07-07T16:16:01.010000,DissemDT,2024-07-07T16:16:01.010000,2024-07-08,2024-07-08T09:15:00,aligned,
b9b66a3e-c3b0-48b8-9c18-e45a1a488c3f,RELIANCE,2024-07-05T22:11:36.92,2024-07-05T22:11:36.92,2024-07-05T22:11:36.920000,DissemDT,2024-07-05T22:11:36.920000,2024-07-08,2024-07-08T09:15:00,aligned,
ebd6267f-b24c-450c-b29d-eabfe32568f2,RELIANCE,2024-07-05T18:35:52.533,2024-07-05T18:35:52.533,2024-07-05T18:35:52.533000,DissemDT,2024-07-05T18:35:52.533000,2024-07-08,2024-07-08T09:15:00,aligned,
1c99f178-a8c7-4beb-8bf0-318db3268ead,RELIANCE,2024-07-04T18:40:19.84,2024-07-04T18:40:19.84,2024-07-04T18:40:19.840000,DissemDT,2024-07-04T18:40:19.840000,2024-07-05,2024-07-05T09:15:00,aligned,
83861fbb-c8c6-4d71-b470-99f17aa2ab6b,HDFCBANK,2024-07-04T17:48:33.217,2024-07-04T17:48:33.217,2024-07-04T17:48:33.217000,DissemDT,2024-07-04T17:48:33.217000,2024-07-05,2024-07-05T09:15:00,aligned,
d1923f8f-d897-4302-9935-5f9c841cae53,NYKAA,2024-07-04T16:57:19.007,2024-07-04T16:57:19.007,2024-07-04T16:57:19.007000,DissemDT,2024-07-04T16:57:19.007000,2024-07-05,2024-07-05T09:15:00,aligned,
93ebf90f-1536-47c0-b131-37d48b9723d2,RVNL,2024-07-04T15:42:39.593,2024-07-04T15:42:39.593,2024-07-04T15:42:39.593000,DissemDT,2024-07-04T15:42:39.593000,2024-07-05,2024-07-05T09:15:00,aligned,
c4f62155-baf0-4179-a77b-d68a9bec45fc,RELIANCE,2024-07-03T18:17:49.627,2024-07-03T18:17:49.627,2024-07-03T18:17:49.627000,DissemDT,2024-07-03T18:17:49.627000,2024-07-04,2024-07-04T09:15:00,aligned,
afff7b33-642b-4b64-b09a-ed0c52bd7e0e,RVNL,2024-07-02T18:24:06.653,2024-07-02T18:24:06.653,2024-07-02T18:24:06.653000,DissemDT,2024-07-02T18:24:06.653000,2024-07-03,2024-07-03T09:15:00,aligned,
6c73ff28-539b-4141-83cc-0dd8f38281b5,RELIANCE,2024-07-02T17:07:25.747,2024-07-02T17:07:25.747,2024-07-02T17:07:25.747000,DissemDT,2024-07-02T17:07:25.747000,2024-07-03,2024-07-03T09:15:00,aligned,
a640b49a-078c-423c-a07f-fb20958a53da,RELIANCE,2024-07-02T16:50:01.29,2024-07-02T16:50:01.29,2024-07-02T16:50:01.290000,DissemDT,2024-07-02T16:50:01.290000,2024-07-03,2024-07-03T09:15:00,aligned,
161e05ae-a905-4cef-bac8-ec5773643487,HAL,2024-07-01T17:20:33.01,2024-07-01T17:20:33.01,2024-07-01T17:20:33.010000,DissemDT,2024-07-01T17:20:33.010000,2024-07-02,2024-07-02T09:15:00,aligned,
e0ff180c-9325-40c9-9263-2e2dad109454,HDFCBANK,2024-07-01T15:27:27.113,2024-07-01T15:27:27.113,2024-07-01T15:27:27.113000,DissemDT,2024-07-01T15:27:27.113000,2024-07-01,2024-07-01T15:28:00,aligned,
a13d41fe-ef13-4749-9a52-14c8b9c0fe96,RELIANCE,2024-06-28T19:59:14.307,2024-06-28T19:59:14.307,2024-06-28T19:59:14.307000,DissemDT,2024-06-28T19:59:14.307000,2024-07-01,2024-07-01T09:15:00,aligned,
ed041886-7033-4eb0-a26d-63ea6f44920f,RELIANCE,2024-06-28T18:05:56.11,2024-06-28T18:05:56.11,2024-06-28T18:05:56.110000,DissemDT,2024-06-28T18:05:56.110000,2024-07-01,2024-07-01T09:15:00,aligned,
a6eaa63c-a7c6-4ec5-884a-6ae4a63b5b6b,HAL,2024-06-28T16:22:28.627,2024-06-28T16:22:28.627,2024-06-28T16:22:28.627000,DissemDT,2024-06-28T16:22:28.627000,2024-07-01,2024-07-01T09:15:00,aligned,
4f70219b-80dd-44e5-97b4-10f5b1c2f59c,HDFCBANK,2024-06-27T18:47:41.347,2024-06-27T18:47:41.347,2024-06-27T18:47:41.347000,DissemDT,2024-06-27T18:47:41.347000,2024-06-28,2024-06-28T09:15:00,aligned,
cc42443e-db60-47cd-992c-96f920e977c1,RELIANCE,2024-06-27T18:07:49.86,2024-06-27T18:07:49.86,2024-06-27T18:07:49.860000,DissemDT,2024-06-27T18:07:49.860000,2024-06-28,2024-06-28T09:15:00,aligned,
b2596a22-7271-4084-8693-e82945d34e89,RVNL,2024-06-27T17:33:06.88,2024-06-27T17:33:06.88,2024-06-27T17:33:06.880000,DissemDT,2024-06-27T17:33:06.880000,2024-06-28,2024-06-28T09:15:00,aligned,
71ec75d0-9092-4b76-bc14-276a245d2753,RELIANCE,2024-06-27T16:43:01.75,2024-06-27T16:43:01.75,2024-06-27T16:43:01.750000,DissemDT,2024-06-27T16:43:01.750000,2024-06-28,2024-06-28T09:15:00,aligned,
7b8af8bf-a33a-4d09-be95-feeae429f794,RVNL,2024-06-27T14:01:44.827,2024-06-27T14:01:44.827,2024-06-27T14:01:44.827000,DissemDT,2024-06-27T14:01:44.827000,2024-06-27,2024-06-27T14:02:00,aligned,
dc628023-8d24-4773-b52d-f4474a99bbe9,HAL,2024-06-27T13:24:04.547,2024-06-27T13:24:04.547,2024-06-27T13:24:04.547000,DissemDT,2024-06-27T13:24:04.547000,2024-06-27,2024-06-27T13:25:00,aligned,
e4ea0c11-febb-4c27-a95b-a257f40bfe90,HAL,2024-06-27T12:18:19.857,2024-06-27T12:18:19.857,2024-06-27T12:18:19.857000,DissemDT,2024-06-27T12:18:19.857000,2024-06-27,2024-06-27T12:19:00,aligned,
223c6afd-b416-4bfd-9cde-9d1ceff837a5,RELIANCE,2024-06-26T23:25:06.473,2024-06-26T23:25:06.473,2024-06-26T23:25:06.473000,DissemDT,2024-06-26T23:25:06.473000,2024-06-27,2024-06-27T09:15:00,aligned,
5f411053-b3d2-4952-b2c1-8dd48d22e5b4,RELIANCE,2024-06-26T20:25:16.987,2024-06-26T20:25:16.987,2024-06-26T20:25:16.987000,DissemDT,2024-06-26T20:25:16.987000,2024-06-27,2024-06-27T09:15:00,aligned,
afb49156-8f4d-4346-8e29-9a048fb7f779,RVNL,2024-06-26T17:55:43.117,2024-06-26T17:55:43.117,2024-06-26T17:55:43.117000,DissemDT,2024-06-26T17:55:43.117000,2024-06-27,2024-06-27T09:15:00,aligned,
e9e9fd52-b5b8-46a9-9f02-ebc86d7bc329,RELIANCE,2024-06-26T17:38:35.867,2024-06-26T17:38:35.867,2024-06-26T17:38:35.867000,DissemDT,2024-06-26T17:38:35.867000,2024-06-27,2024-06-27T09:15:00,aligned,
60e8cf3d-4fd3-410e-88c1-db526b4db129,RVNL,2024-06-26T15:48:17.413,2024-06-26T15:48:17.413,2024-06-26T15:48:17.413000,DissemDT,2024-06-26T15:48:17.413000,2024-06-27,2024-06-27T09:15:00,aligned,
4268f8d4-a254-480f-856e-943c52b42dca,HAL,2024-06-26T13:58:33.15,2024-06-26T13:58:33.15,2024-06-26T13:58:33.150000,DissemDT,2024-06-26T13:58:33.150000,2024-06-26,2024-06-26T13:59:00,aligned,
a3ef14d0-74a4-4b30-b1a9-afc4c0d13e4d,HAL,2024-06-26T13:51:35.967,2024-06-26T13:51:35.967,2024-06-26T13:51:35.967000,DissemDT,2024-06-26T13:51:35.967000,2024-06-26,2024-06-26T13:52:00,aligned,
bade889c-b760-4944-8aac-f8745084219f,HAL,2024-06-26T13:47:06.993,2024-06-26T13:47:06.993,2024-06-26T13:47:06.993000,DissemDT,2024-06-26T13:47:06.993000,2024-06-26,2024-06-26T13:48:00,aligned,
b69f0323-0cf8-470c-8ae9-57bce5d2a8bc,HDFCBANK,2024-06-26T13:31:10.223,2024-06-26T13:31:10.223,2024-06-26T13:31:10.223000,DissemDT,2024-06-26T13:31:10.223000,2024-06-26,2024-06-26T13:32:00,aligned,
877d1677-d89a-4655-8fde-0bc2b6d483b9,RELIANCE,2024-06-25T17:50:35.48,2024-06-25T17:50:35.48,2024-06-25T17:50:35.480000,DissemDT,2024-06-25T17:50:35.480000,2024-06-26,2024-06-26T09:15:00,aligned,
a5805cc9-a616-4a66-977b-d3b8b4dfad5e,RELIANCE,2024-06-25T17:42:35.65,2024-06-25T17:42:35.65,2024-06-25T17:42:35.650000,DissemDT,2024-06-25T17:42:35.650000,2024-06-26,2024-06-26T09:15:00,aligned,
94baff38-dbfc-4f56-b42d-98836d184f2b,HDFCBANK,2024-06-24T12:42:35.54,2024-06-24T12:42:35.54,2024-06-24T12:42:35.540000,DissemDT,2024-06-24T12:42:35.540000,2024-06-24,2024-06-24T12:43:00,aligned,
b3795e01-2a22-4ca3-adba-2c39427e87aa,RELIANCE,2024-06-21T19:47:17.457,2024-06-21T19:47:17.457,2024-06-21T19:47:17.457000,DissemDT,2024-06-21T19:47:17.457000,2024-06-24,2024-06-24T09:15:00,aligned,
28f0b3ff-72bf-4e05-8ffa-5b87241a5eb2,RELIANCE,2024-06-21T19:35:26.55,2024-06-21T19:35:26.55,2024-06-21T19:35:26.550000,DissemDT,2024-06-21T19:35:26.550000,2024-06-24,2024-06-24T09:15:00,aligned,
7741cd69-10b1-4ea8-b78c-4c67268a345e,RELIANCE,2024-06-21T19:09:47.957,2024-06-21T19:09:47.957,2024-06-21T19:09:47.957000,DissemDT,2024-06-21T19:09:47.957000,2024-06-24,2024-06-24T09:15:00,aligned,
58e2a704-4f7e-4dc1-a665-403cf6fd6e32,RVNL,2024-06-21T15:11:53,2024-06-21T15:11:53,2024-06-21T15:11:53,DissemDT,2024-06-21T15:11:53,2024-06-21,2024-06-21T15:12:00,aligned,
7c58cbc0-452d-4f4f-bcbb-0f217291a7b6,HDFCBANK,2024-06-21T14:08:07,2024-06-21T14:08:07,2024-06-21T14:08:07,DissemDT,2024-06-21T14:08:07,2024-06-21,2024-06-21T14:09:00,aligned,
7f5867a3-2b58-46b0-983f-e217c72c0942,HDFCBANK,2024-06-21T13:24:33.023,2024-06-21T13:24:33.023,2024-06-21T13:24:33.023000,DissemDT,2024-06-21T13:24:33.023000,2024-06-21,2024-06-21T13:25:00,aligned,
343377f2-4962-4c40-be33-68ca5184fc2f,HDFCBANK,2024-06-20T19:02:09.97,2024-06-20T19:02:09.97,2024-06-20T19:02:09.970000,DissemDT,2024-06-20T19:02:09.970000,2024-06-21,2024-06-21T09:15:00,aligned,
64cd1981-cee6-4a30-92c2-4a8637387f8c,HDFCBANK,2024-06-20T18:56:35.68,2024-06-20T18:56:35.68,2024-06-20T18:56:35.680000,DissemDT,2024-06-20T18:56:35.680000,2024-06-21,2024-06-21T09:15:00,aligned,
f692937a-9aa8-4fa6-b541-22139f5af4af,RELIANCE,2024-06-20T17:08:31.577,2024-06-20T17:08:31.577,2024-06-20T17:08:31.577000,DissemDT,2024-06-20T17:08:31.577000,2024-06-21,2024-06-21T09:15:00,aligned,
3a4c6dab-c818-4388-8d72-5bc68ea35b75,NYKAA,2024-06-20T14:29:39.23,2024-06-20T14:29:39.23,2024-06-20T14:29:39.230000,DissemDT,2024-06-20T14:29:39.230000,2024-06-20,2024-06-20T14:30:00,aligned,
bbb1616d-3f40-4d88-85ac-11d9578c7a88,HDFCBANK,2024-06-19T18:18:53.28,2024-06-19T18:18:53.28,2024-06-19T18:18:53.280000,DissemDT,2024-06-19T18:18:53.280000,2024-06-20,2024-06-20T09:15:00,aligned,
66cf3414-2452-45ba-8c78-4648a30abb98,RELIANCE,2024-06-19T16:38:05.127,2024-06-19T16:38:05.127,2024-06-19T16:38:05.127000,DissemDT,2024-06-19T16:38:05.127000,2024-06-20,2024-06-20T09:15:00,aligned,
0c3b826f-3ecc-4539-8b73-83fdea217256,HAL,2024-06-19T11:58:33.59,2024-06-19T11:58:33.59,2024-06-19T11:58:33.590000,DissemDT,2024-06-19T11:58:33.590000,2024-06-19,2024-06-19T11:59:00,aligned,
c3b068ad-3f58-47f8-9dbb-4fcfe2f96f62,HAL,2024-06-19T11:49:51.017,2024-06-19T11:49:51.017,2024-06-19T11:49:51.017000,DissemDT,2024-06-19T11:49:51.017000,2024-06-19,2024-06-19T11:50:00,aligned,
57556d85-c608-441e-873e-0f1af6ea42aa,RELIANCE,2024-06-18T17:26:00.1,2024-06-18T17:26:00.1,2024-06-18T17:26:00.100000,DissemDT,2024-06-18T17:26:00.100000,2024-06-19,2024-06-19T09:15:00,aligned,
ac2fbbeb-af68-43d1-b5b6-934d8c6ecac5,HDFCBANK,2024-06-18T14:25:32.93,2024-06-18T14:25:32.93,2024-06-18T14:25:32.930000,DissemDT,2024-06-18T14:25:32.930000,2024-06-18,2024-06-18T14:26:00,aligned,
46fc507e-e6ab-4850-95ec-20883659e0f7,NYKAA,2024-06-17T16:48:07.337,2024-06-17T16:48:07.337,2024-06-17T16:48:07.337000,DissemDT,2024-06-17T16:48:07.337000,2024-06-18,2024-06-18T09:15:00,aligned,
50c6e991-da79-4baf-b931-d73b6fdec67b,HAL,2024-06-17T15:09:57.483,2024-06-17T15:09:57.483,2024-06-17T15:09:57.483000,DissemDT,2024-06-17T15:09:57.483000,2024-06-18,2024-06-18T09:15:00,aligned,
5c866858-6cff-47bb-9488-3cfc41c7a2c3,HAL,2024-06-17T15:06:56.513,2024-06-17T15:06:56.513,2024-06-17T15:06:56.513000,DissemDT,2024-06-17T15:06:56.513000,2024-06-18,2024-06-18T09:15:00,aligned,
d3d2c4e4-2d26-484b-90cd-1df7f0bd4659,HDFCBANK,2024-06-14T20:49:27.523,2024-06-14T20:49:27.523,2024-06-14T20:49:27.523000,DissemDT,2024-06-14T20:49:27.523000,2024-06-18,2024-06-18T09:15:00,aligned,
924707b5-cdbd-4ae2-a64a-364915081ef2,RELIANCE,2024-06-14T19:07:08.29,2024-06-14T19:07:08.29,2024-06-14T19:07:08.290000,DissemDT,2024-06-14T19:07:08.290000,2024-06-18,2024-06-18T09:15:00,aligned,
04a6d0e9-dfee-4013-9bc8-88476db990ee,RVNL,2024-06-14T17:53:12.92,2024-06-14T17:53:12.92,2024-06-14T17:53:12.920000,DissemDT,2024-06-14T17:53:12.920000,2024-06-18,2024-06-18T09:15:00,aligned,
c9a352b1-65b8-44ea-aed5-929a03903da9,NYKAA,2024-06-14T11:24:07.097,2024-06-14T11:24:07.097,2024-06-14T11:24:07.097000,DissemDT,2024-06-14T11:24:07.097000,2024-06-14,2024-06-14T11:25:00,aligned,
918fe2a5-26f9-4071-8e5d-4c43dd4ce20a,NYKAA,2024-06-14T09:23:09.013,2024-06-14T09:23:09.013,2024-06-14T09:23:09.013000,DissemDT,2024-06-14T09:23:09.013000,2024-06-14,2024-06-14T09:24:00,aligned,
a341130a-5ea4-4ba8-9cd2-38db8be60baf,NYKAA,2024-06-14T08:35:39.083,2024-06-14T08:35:39.083,2024-06-14T08:35:39.083000,DissemDT,2024-06-14T08:35:39.083000,2024-06-14,2024-06-14T09:15:00,aligned,
fd055b12-5ec4-48be-8eee-09b865618d29,RELIANCE,2024-06-13T22:12:29.477,2024-06-13T22:12:29.477,2024-06-13T22:12:29.477000,DissemDT,2024-06-13T22:12:29.477000,2024-06-14,2024-06-14T09:15:00,aligned,
7fcddbe9-8e22-45f6-8f2a-3077f1276b2b,RELIANCE,2024-06-13T19:47:42.753,2024-06-13T19:47:42.753,2024-06-13T19:47:42.753000,DissemDT,2024-06-13T19:47:42.753000,2024-06-14,2024-06-14T09:15:00,aligned,
aa6a162a-ce07-4d22-87ec-90a556b4bd82,RELIANCE,2024-06-13T16:53:15.927,2024-06-13T16:53:15.927,2024-06-13T16:53:15.927000,DissemDT,2024-06-13T16:53:15.927000,2024-06-14,2024-06-14T09:15:00,aligned,
dc605215-98e8-474c-8b23-83f9dd210ab2,RELIANCE,2024-06-12T17:01:57.043,2024-06-12T17:01:57.043,2024-06-12T17:01:57.043000,DissemDT,2024-06-12T17:01:57.043000,2024-06-13,2024-06-13T09:15:00,aligned,
0c0407c2-f662-4ab0-bc65-0d8fb65c8719,NYKAA,2024-06-12T11:55:13.287,2024-06-12T11:55:13.287,2024-06-12T11:55:13.287000,DissemDT,2024-06-12T11:55:13.287000,2024-06-12,2024-06-12T11:56:00,aligned,
b2b1924c-0413-46ad-88d9-63f4bdbfff52,NYKAA,2024-06-12T09:01:52.72,2024-06-12T09:01:52.72,2024-06-12T09:01:52.720000,DissemDT,2024-06-12T09:01:52.720000,2024-06-12,2024-06-12T09:15:00,aligned,
c34817b7-7b07-41b2-8ec3-cfe5a1b0a6d4,RELIANCE,2024-06-11T23:35:49.43,2024-06-11T23:35:49.43,2024-06-11T23:35:49.430000,DissemDT,2024-06-11T23:35:49.430000,2024-06-12,2024-06-12T09:15:00,aligned,
5ce95898-23bb-47a5-9a27-e4178afa2fdb,RELIANCE,2024-06-11T18:36:39.98,2024-06-11T18:36:39.98,2024-06-11T18:36:39.980000,DissemDT,2024-06-11T18:36:39.980000,2024-06-12,2024-06-12T09:15:00,aligned,
b107f40e-0ac4-49c3-9e03-4e1ba95c289b,RELIANCE,2024-06-11T18:23:27.703,2024-06-11T18:23:27.703,2024-06-11T18:23:27.703000,DissemDT,2024-06-11T18:23:27.703000,2024-06-12,2024-06-12T09:15:00,aligned,
c91159e1-09b5-455c-97be-d77b8f038c7e,RELIANCE,2024-06-10T23:15:49.547,2024-06-10T23:15:49.547,2024-06-10T23:15:49.547000,DissemDT,2024-06-10T23:15:49.547000,2024-06-11,2024-06-11T09:15:00,aligned,
b6e77f53-c3a4-4e22-b3cb-c83b9b43e448,HDFCBANK,2024-06-10T21:56:07.317,2024-06-10T21:56:07.317,2024-06-10T21:56:07.317000,DissemDT,2024-06-10T21:56:07.317000,2024-06-11,2024-06-11T09:15:00,aligned,
b5d77f2d-476d-4eb6-aefa-c7e59b813ebd,RELIANCE,2024-06-10T19:25:46.003,2024-06-10T19:25:46.003,2024-06-10T19:25:46.003000,DissemDT,2024-06-10T19:25:46.003000,2024-06-11,2024-06-11T09:15:00,aligned,
538b54ef-bb3b-4d1d-a8e1-556a324ba581,RVNL,2024-06-10T18:16:30.45,2024-06-10T18:16:30.45,2024-06-10T18:16:30.450000,DissemDT,2024-06-10T18:16:30.450000,2024-06-11,2024-06-11T09:15:00,aligned,
93c3ac39-b006-40bb-bd1f-e16edbd179cd,RVNL,2024-06-10T17:52:08.023,2024-06-10T17:52:08.023,2024-06-10T17:52:08.023000,DissemDT,2024-06-10T17:52:08.023000,2024-06-11,2024-06-11T09:15:00,aligned,
21b41937-9165-4937-bd77-84e12ef6f77f,HDFCBANK,2024-06-10T16:02:11.257,2024-06-10T16:02:11.257,2024-06-10T16:02:11.257000,DissemDT,2024-06-10T16:02:11.257000,2024-06-11,2024-06-11T09:15:00,aligned,
6f156d58-a8bd-4b50-b5e1-4c59b2483a01,HAL,2024-06-10T11:35:31.163,2024-06-10T11:35:31.163,2024-06-10T11:35:31.163000,DissemDT,2024-06-10T11:35:31.163000,2024-06-10,2024-06-10T11:36:00,aligned,
395f10cc-265b-4e6a-8468-593618a79eac,HDFCBANK,2024-06-07T20:42:37.153,2024-06-07T20:42:37.153,2024-06-07T20:42:37.153000,DissemDT,2024-06-07T20:42:37.153000,2024-06-10,2024-06-10T09:15:00,aligned,
89f68526-dc51-40ab-986e-1c160defd2d0,RVNL,2024-06-07T18:38:07.83,2024-06-07T18:38:07.83,2024-06-07T18:38:07.830000,DissemDT,2024-06-07T18:38:07.830000,2024-06-10,2024-06-10T09:15:00,aligned,
de10a47d-df8a-4791-9c1c-be1ca424d836,RELIANCE,2024-06-07T18:37:26.437,2024-06-07T18:37:26.437,2024-06-07T18:37:26.437000,DissemDT,2024-06-07T18:37:26.437000,2024-06-10,2024-06-10T09:15:00,aligned,
4d919e04-8a3f-49c5-b60e-11aff4bbe3d4,RVNL,2024-06-07T18:22:53.277,2024-06-07T18:22:53.277,2024-06-07T18:22:53.277000,DissemDT,2024-06-07T18:22:53.277000,2024-06-10,2024-06-10T09:15:00,aligned,
aa1f5654-8d79-4494-863f-969adfe52766,HDFCBANK,2024-06-07T11:48:19.767,2024-06-07T11:48:19.767,2024-06-07T11:48:19.767000,DissemDT,2024-06-07T11:48:19.767000,2024-06-07,2024-06-07T11:49:00,aligned,
9edf90de-51ad-499c-a005-8ee0491a0259,NYKAA,2024-06-06T22:05:23.08,2024-06-06T22:05:23.08,2024-06-06T22:05:23.080000,DissemDT,2024-06-06T22:05:23.080000,2024-06-07,2024-06-07T09:15:00,aligned,
f823bcf2-b68d-465c-97ef-e379e5326861,RVNL,2024-06-06T17:01:35.98,2024-06-06T17:01:35.98,2024-06-06T17:01:35.980000,DissemDT,2024-06-06T17:01:35.980000,2024-06-07,2024-06-07T09:15:00,aligned,
b7440907-3578-4d37-8a4f-e6398ee852c5,RELIANCE,2024-06-06T16:40:29.323,2024-06-06T16:40:29.323,2024-06-06T16:40:29.323000,DissemDT,2024-06-06T16:40:29.323000,2024-06-07,2024-06-07T09:15:00,aligned,
27bc5a33-fd5d-4e96-973f-fcc6999cdc8b,HDFCBANK,2024-06-06T16:31:37.743,2024-06-06T16:31:37.743,2024-06-06T16:31:37.743000,DissemDT,2024-06-06T16:31:37.743000,2024-06-07,2024-06-07T09:15:00,aligned,
0d7b5863-8c59-4da5-9ad5-4153b4c07b2d,RELIANCE,2024-06-05T19:39:05.403,2024-06-05T19:39:05.403,2024-06-05T19:39:05.403000,DissemDT,2024-06-05T19:39:05.403000,2024-06-06,2024-06-06T09:15:00,aligned,
c7fe53f2-7c7c-4299-bce1-f19b52a9f854,RELIANCE,2024-06-05T19:26:40.237,2024-06-05T19:26:40.237,2024-06-05T19:26:40.237000,DissemDT,2024-06-05T19:26:40.237000,2024-06-06,2024-06-06T09:15:00,aligned,
48fc7f0a-2374-4d3f-a8a6-62daf08287f3,RELIANCE,2024-06-05T17:05:22.503,2024-06-05T17:05:22.503,2024-06-05T17:05:22.503000,DissemDT,2024-06-05T17:05:22.503000,2024-06-06,2024-06-06T09:15:00,aligned,
6f6d858f-e968-452b-ab2c-83a28d49bfbe,HAL,2024-06-05T16:10:43.087,2024-06-05T16:10:43.087,2024-06-05T16:10:43.087000,DissemDT,2024-06-05T16:10:43.087000,2024-06-06,2024-06-06T09:15:00,aligned,
f1a373f3-4f31-442d-996e-1fb762b078cd,HAL,2024-06-05T16:07:06.327,2024-06-05T16:07:06.327,2024-06-05T16:07:06.327000,DissemDT,2024-06-05T16:07:06.327000,2024-06-06,2024-06-06T09:15:00,aligned,
812b507d-bad2-4a78-b85e-6d6f42f8afe2,RVNL,2024-06-05T15:32:48.433,2024-06-05T15:32:48.433,2024-06-05T15:32:48.433000,DissemDT,2024-06-05T15:32:48.433000,2024-06-06,2024-06-06T09:15:00,aligned,
28d9b55c-69fe-4706-8752-4037dfad9cfb,RVNL,2024-06-05T15:28:00.98,2024-06-05T15:28:00.98,2024-06-05T15:28:00.980000,DissemDT,2024-06-05T15:28:00.980000,2024-06-05,2024-06-05T15:29:00,aligned,
9040c4bb-fc8b-4c37-8ffa-62aac7188b96,RELIANCE,2024-06-04T17:56:02.64,2024-06-04T17:56:02.64,2024-06-04T17:56:02.640000,DissemDT,2024-06-04T17:56:02.640000,2024-06-05,2024-06-05T09:15:00,aligned,
0d11622f-f700-4045-b2f2-a04a91d3ea8d,RELIANCE,2024-06-04T17:43:26.197,2024-06-04T17:43:26.197,2024-06-04T17:43:26.197000,DissemDT,2024-06-04T17:43:26.197000,2024-06-05,2024-06-05T09:15:00,aligned,
32efe8e7-e343-449b-a1f1-7d16a83d271b,HAL,2024-06-04T16:14:51.42,2024-06-04T16:14:51.417,2024-06-04T16:14:51.420000,DissemDT,2024-06-04T16:14:51.420000,2024-06-05,2024-06-05T09:15:00,aligned,
1321dc50-dbe5-4268-b6c4-dbabfaa0d906,HDFCBANK,2024-06-04T14:24:15.057,2024-06-04T14:24:15.057,2024-06-04T14:24:15.057000,DissemDT,2024-06-04T14:24:15.057000,2024-06-04,2024-06-04T14:25:00,aligned,
ff279ade-7b09-42a1-959b-52f925d679bf,RELIANCE,2024-06-04T09:00:52.11,2024-06-04T09:00:52.11,2024-06-04T09:00:52.110000,DissemDT,2024-06-04T09:00:52.110000,2024-06-04,2024-06-04T09:15:00,aligned,
a0fd1b6e-59ea-4f96-acbe-bd3e3593f014,RELIANCE,2024-06-03T19:26:48.5,2024-06-03T19:26:48.5,2024-06-03T19:26:48.500000,DissemDT,2024-06-03T19:26:48.500000,2024-06-04,2024-06-04T09:15:00,aligned,
5ba7d632-cab0-41a8-b9cf-6c0afbb2f778,RVNL,2024-06-03T18:32:14.38,2024-06-03T18:32:14.38,2024-06-03T18:32:14.380000,DissemDT,2024-06-03T18:32:14.380000,2024-06-04,2024-06-04T09:15:00,aligned,
e981f28f-8ba4-44db-b351-7612d30b57f8,NYKAA,2024-06-03T17:29:05.097,2024-06-03T17:29:05.097,2024-06-03T17:29:05.097000,DissemDT,2024-06-03T17:29:05.097000,2024-06-04,2024-06-04T09:15:00,aligned,
22036e0b-93d7-4c01-ae0d-094120f79ef6,RELIANCE,2024-05-31T19:24:29.14,2024-05-31T19:24:29.14,2024-05-31T19:24:29.140000,DissemDT,2024-05-31T19:24:29.140000,2024-06-03,2024-06-03T09:15:00,aligned,
a7371f7b-3841-422e-b9ae-23ad1b391b35,NYKAA,2024-05-31T12:39:54.19,2024-05-31T12:39:54.19,2024-05-31T12:39:54.190000,DissemDT,2024-05-31T12:39:54.190000,2024-05-31,2024-05-31T12:40:00,aligned,
896e4c49-56a9-4315-889f-6e507929d4a3,HDFCBANK,2024-05-30T23:19:45.6,2024-05-30T23:19:45.6,2024-05-30T23:19:45.600000,DissemDT,2024-05-30T23:19:45.600000,2024-05-31,2024-05-31T09:15:00,aligned,
5bafccb0-dbc4-49b8-918f-8f392a978b14,NYKAA,2024-05-30T19:25:01.453,2024-05-30T19:25:01.453,2024-05-30T19:25:01.453000,DissemDT,2024-05-30T19:25:01.453000,2024-05-31,2024-05-31T09:15:00,aligned,
9d8241e4-811c-47ef-abd0-b47273ee0a69,HDFCBANK,2024-05-30T16:50:57.79,2024-05-30T16:50:57.79,2024-05-30T16:50:57.790000,DissemDT,2024-05-30T16:50:57.790000,2024-05-31,2024-05-31T09:15:00,aligned,
793877fe-e87e-4e3d-9176-578bf8ef1855,RELIANCE,2024-05-30T16:46:18.48,2024-05-30T16:46:18.48,2024-05-30T16:46:18.480000,DissemDT,2024-05-30T16:46:18.480000,2024-05-31,2024-05-31T09:15:00,aligned,
1ac3ffa1-1182-4d8f-befd-22c9e1af032a,RELIANCE,2024-05-29T19:34:09.92,2024-05-29T19:34:09.92,2024-05-29T19:34:09.920000,DissemDT,2024-05-29T19:34:09.920000,2024-05-30,2024-05-30T09:15:00,aligned,
472bab10-58f7-41e0-bcac-e04fb44a37bd,RELIANCE,2024-05-29T18:52:14.82,2024-05-29T18:52:14.82,2024-05-29T18:52:14.820000,DissemDT,2024-05-29T18:52:14.820000,2024-05-30,2024-05-30T09:15:00,aligned,
dc679bc1-44af-4c8c-90ac-9127d9ec499c,RELIANCE,2024-05-29T18:39:06.743,2024-05-29T18:39:06.743,2024-05-29T18:39:06.743000,DissemDT,2024-05-29T18:39:06.743000,2024-05-30,2024-05-30T09:15:00,aligned,
0d5dc40e-a01e-48a5-b517-fc8d68ffc336,RVNL,2024-05-29T18:36:19.223,2024-05-29T18:36:19.223,2024-05-29T18:36:19.223000,DissemDT,2024-05-29T18:36:19.223000,2024-05-30,2024-05-30T09:15:00,aligned,
5ede0c6b-6f31-4115-888e-8d909c6a3895,RELIANCE,2024-05-29T16:43:43.077,2024-05-29T16:43:43.077,2024-05-29T16:43:43.077000,DissemDT,2024-05-29T16:43:43.077000,2024-05-30,2024-05-30T09:15:00,aligned,
dcaa6155-7fb8-412c-b47f-f43e4a1c2010,HAL,2024-05-29T15:14:02.52,2024-05-29T15:14:02.52,2024-05-29T15:14:02.520000,DissemDT,2024-05-29T15:14:02.520000,2024-05-29,2024-05-29T15:15:00,aligned,
e3124e1b-f4d3-442a-bfb9-9f41127d5e1b,HAL,2024-05-29T14:41:45.277,2024-05-29T14:41:45.277,2024-05-29T14:41:45.277000,DissemDT,2024-05-29T14:41:45.277000,2024-05-29,2024-05-29T14:42:00,aligned,
4a899c62-a1c3-4edc-8340-10093f421871,HDFCBANK,2024-05-29T11:53:06.277,2024-05-29T11:53:06.277,2024-05-29T11:53:06.277000,DissemDT,2024-05-29T11:53:06.277000,2024-05-29,2024-05-29T11:54:00,aligned,
a664f44f-164b-43a0-b000-0016e76eb795,RELIANCE,2024-05-28T17:07:22.957,2024-05-28T17:07:22.957,2024-05-28T17:07:22.957000,DissemDT,2024-05-28T17:07:22.957000,2024-05-29,2024-05-29T09:15:00,aligned,
9660a8d4-9d01-4a3a-aa43-03d2c70e967b,RELIANCE,2024-05-28T16:55:57.68,2024-05-28T16:55:57.68,2024-05-28T16:55:57.680000,DissemDT,2024-05-28T16:55:57.680000,2024-05-29,2024-05-29T09:15:00,aligned,
b8a0bc6e-099c-42dc-922b-a8869154ad67,RVNL,2024-05-28T14:03:08.007,2024-05-28T14:03:08.007,2024-05-28T14:03:08.007000,DissemDT,2024-05-28T14:03:08.007000,2024-05-28,2024-05-28T14:04:00,aligned,
811b4209-d513-484f-af90-063c2dcee62a,HDFCBANK,2024-05-28T11:39:06.19,2024-05-28T11:39:06.19,2024-05-28T11:39:06.190000,DissemDT,2024-05-28T11:39:06.190000,2024-05-28,2024-05-28T11:40:00,aligned,
a28f2b6e-5304-4ad4-9e08-262166390576,RELIANCE,2024-05-27T22:38:55.893,2024-05-27T22:38:55.893,2024-05-27T22:38:55.893000,DissemDT,2024-05-27T22:38:55.893000,2024-05-28,2024-05-28T09:15:00,aligned,
50515bab-febc-47a4-9777-49b6aea983b8,NYKAA,2024-05-27T21:45:17.433,2024-05-27T21:45:17.433,2024-05-27T21:45:17.433000,DissemDT,2024-05-27T21:45:17.433000,2024-05-28,2024-05-28T09:15:00,aligned,
3bab342c-ed14-440e-a5e3-bfdab39e33be,RVNL,2024-05-27T18:15:15.51,2024-05-27T18:15:15.51,2024-05-27T18:15:15.510000,DissemDT,2024-05-27T18:15:15.510000,2024-05-28,2024-05-28T09:15:00,aligned,
10cc79dd-6128-4cd3-849e-4fa2b9d5fbe9,HDFCBANK,2024-05-27T17:04:03.157,2024-05-27T17:04:03.157,2024-05-27T17:04:03.157000,DissemDT,2024-05-27T17:04:03.157000,2024-05-28,2024-05-28T09:15:00,aligned,
572474f9-6a66-46d8-af84-b8dc73a6603f,NYKAA,2024-05-27T15:01:49.55,2024-05-27T15:01:49.55,2024-05-27T15:01:49.550000,DissemDT,2024-05-27T15:01:49.550000,2024-05-27,2024-05-27T15:02:00,aligned,
ad813718-9ea9-4f61-882b-dba5614117d8,NYKAA,2024-05-27T09:56:09.007,2024-05-27T09:56:09.007,2024-05-27T09:56:09.007000,DissemDT,2024-05-27T09:56:09.007000,2024-05-27,2024-05-27T09:57:00,aligned,
849624b7-6769-4c55-8a4b-9a4fa8486553,HDFCBANK,2024-05-24T20:20:47.407,2024-05-24T20:20:47.407,2024-05-24T20:20:47.407000,DissemDT,2024-05-24T20:20:47.407000,2024-05-27,2024-05-27T09:15:00,aligned,
7aad0eec-7265-4888-9a99-e96ef656008e,RELIANCE,2024-05-24T19:01:56.657,2024-05-24T19:01:56.657,2024-05-24T19:01:56.657000,DissemDT,2024-05-24T19:01:56.657000,2024-05-27,2024-05-27T09:15:00,aligned,
654ad889-1b63-4a82-9d61-5ac96d32bb03,RVNL,2024-05-24T18:42:05.133,2024-05-24T18:42:05.133,2024-05-24T18:42:05.133000,DissemDT,2024-05-24T18:42:05.133000,2024-05-27,2024-05-27T09:15:00,aligned,
5ee09ebc-8f4b-4168-a477-915f1edbb8bd,RELIANCE,2024-05-24T18:37:06.19,2024-05-24T18:37:06.19,2024-05-24T18:37:06.190000,DissemDT,2024-05-24T18:37:06.190000,2024-05-27,2024-05-27T09:15:00,aligned,
2d65e11f-1bbf-4485-9d7f-30990a80e7d9,NYKAA,2024-05-24T18:07:01.24,2024-05-24T18:07:01.24,2024-05-24T18:07:01.240000,DissemDT,2024-05-24T18:07:01.240000,2024-05-27,2024-05-27T09:15:00,aligned,
45e13969-712c-462e-b004-911fe00b42d2,RELIANCE,2024-05-23T18:17:42.447,2024-05-23T18:17:42.447,2024-05-23T18:17:42.447000,DissemDT,2024-05-23T18:17:42.447000,2024-05-24,2024-05-24T09:15:00,aligned,
3b3333cc-870d-4935-b5b0-c75615d238f6,HAL,2024-05-23T18:06:45.03,2024-05-23T18:06:45.03,2024-05-23T18:06:45.030000,DissemDT,2024-05-23T18:06:45.030000,2024-05-24,2024-05-24T09:15:00,aligned,
9d332352-7821-432a-a588-203b2357109d,RVNL,2024-05-23T12:17:03.993,2024-05-23T12:17:03.993,2024-05-23T12:17:03.993000,DissemDT,2024-05-23T12:17:03.993000,2024-05-23,2024-05-23T12:18:00,aligned,
d2f0dea4-a94e-4a0d-a7ee-2708531f71e5,HAL,2024-05-23T10:50:16.497,2024-05-23T10:50:16.497,2024-05-23T10:50:16.497000,DissemDT,2024-05-23T10:50:16.497000,2024-05-23,2024-05-23T10:51:00,aligned,
0bfdaa73-dfd8-473e-bde9-07bcf92341ca,NYKAA,2024-05-22T20:18:09.85,2024-05-22T20:18:09.85,2024-05-22T20:18:09.850000,DissemDT,2024-05-22T20:18:09.850000,2024-05-23,2024-05-23T09:15:00,aligned,
b4415d09-7cda-45db-a946-1d08e1838cb5,RVNL,2024-05-22T18:45:11.753,2024-05-22T18:45:11.753,2024-05-22T18:45:11.753000,DissemDT,2024-05-22T18:45:11.753000,2024-05-23,2024-05-23T09:15:00,aligned,
985e11de-a036-44fa-bc8a-9996ff8ad17f,RELIANCE,2024-05-22T18:09:01.5,2024-05-22T18:09:01.5,2024-05-22T18:09:01.500000,DissemDT,2024-05-22T18:09:01.500000,2024-05-23,2024-05-23T09:15:00,aligned,
a77e00ef-7300-4ec8-b79a-2a3d904bbac1,NYKAA,2024-05-22T17:25:28.15,2024-05-22T17:25:28.15,2024-05-22T17:25:28.150000,DissemDT,2024-05-22T17:25:28.150000,2024-05-23,2024-05-23T09:15:00,aligned,
23951cab-bc0f-4a2f-986b-da927d179412,RELIANCE,2024-05-22T16:52:48.053,2024-05-22T16:52:48.053,2024-05-22T16:52:48.053000,DissemDT,2024-05-22T16:52:48.053000,2024-05-23,2024-05-23T09:15:00,aligned,
6a98ae37-332a-43aa-9bbe-bc8e746f2dd7,NYKAA,2024-05-22T16:32:08.71,2024-05-22T16:32:08.71,2024-05-22T16:32:08.710000,DissemDT,2024-05-22T16:32:08.710000,2024-05-23,2024-05-23T09:15:00,aligned,
b47973bf-8eff-456f-9da9-0c1c6becc897,NYKAA,2024-05-22T16:26:53.81,2024-05-22T16:26:53.81,2024-05-22T16:26:53.810000,DissemDT,2024-05-22T16:26:53.810000,2024-05-23,2024-05-23T09:15:00,aligned,
37225493-6ace-4d93-85de-cc4e25d1fd03,NYKAA,2024-05-22T16:23:21.423,2024-05-22T16:23:21.423,2024-05-22T16:23:21.423000,DissemDT,2024-05-22T16:23:21.423000,2024-05-23,2024-05-23T09:15:00,aligned,
2b511ff4-e61d-4781-bf4f-5299236a000d,NYKAA,2024-05-22T16:18:51.503,2024-05-22T16:18:51.503,2024-05-22T16:18:51.503000,DissemDT,2024-05-22T16:18:51.503000,2024-05-23,2024-05-23T09:15:00,aligned,
61151568-c500-43b3-b663-caa7faf2113d,NYKAA,2024-05-22T16:10:04.84,2024-05-22T16:10:04.84,2024-05-22T16:10:04.840000,DissemDT,2024-05-22T16:10:04.840000,2024-05-23,2024-05-23T09:15:00,aligned,
d1f10213-df2f-464e-9916-24c1bae4b893,HDFCBANK,2024-05-22T13:52:32.01,2024-05-22T13:52:32.01,2024-05-22T13:52:32.010000,DissemDT,2024-05-22T13:52:32.010000,2024-05-22,2024-05-22T13:53:00,aligned,
29825614-77dc-4fe0-b15c-852f8d427b06,RELIANCE,2024-05-21T18:45:17.303,2024-05-21T18:45:17.303,2024-05-21T18:45:17.303000,DissemDT,2024-05-21T18:45:17.303000,2024-05-22,2024-05-22T09:15:00,aligned,
4b8effdd-3262-4df0-b570-733eff6c40bb,RELIANCE,2024-05-21T18:19:16.517,2024-05-21T18:19:16.517,2024-05-21T18:19:16.517000,DissemDT,2024-05-21T18:19:16.517000,2024-05-22,2024-05-22T09:15:00,aligned,
ed735e3b-61fb-44bb-919a-89d34e39950c,HDFCBANK,2024-05-21T17:08:22.203,2024-05-21T17:08:22.203,2024-05-21T17:08:22.203000,DissemDT,2024-05-21T17:08:22.203000,2024-05-22,2024-05-22T09:15:00,aligned,
53f825e2-8858-4cf4-9192-1e5cd6bf799c,RELIANCE,2024-05-21T16:57:04.42,2024-05-21T16:57:04.42,2024-05-21T16:57:04.420000,DissemDT,2024-05-21T16:57:04.420000,2024-05-22,2024-05-22T09:15:00,aligned,
32458b0e-5062-4706-8488-6314d6c24073,HDFCBANK,2024-05-21T14:06:15.46,2024-05-21T14:06:15.46,2024-05-21T14:06:15.460000,DissemDT,2024-05-21T14:06:15.460000,2024-05-21,2024-05-21T14:07:00,aligned,
9f78a7a7-eb77-46ec-9db9-2c305ab739c7,NYKAA,2024-05-20T21:20:59.693,2024-05-20T21:20:59.693,2024-05-20T21:20:59.693000,DissemDT,2024-05-20T21:20:59.693000,2024-05-21,2024-05-21T09:15:00,aligned,
b5d4c482-7202-4fc0-9d2c-a38113c434e0,RELIANCE,2024-05-20T18:03:48.3,2024-05-20T18:03:48.3,2024-05-20T18:03:48.300000,DissemDT,2024-05-20T18:03:48.300000,2024-05-21,2024-05-21T09:15:00,aligned,
065ac358-d56b-4a72-8539-c6bd3325ee98,RVNL,2024-05-20T17:48:52.587,2024-05-20T17:48:52.587,2024-05-20T17:48:52.587000,DissemDT,2024-05-20T17:48:52.587000,2024-05-21,2024-05-21T09:15:00,aligned,
f8d55b61-349d-4ba4-a82e-406b1d3099c5,RVNL,2024-05-20T15:22:17.523,2024-05-20T15:22:17.523,2024-05-20T15:22:17.523000,DissemDT,2024-05-20T15:22:17.523000,2024-05-21,2024-05-21T09:15:00,aligned,
06ee61cb-d28f-4097-8194-723fd92510c7,HDFCBANK,2024-05-19T20:38:17.61,2024-05-19T20:38:17.61,2024-05-19T20:38:17.610000,DissemDT,2024-05-19T20:38:17.610000,2024-05-21,2024-05-21T09:15:00,aligned,
9c2ebc97-f51c-43a3-87fa-bc49808da0b2,RVNL,2024-05-18T12:35:53.343,2024-05-18T12:35:53.343,2024-05-18T12:35:53.343000,DissemDT,2024-05-18T12:35:53.343000,2024-05-21,2024-05-21T09:15:00,aligned,
bbea272e-b3e4-4238-bc52-dd100afb2729,HDFCBANK,2024-05-18T00:40:35.95,2024-05-18T00:40:35.95,2024-05-18T00:40:35.950000,DissemDT,2024-05-18T00:40:35.950000,2024-05-18,2024-05-18T09:15:00,aligned,
c51fb1f6-e47b-45ba-93c9-d1e108207361,RVNL,2024-05-17T20:38:59.633,2024-05-17T20:38:59.633,2024-05-17T20:38:59.633000,DissemDT,2024-05-17T20:38:59.633000,2024-05-18,2024-05-18T09:15:00,aligned,
4272f9b9-bf8c-4913-9a90-3dbd0af26d30,RELIANCE,2024-05-17T19:45:20.677,2024-05-17T19:45:20.677,2024-05-17T19:45:20.677000,DissemDT,2024-05-17T19:45:20.677000,2024-05-18,2024-05-18T09:15:00,aligned,
bcdb9caf-27ec-4a09-a724-8339fc19c97b,HDFCBANK,2024-05-17T19:43:42.847,2024-05-17T19:43:42.847,2024-05-17T19:43:42.847000,DissemDT,2024-05-17T19:43:42.847000,2024-05-18,2024-05-18T09:15:00,aligned,
7b4017c4-9327-4f88-903e-d03ba95dd176,HAL,2024-05-17T18:17:03.74,2024-05-17T18:17:03.74,2024-05-17T18:17:03.740000,DissemDT,2024-05-17T18:17:03.740000,2024-05-18,2024-05-18T09:15:00,aligned,
c1ed4c91-bcf3-4950-beed-5882a57c1b4d,RVNL,2024-05-17T17:07:19.28,2024-05-17T17:07:19.28,2024-05-17T17:07:19.280000,DissemDT,2024-05-17T17:07:19.280000,2024-05-18,2024-05-18T09:15:00,aligned,
c57020b1-334e-4289-90cd-70467a426068,RVNL,2024-05-17T16:58:46.353,2024-05-17T16:58:46.353,2024-05-17T16:58:46.353000,DissemDT,2024-05-17T16:58:46.353000,2024-05-18,2024-05-18T09:15:00,aligned,
d6f44652-033f-4b55-b6b9-5e6828c2a7a6,RVNL,2024-05-17T16:54:56.213,2024-05-17T16:54:56.213,2024-05-17T16:54:56.213000,DissemDT,2024-05-17T16:54:56.213000,2024-05-18,2024-05-18T09:15:00,aligned,
fbbe6de0-7819-4f56-8c46-5a9497596d42,RVNL,2024-05-17T16:49:24.31,2024-05-17T16:49:24.31,2024-05-17T16:49:24.310000,DissemDT,2024-05-17T16:49:24.310000,2024-05-18,2024-05-18T09:15:00,aligned,
30ad83dc-369f-4b2a-ab8b-bc5027f799f5,RELIANCE,2024-05-16T18:33:25.73,2024-05-16T18:33:25.73,2024-05-16T18:33:25.730000,DissemDT,2024-05-16T18:33:25.730000,2024-05-17,2024-05-17T09:15:00,aligned,
d2a03ad3-7fc3-40ac-b54b-e1d8d2ffc6bf,HAL,2024-05-16T14:16:12,2024-05-16T14:16:12,2024-05-16T14:16:12,DissemDT,2024-05-16T14:16:12,2024-05-16,2024-05-16T14:17:00,aligned,
b647e3fb-c41a-42d9-83e3-3093ac98bc02,RELIANCE,2024-05-15T22:43:16.023,2024-05-15T22:43:16.023,2024-05-15T22:43:16.023000,DissemDT,2024-05-15T22:43:16.023000,2024-05-16,2024-05-16T09:15:00,aligned,
d94fabcf-68a6-4093-a572-ae334f7b2ced,RELIANCE,2024-05-15T17:36:04.297,2024-05-15T17:36:04.297,2024-05-15T17:36:04.297000,DissemDT,2024-05-15T17:36:04.297000,2024-05-16,2024-05-16T09:15:00,aligned,
9a24f8a5-b36a-4371-bd2c-22d6dda0c2a9,NYKAA,2024-05-14T18:42:42.167,2024-05-14T18:42:42.167,2024-05-14T18:42:42.167000,DissemDT,2024-05-14T18:42:42.167000,2024-05-15,2024-05-15T09:15:00,aligned,
11f3e029-d748-411d-b11b-3a5af74ea75f,NYKAA,2024-05-14T18:25:22.723,2024-05-14T18:25:22.723,2024-05-14T18:25:22.723000,DissemDT,2024-05-14T18:25:22.723000,2024-05-15,2024-05-15T09:15:00,aligned,
348272f8-803d-4168-b716-23385c9a42af,RELIANCE,2024-05-14T16:20:18.92,2024-05-14T16:20:18.92,2024-05-14T16:20:18.920000,DissemDT,2024-05-14T16:20:18.920000,2024-05-15,2024-05-15T09:15:00,aligned,
17a75ee2-f0f0-42f4-99ce-6a1241776ed2,HDFCBANK,2024-05-14T15:00:22.49,2024-05-14T15:00:22.49,2024-05-14T15:00:22.490000,DissemDT,2024-05-14T15:00:22.490000,2024-05-14,2024-05-14T15:01:00,aligned,
7a605a4d-49c7-4ac9-9762-43f03b82931b,RVNL,2024-05-13T16:50:07.96,2024-05-13T16:50:07.96,2024-05-13T16:50:07.960000,DissemDT,2024-05-13T16:50:07.960000,2024-05-14,2024-05-14T09:15:00,aligned,
0f71ce02-69fe-4eed-a1bc-bcf8bebf895d,HDFCBANK,2024-05-13T16:12:22.337,2024-05-13T16:12:22.337,2024-05-13T16:12:22.337000,DissemDT,2024-05-13T16:12:22.337000,2024-05-14,2024-05-14T09:15:00,aligned,
86b7708b-56fa-4bc3-ab42-7db832e7bf70,RVNL,2024-05-13T14:21:50.713,2024-05-13T14:21:50.713,2024-05-13T14:21:50.713000,DissemDT,2024-05-13T14:21:50.713000,2024-05-13,2024-05-13T14:22:00,aligned,
95598f22-f9c6-4a84-9187-a11e095cfdbc,HAL,2024-05-13T10:33:41.437,2024-05-13T10:33:41.433,2024-05-13T10:33:41.437000,DissemDT,2024-05-13T10:33:41.437000,2024-05-13,2024-05-13T10:34:00,aligned,
e575b0ef-5e93-41ee-a7e5-af3d2c3c4866,NYKAA,2024-05-11T09:51:46.363,2024-05-11T09:51:46.363,2024-05-11T09:51:46.363000,DissemDT,2024-05-11T09:51:46.363000,2024-05-13,2024-05-13T09:15:00,aligned,
cdb1a87a-2346-46f1-8bab-0bd1516d2df5,RELIANCE,2024-05-10T21:19:08.51,2024-05-10T21:19:08.51,2024-05-10T21:19:08.510000,DissemDT,2024-05-10T21:19:08.510000,2024-05-13,2024-05-13T09:15:00,aligned,
1e5226e9-e0a2-481d-a450-eb039306c17d,RVNL,2024-05-10T18:23:25.97,2024-05-10T18:23:25.97,2024-05-10T18:23:25.970000,DissemDT,2024-05-10T18:23:25.970000,2024-05-13,2024-05-13T09:15:00,aligned,
4eb00916-50c1-4232-ba25-21b0004a21a5,NYKAA,2024-05-10T16:58:47.453,2024-05-10T16:58:47.453,2024-05-10T16:58:47.453000,DissemDT,2024-05-10T16:58:47.453000,2024-05-13,2024-05-13T09:15:00,aligned,
cf293f35-ff69-446d-80be-adb422d465ab,RVNL,2024-05-10T13:08:43.92,2024-05-10T13:08:43.92,2024-05-10T13:08:43.920000,DissemDT,2024-05-10T13:08:43.920000,2024-05-10,2024-05-10T13:09:00,aligned,
3c5b27ee-6300-4e81-979d-04fda6a67832,NYKAA,2024-05-10T09:50:30.94,2024-05-10T09:50:30.94,2024-05-10T09:50:30.940000,DissemDT,2024-05-10T09:50:30.940000,2024-05-10,2024-05-10T09:51:00,aligned,
509b5824-306f-48f0-904c-8f2cf27da9fd,RELIANCE,2024-05-09T17:03:08.207,2024-05-09T17:03:08.207,2024-05-09T17:03:08.207000,DissemDT,2024-05-09T17:03:08.207000,2024-05-10,2024-05-10T09:15:00,aligned,
753ea0ed-0c28-4cc4-8217-ef975cd6a417,RVNL,2024-05-09T16:33:11.043,2024-05-09T16:33:11.043,2024-05-09T16:33:11.043000,DissemDT,2024-05-09T16:33:11.043000,2024-05-10,2024-05-10T09:15:00,aligned,
d8fafba3-9baa-4407-ae4a-3871ac4e710a,RELIANCE,2024-05-08T18:37:47.98,2024-05-08T18:37:47.98,2024-05-08T18:37:47.980000,DissemDT,2024-05-08T18:37:47.980000,2024-05-09,2024-05-09T09:15:00,aligned,
df99dfff-caf6-4e09-a7c8-9876744261a5,RVNL,2024-05-08T18:26:33.367,2024-05-08T18:26:33.367,2024-05-08T18:26:33.367000,DissemDT,2024-05-08T18:26:33.367000,2024-05-09,2024-05-09T09:15:00,aligned,
31f30b46-a489-4383-9bff-1edd4a8c9092,RELIANCE,2024-05-08T18:17:03.913,2024-05-08T18:17:03.913,2024-05-08T18:17:03.913000,DissemDT,2024-05-08T18:17:03.913000,2024-05-09,2024-05-09T09:15:00,aligned,
9c4a52c8-8cd7-4542-a21a-d5165d53366d,RELIANCE,2024-05-07T18:02:17.297,2024-05-07T18:02:17.297,2024-05-07T18:02:17.297000,DissemDT,2024-05-07T18:02:17.297000,2024-05-08,2024-05-08T09:15:00,aligned,
1ba89885-0eb0-44cb-ac69-fd3f97700c42,RELIANCE,2024-05-07T17:52:25.94,2024-05-07T17:52:25.94,2024-05-07T17:52:25.940000,DissemDT,2024-05-07T17:52:25.940000,2024-05-08,2024-05-08T09:15:00,aligned,
2c0a9865-9365-4037-b71c-c1c720237d7d,HDFCBANK,2024-05-06T17:07:13.513,2024-05-06T17:07:13.513,2024-05-06T17:07:13.513000,DissemDT,2024-05-06T17:07:13.513000,2024-05-07,2024-05-07T09:15:00,aligned,
ac6124fc-997b-4887-95f3-74e53a2e974d,HDFCBANK,2024-05-06T16:37:49.257,2024-05-06T16:37:49.257,2024-05-06T16:37:49.257000,DissemDT,2024-05-06T16:37:49.257000,2024-05-07,2024-05-07T09:15:00,aligned,
aeaa50e6-b299-4145-b486-d85b55e22ecd,HDFCBANK,2024-05-03T21:03:35.913,2024-05-03T21:03:35.913,2024-05-03T21:03:35.913000,DissemDT,2024-05-03T21:03:35.913000,2024-05-06,2024-05-06T09:15:00,aligned,
35a12630-2cc5-47fe-af58-fedf40edcddd,RELIANCE,2024-05-03T18:27:59.777,2024-05-03T18:27:59.777,2024-05-03T18:27:59.777000,DissemDT,2024-05-03T18:27:59.777000,2024-05-06,2024-05-06T09:15:00,aligned,
e3aecd38-af32-4e89-b165-1f56d166f494,HDFCBANK,2024-05-03T16:02:52.74,2024-05-03T16:02:52.74,2024-05-03T16:02:52.740000,DissemDT,2024-05-03T16:02:52.740000,2024-05-06,2024-05-06T09:15:00,aligned,
a7d83b96-5b85-4150-8a99-470c66569f05,HDFCBANK,2024-05-03T14:14:13.957,2024-05-03T14:14:13.957,2024-05-03T14:14:13.957000,DissemDT,2024-05-03T14:14:13.957000,2024-05-03,2024-05-03T14:15:00,aligned,
21d4146e-da93-4f87-a2b8-520ccdae90a9,HAL,2024-05-02T16:40:41.27,2024-05-02T16:40:41.27,2024-05-02T16:40:41.270000,DissemDT,2024-05-02T16:40:41.270000,2024-05-03,2024-05-03T09:15:00,aligned,
0ee09f10-635d-4616-97a9-471a824f1d9a,HDFCBANK,2024-05-01T12:06:37.003,2024-05-01T12:06:37.003,2024-05-01T12:06:37.003000,DissemDT,2024-05-01T12:06:37.003000,2024-05-02,2024-05-02T09:15:00,aligned,
3d02253e-c6eb-4596-a2d5-8f02214df404,HDFCBANK,2024-04-30T23:17:45.14,2024-04-30T23:17:45.14,2024-04-30T23:17:45.140000,DissemDT,2024-04-30T23:17:45.140000,2024-05-02,2024-05-02T09:15:00,aligned,
ca71d117-c416-4fbc-a091-cd54130ef724,RELIANCE,2024-04-30T21:05:09.463,2024-04-30T21:05:09.463,2024-04-30T21:05:09.463000,DissemDT,2024-04-30T21:05:09.463000,2024-05-02,2024-05-02T09:15:00,aligned,
cdcf4e10-b455-407a-b4e7-35354ffd2e9d,HDFCBANK,2024-04-30T19:58:43.833,2024-04-30T19:58:43.833,2024-04-30T19:58:43.833000,DissemDT,2024-04-30T19:58:43.833000,2024-05-02,2024-05-02T09:15:00,aligned,
7a833238-86a9-48f5-b19c-b78715539a99,RELIANCE,2024-04-30T18:32:53.99,2024-04-30T18:32:53.99,2024-04-30T18:32:53.990000,DissemDT,2024-04-30T18:32:53.990000,2024-05-02,2024-05-02T09:15:00,aligned,
cc45cdbd-9e5c-419f-a90b-cac667d60706,RVNL,2024-04-30T17:55:36.697,2024-04-30T17:55:36.697,2024-04-30T17:55:36.697000,DissemDT,2024-04-30T17:55:36.697000,2024-05-02,2024-05-02T09:15:00,aligned,
cb20c690-a285-41ec-b7c6-2af02a378d11,RELIANCE,2024-04-30T16:37:16.963,2024-04-30T16:37:16.963,2024-04-30T16:37:16.963000,DissemDT,2024-04-30T16:37:16.963000,2024-05-02,2024-05-02T09:15:00,aligned,
d891a442-8d5a-4386-929e-0dbd2067eaa7,HDFCBANK,2024-04-30T15:50:30.617,2024-04-30T15:50:30.617,2024-04-30T15:50:30.617000,DissemDT,2024-04-30T15:50:30.617000,2024-05-02,2024-05-02T09:15:00,aligned,
98c9e0cf-e6fc-4fd3-8044-1ff72c665cdc,HDFCBANK,2024-04-30T15:10:36.963,2024-04-30T15:10:36.963,2024-04-30T15:10:36.963000,DissemDT,2024-04-30T15:10:36.963000,2024-04-30,2024-04-30T15:11:00,aligned,
8a75c8d1-e738-41d6-984e-cf73ec6dce58,HDFCBANK,2024-04-29T20:49:59.66,2024-04-29T20:49:59.66,2024-04-29T20:49:59.660000,DissemDT,2024-04-29T20:49:59.660000,2024-04-30,2024-04-30T09:15:00,aligned,
e5c8b190-8ba0-4713-91d1-b06436bdf023,RVNL,2024-04-29T18:56:21.19,2024-04-29T18:56:21.19,2024-04-29T18:56:21.190000,DissemDT,2024-04-29T18:56:21.190000,2024-04-30,2024-04-30T09:15:00,aligned,
d9b167ed-1415-4193-83c5-e811bb323fe8,RVNL,2024-04-29T17:54:51.94,2024-04-29T17:54:51.94,2024-04-29T17:54:51.940000,DissemDT,2024-04-29T17:54:51.940000,2024-04-30,2024-04-30T09:15:00,aligned,
8e9ec46b-88e7-44bf-aa58-7741586327fc,HDFCBANK,2024-04-29T15:25:57.247,2024-04-29T15:25:57.247,2024-04-29T15:25:57.247000,DissemDT,2024-04-29T15:25:57.247000,2024-04-29,2024-04-29T15:26:00,aligned,
48092fe4-8d8f-48dc-8469-f9325a6b7da3,HAL,2024-04-29T13:32:12.927,2024-04-29T13:32:12.927,2024-04-29T13:32:12.927000,DissemDT,2024-04-29T13:32:12.927000,2024-04-29,2024-04-29T13:33:00,aligned,
dd3c21d3-71b7-471d-84e2-15dd3bc83ee4,HDFCBANK,2024-04-29T10:21:40.663,2024-04-29T10:21:40.663,2024-04-29T10:21:40.663000,DissemDT,2024-04-29T10:21:40.663000,2024-04-29,2024-04-29T10:22:00,aligned,
daf363c9-f0bd-4252-8c46-013949d96d10,RELIANCE,2024-04-26T18:21:41.567,2024-04-26T18:21:41.567,2024-04-26T18:21:41.567000,DissemDT,2024-04-26T18:21:41.567000,2024-04-29,2024-04-29T09:15:00,aligned,
c9dbc69d-261b-40eb-927c-2623ca84dd39,HDFCBANK,2024-04-26T17:56:25.007,2024-04-26T17:56:25.007,2024-04-26T17:56:25.007000,DissemDT,2024-04-26T17:56:25.007000,2024-04-29,2024-04-29T09:15:00,aligned,
5b49c5d0-01d2-4547-a217-acc0b031c5d5,HDFCBANK,2024-04-26T17:15:21.883,2024-04-26T17:15:21.883,2024-04-26T17:15:21.883000,DissemDT,2024-04-26T17:15:21.883000,2024-04-29,2024-04-29T09:15:00,aligned,
b80a9643-9224-478c-a683-9d4d12b5d0ee,HDFCBANK,2024-04-26T15:44:11.413,2024-04-26T15:44:11.413,2024-04-26T15:44:11.413000,DissemDT,2024-04-26T15:44:11.413000,2024-04-29,2024-04-29T09:15:00,aligned,
20d5dcb8-b172-487d-bdce-50489368fed2,RELIANCE,2024-04-25T18:56:41.117,2024-04-25T18:56:41.117,2024-04-25T18:56:41.117000,DissemDT,2024-04-25T18:56:41.117000,2024-04-26,2024-04-26T09:15:00,aligned,
3bc3ed0d-8bb6-4292-9360-d9ff20b3b10e,RELIANCE,2024-04-25T18:18:15.983,2024-04-25T18:18:15.983,2024-04-25T18:18:15.983000,DissemDT,2024-04-25T18:18:15.983000,2024-04-26,2024-04-26T09:15:00,aligned,
669ca197-ef5f-4ee5-b710-6cf17d8dac0d,HDFCBANK,2024-04-25T15:50:06.02,2024-04-25T15:50:06.02,2024-04-25T15:50:06.020000,DissemDT,2024-04-25T15:50:06.020000,2024-04-26,2024-04-26T09:15:00,aligned,
a6f5f3d2-6aa3-4276-a1b2-5ac00ff48b67,RVNL,2024-04-25T11:46:28.127,2024-04-25T11:46:28.127,2024-04-25T11:46:28.127000,DissemDT,2024-04-25T11:46:28.127000,2024-04-25,2024-04-25T11:47:00,aligned,
156f789a-871c-4449-991f-1273d2e33c91,RVNL,2024-04-25T11:29:19.497,2024-04-25T11:29:19.497,2024-04-25T11:29:19.497000,DissemDT,2024-04-25T11:29:19.497000,2024-04-25,2024-04-25T11:30:00,aligned,
1e2faf30-c990-4ba4-8b0c-4bdb30ab875f,RELIANCE,2024-04-24T21:43:36.707,2024-04-24T21:43:36.707,2024-04-24T21:43:36.707000,DissemDT,2024-04-24T21:43:36.707000,2024-04-25,2024-04-25T09:15:00,aligned,
8858c2b4-0d54-4e81-952e-a7b5cfdafc30,RELIANCE,2024-04-24T18:14:33.483,2024-04-24T18:14:33.483,2024-04-24T18:14:33.483000,DissemDT,2024-04-24T18:14:33.483000,2024-04-25,2024-04-25T09:15:00,aligned,
18d6cdc7-1c67-4b26-8f98-c2c4eab0c2cb,RELIANCE,2024-04-24T18:03:35.667,2024-04-24T18:03:35.667,2024-04-24T18:03:35.667000,DissemDT,2024-04-24T18:03:35.667000,2024-04-25,2024-04-25T09:15:00,aligned,
f2a800a7-5653-4fff-907f-ad76aa1c3677,HDFCBANK,2024-04-24T17:30:58.67,2024-04-24T17:30:58.67,2024-04-24T17:30:58.670000,DissemDT,2024-04-24T17:30:58.670000,2024-04-25,2024-04-25T09:15:00,aligned,
163a4aec-eec1-4bb0-9827-9c0d64896dba,RVNL,2024-04-24T17:00:47.79,2024-04-24T17:00:47.79,2024-04-24T17:00:47.790000,DissemDT,2024-04-24T17:00:47.790000,2024-04-25,2024-04-25T09:15:00,aligned,
6d60dbd5-e64d-47ff-8fda-d6506a279551,RVNL,2024-04-24T13:37:51.28,2024-04-24T13:37:51.28,2024-04-24T13:37:51.280000,DissemDT,2024-04-24T13:37:51.280000,2024-04-24,2024-04-24T13:38:00,aligned,
c0da1961-3656-4ded-9810-6d86972f895d,RELIANCE,2024-04-23T16:48:50.343,2024-04-23T16:48:50.343,2024-04-23T16:48:50.343000,DissemDT,2024-04-23T16:48:50.343000,2024-04-24,2024-04-24T09:15:00,aligned,
7402e034-f83c-439c-bf62-c6df77ae8bdd,HDFCBANK,2024-04-23T16:38:54.9,2024-04-23T16:38:54.9,2024-04-23T16:38:54.900000,DissemDT,2024-04-23T16:38:54.900000,2024-04-24,2024-04-24T09:15:00,aligned,
108bd7b6-2e3c-4aa3-b276-59f70625e285,HDFCBANK,2024-04-23T11:18:48.593,2024-04-23T11:18:48.593,2024-04-23T11:18:48.593000,DissemDT,2024-04-23T11:18:48.593000,2024-04-23,2024-04-23T11:19:00,aligned,
2be8ecec-e6c3-4ee6-96c1-d6797dbf9121,RELIANCE,2024-04-23T07:03:28.737,2024-04-23T07:03:28.737,2024-04-23T07:03:28.737000,DissemDT,2024-04-23T07:03:28.737000,2024-04-23,2024-04-23T09:15:00,aligned,
08d35ae4-d1f5-4427-b539-77f1efaad9dd,RELIANCE,2024-04-23T06:52:05.897,2024-04-23T06:52:05.897,2024-04-23T06:52:05.897000,DissemDT,2024-04-23T06:52:05.897000,2024-04-23,2024-04-23T09:15:00,aligned,
07caebf4-626c-4dcf-ab16-915f78bc6dcf,HDFCBANK,2024-04-22T23:17:33.41,2024-04-22T23:17:33.41,2024-04-22T23:17:33.410000,DissemDT,2024-04-22T23:17:33.410000,2024-04-23,2024-04-23T09:15:00,aligned,
5c922751-a18c-4353-adbb-26d2931c7aa4,RELIANCE,2024-04-22T22:36:36.923,2024-04-22T22:36:36.923,2024-04-22T22:36:36.923000,DissemDT,2024-04-22T22:36:36.923000,2024-04-23,2024-04-23T09:15:00,aligned,
d9132393-3923-4dad-98d7-9b5dd077ea79,RELIANCE,2024-04-22T19:07:33.403,2024-04-22T19:07:33.403,2024-04-22T19:07:33.403000,DissemDT,2024-04-22T19:07:33.403000,2024-04-23,2024-04-23T09:15:00,aligned,
009e0322-2bda-4c89-a1be-14a96f44a9fd,RELIANCE,2024-04-22T19:03:52.81,2024-04-22T19:03:52.81,2024-04-22T19:03:52.810000,DissemDT,2024-04-22T19:03:52.810000,2024-04-23,2024-04-23T09:15:00,aligned,
191591ca-6d2e-4fc3-be1a-a5de31475cc7,RELIANCE,2024-04-22T19:00:20.19,2024-04-22T19:00:20.19,2024-04-22T19:00:20.190000,DissemDT,2024-04-22T19:00:20.190000,2024-04-23,2024-04-23T09:15:00,aligned,
a74980fb-4161-4f6a-90cc-c8511dcd53e4,HDFCBANK,2024-04-22T16:02:14.503,2024-04-22T16:02:14.503,2024-04-22T16:02:14.503000,DissemDT,2024-04-22T16:02:14.503000,2024-04-23,2024-04-23T09:15:00,aligned,
052242c6-1305-417c-abc1-9861b2e666e1,HAL,2024-04-22T10:59:37.3,2024-04-22T10:59:37.3,2024-04-22T10:59:37.300000,DissemDT,2024-04-22T10:59:37.300000,2024-04-22,2024-04-22T11:00:00,aligned,
599ea215-96f9-45a0-9f44-9c91ecf46480,HDFCBANK,2024-04-21T10:54:32.64,2024-04-21T10:54:32.64,2024-04-21T10:54:32.640000,DissemDT,2024-04-21T10:54:32.640000,2024-04-22,2024-04-22T09:15:00,aligned,
0edae5b8-6d60-41ae-9fa8-135eded8077e,HDFCBANK,2024-04-21T10:45:25.173,2024-04-21T10:45:25.173,2024-04-21T10:45:25.173000,DissemDT,2024-04-21T10:45:25.173000,2024-04-22,2024-04-22T09:15:00,aligned,
9b03a611-1b6f-450c-bede-65ada7e2fd88,HDFCBANK,2024-04-20T16:45:59.59,2024-04-20T16:45:59.59,2024-04-20T16:45:59.590000,DissemDT,2024-04-20T16:45:59.590000,2024-04-22,2024-04-22T09:15:00,aligned,
09b9b58b-a7b2-452a-936e-193aa87a3d9a,HDFCBANK,2024-04-20T16:11:23.35,2024-04-20T16:11:23.35,2024-04-20T16:11:23.350000,DissemDT,2024-04-20T16:11:23.350000,2024-04-22,2024-04-22T09:15:00,aligned,
118e8df4-a6f1-434e-a79e-53985b1f7c95,HDFCBANK,2024-04-20T15:53:43.897,2024-04-20T15:53:43.897,2024-04-20T15:53:43.897000,DissemDT,2024-04-20T15:53:43.897000,2024-04-22,2024-04-22T09:15:00,aligned,
94a9eef1-e2e0-4bd9-9397-464bb878ce09,HDFCBANK,2024-04-20T15:17:34.787,2024-04-20T15:17:34.787,2024-04-20T15:17:34.787000,DissemDT,2024-04-20T15:17:34.787000,2024-04-22,2024-04-22T09:15:00,aligned,
d7e9b74e-f937-4164-8485-f2459944a335,HDFCBANK,2024-04-20T14:47:46.65,2024-04-20T14:47:46.65,2024-04-20T14:47:46.650000,DissemDT,2024-04-20T14:47:46.650000,2024-04-22,2024-04-22T09:15:00,aligned,
46a78bc7-2b83-468e-9828-86215b4804ce,HDFCBANK,2024-04-20T14:39:09.553,2024-04-20T14:39:09.553,2024-04-20T14:39:09.553000,DissemDT,2024-04-20T14:39:09.553000,2024-04-22,2024-04-22T09:15:00,aligned,
89764d5e-0a17-43b8-900b-3035a31f10b3,HDFCBANK,2024-04-20T14:33:08.687,2024-04-20T14:33:08.687,2024-04-20T14:33:08.687000,DissemDT,2024-04-20T14:33:08.687000,2024-04-22,2024-04-22T09:15:00,aligned,
46a66be9-4aee-4932-91b3-f9f29d9fb27e,RELIANCE,2024-04-19T19:51:33.453,2024-04-19T19:51:33.453,2024-04-19T19:51:33.453000,DissemDT,2024-04-19T19:51:33.453000,2024-04-22,2024-04-22T09:15:00,aligned,
2f9506be-22e0-4e77-b428-b3571013c3ef,RVNL,2024-04-19T14:01:56.8,2024-04-19T14:01:56.8,2024-04-19T14:01:56.800000,DissemDT,2024-04-19T14:01:56.800000,2024-04-19,2024-04-19T14:02:00,aligned,
971eaa6a-9ba1-4a75-aaaa-0f1a836d385c,RVNL,2024-04-18T19:15:36.877,2024-04-18T19:15:36.877,2024-04-18T19:15:36.877000,DissemDT,2024-04-18T19:15:36.877000,2024-04-19,2024-04-19T09:15:00,aligned,
7b6e6637-1782-4828-ab27-381fec00f63e,HDFCBANK,2024-04-17T17:20:19.043,2024-04-17T17:20:19.043,2024-04-17T17:20:19.043000,DissemDT,2024-04-17T17:20:19.043000,2024-04-18,2024-04-18T09:15:00,aligned,
c21760d6-b5fd-47a8-b9b0-81fe1622589a,RELIANCE,2024-04-17T12:21:55.87,2024-04-17T12:21:55.87,2024-04-17T12:21:55.870000,DissemDT,2024-04-17T12:21:55.870000,2024-04-18,2024-04-18T09:15:00,aligned,
e2da85a0-3645-4c8a-bab0-6e7bf0c0a89e,RELIANCE,2024-04-17T12:05:14.213,2024-04-17T12:05:14.213,2024-04-17T12:05:14.213000,DissemDT,2024-04-17T12:05:14.213000,2024-04-18,2024-04-18T09:15:00,aligned,
8e0cd679-f0c5-4734-bbf5-b3c96f3619dd,RELIANCE,2024-04-16T20:47:13.423,2024-04-16T20:47:13.423,2024-04-16T20:47:13.423000,DissemDT,2024-04-16T20:47:13.423000,2024-04-18,2024-04-18T09:15:00,aligned,
971accde-c31e-4497-a04b-9eaceb8442c4,HDFCBANK,2024-04-16T19:49:21.263,2024-04-16T19:49:21.263,2024-04-16T19:49:21.263000,DissemDT,2024-04-16T19:49:21.263000,2024-04-18,2024-04-18T09:15:00,aligned,
05b1e2de-605c-4eaa-8e98-9b35834d3465,HDFCBANK,2024-04-16T18:13:01.093,2024-04-16T18:13:01.093,2024-04-16T18:13:01.093000,DissemDT,2024-04-16T18:13:01.093000,2024-04-18,2024-04-18T09:15:00,aligned,
f03d5151-65e8-478e-b6fa-09509c3b98e3,HDFCBANK,2024-04-16T16:26:48.86,2024-04-16T16:26:48.86,2024-04-16T16:26:48.860000,DissemDT,2024-04-16T16:26:48.860000,2024-04-18,2024-04-18T09:15:00,aligned,
d392e59a-a40a-4564-8f2f-7b1405178cb2,RELIANCE,2024-04-16T16:23:17.177,2024-04-16T16:23:17.177,2024-04-16T16:23:17.177000,DissemDT,2024-04-16T16:23:17.177000,2024-04-18,2024-04-18T09:15:00,aligned,
48e70794-be9e-43fe-86ad-977a881ffa62,RELIANCE,2024-04-16T16:11:44.81,2024-04-16T16:11:44.81,2024-04-16T16:11:44.810000,DissemDT,2024-04-16T16:11:44.810000,2024-04-18,2024-04-18T09:15:00,aligned,
ddf81bf9-68d9-45f1-81c3-406970330808,HAL,2024-04-16T13:33:46.737,2024-04-16T13:33:46.737,2024-04-16T13:33:46.737000,DissemDT,2024-04-16T13:33:46.737000,2024-04-16,2024-04-16T13:34:00,aligned,
7184c147-c430-4ae2-beab-993b3d6a52c9,RELIANCE,2024-04-15T21:28:18.247,2024-04-15T21:28:18.247,2024-04-15T21:28:18.247000,DissemDT,2024-04-15T21:28:18.247000,2024-04-16,2024-04-16T09:15:00,aligned,
867b5150-d7a9-4ac7-b404-308e057e0df0,RELIANCE,2024-04-15T20:18:51.287,2024-04-15T20:18:51.287,2024-04-15T20:18:51.287000,DissemDT,2024-04-15T20:18:51.287000,2024-04-16,2024-04-16T09:15:00,aligned,
d93197c6-5008-40eb-8361-6f62c2105f11,HAL,2024-04-15T18:08:16.813,2024-04-15T18:08:16.813,2024-04-15T18:08:16.813000,DissemDT,2024-04-15T18:08:16.813000,2024-04-16,2024-04-16T09:15:00,aligned,
8e81a469-200e-4625-a618-38ba6ffab4e6,NYKAA,2024-04-15T16:01:02.127,2024-04-15T16:01:02.127,2024-04-15T16:01:02.127000,DissemDT,2024-04-15T16:01:02.127000,2024-04-16,2024-04-16T09:15:00,aligned,
20bb9153-d273-4d6b-baca-8de4e48bf412,RELIANCE,2024-04-12T19:28:19.847,2024-04-12T19:28:19.847,2024-04-12T19:28:19.847000,DissemDT,2024-04-12T19:28:19.847000,2024-04-15,2024-04-15T09:15:00,aligned,
f6f2833c-e8ea-4087-9d33-4b802db32b51,RVNL,2024-04-12T19:26:49.09,2024-04-12T19:26:49.09,2024-04-12T19:26:49.090000,DissemDT,2024-04-12T19:26:49.090000,2024-04-15,2024-04-15T09:15:00,aligned,
443b7235-2981-4521-af51-93e84e1b42a9,RVNL,2024-04-12T17:57:32.593,2024-04-12T17:57:32.593,2024-04-12T17:57:32.593000,DissemDT,2024-04-12T17:57:32.593000,2024-04-15,2024-04-15T09:15:00,aligned,
1f9e15d3-508c-4492-955a-a9c9089610aa,HDFCBANK,2024-04-12T12:09:09.113,2024-04-12T12:09:09.113,2024-04-12T12:09:09.113000,DissemDT,2024-04-12T12:09:09.113000,2024-04-12,2024-04-12T12:10:00,aligned,
9d1407a1-b654-4fdb-9149-327c500f18aa,RELIANCE,2024-04-11T17:48:33.14,2024-04-11T17:48:33.14,2024-04-11T17:48:33.140000,DissemDT,2024-04-11T17:48:33.140000,2024-04-12,2024-04-12T09:15:00,aligned,
66ce9f8a-47d3-4838-a7db-49470f7fb787,NYKAA,2024-04-11T12:16:30.143,2024-04-11T12:16:30.143,2024-04-11T12:16:30.143000,DissemDT,2024-04-11T12:16:30.143000,2024-04-12,2024-04-12T09:15:00,aligned,
0ef24edc-14e9-4a69-85a1-1017ace299d3,HDFCBANK,2024-04-10T17:59:17.127,2024-04-10T17:59:17.127,2024-04-10T17:59:17.127000,DissemDT,2024-04-10T17:59:17.127000,2024-04-12,2024-04-12T09:15:00,aligned,
2ecd5d56-b6cc-41b3-b873-ed896a73b5d2,HDFCBANK,2024-04-10T17:48:37.333,2024-04-10T17:48:37.333,2024-04-10T17:48:37.333000,DissemDT,2024-04-10T17:48:37.333000,2024-04-12,2024-04-12T09:15:00,aligned,
388c0341-eb1c-4968-bb08-fde2b71c4c4c,RELIANCE,2024-04-10T16:48:17.007,2024-04-10T16:48:17.007,2024-04-10T16:48:17.007000,DissemDT,2024-04-10T16:48:17.007000,2024-04-12,2024-04-12T09:15:00,aligned,
445e5ff6-80af-46ca-a073-6018cb7b8ff9,RELIANCE,2024-04-09T18:08:07.727,2024-04-09T18:08:07.727,2024-04-09T18:08:07.727000,DissemDT,2024-04-09T18:08:07.727000,2024-04-10,2024-04-10T09:15:00,aligned,
6ec4e566-4321-4426-a4a2-a5b68476cc2d,RELIANCE,2024-04-09T17:51:53.6,2024-04-09T17:51:53.6,2024-04-09T17:51:53.600000,DissemDT,2024-04-09T17:51:53.600000,2024-04-10,2024-04-10T09:15:00,aligned,
38082cd6-ac4a-407a-942c-fa215be8b384,HDFCBANK,2024-04-09T16:37:47.067,2024-04-09T16:37:47.067,2024-04-09T16:37:47.067000,DissemDT,2024-04-09T16:37:47.067000,2024-04-10,2024-04-10T09:15:00,aligned,
fc7f0fba-a15e-452f-b0dd-9e8c173802a9,HDFCBANK,2024-04-08T21:11:32.243,2024-04-08T21:11:32.243,2024-04-08T21:11:32.243000,DissemDT,2024-04-08T21:11:32.243000,2024-04-09,2024-04-09T09:15:00,aligned,
3246d81c-df0b-4938-9cf8-ac373af86a76,HDFCBANK,2024-04-08T18:19:56.777,2024-04-08T18:19:56.777,2024-04-08T18:19:56.777000,DissemDT,2024-04-08T18:19:56.777000,2024-04-09,2024-04-09T09:15:00,aligned,
4d070354-e2a8-4984-a28e-f228217ac101,NYKAA,2024-04-08T17:06:42.01,2024-04-08T17:06:42.01,2024-04-08T17:06:42.010000,DissemDT,2024-04-08T17:06:42.010000,2024-04-09,2024-04-09T09:15:00,aligned,
0aa520cf-77e0-4629-a77f-58512b505697,RVNL,2024-04-08T15:50:26.557,2024-04-08T15:50:26.557,2024-04-08T15:50:26.557000,DissemDT,2024-04-08T15:50:26.557000,2024-04-09,2024-04-09T09:15:00,aligned,
724b0997-ee0c-4aa0-b602-2d1064e579eb,HAL,2024-04-08T15:29:12.927,2024-04-08T15:29:12.927,2024-04-08T15:29:12.927000,DissemDT,2024-04-08T15:29:12.927000,2024-04-09,2024-04-09T09:15:00,aligned,
204713a9-9948-4e22-ae93-4e22fe838057,NYKAA,2024-04-08T15:14:49.207,2024-04-08T15:14:49.207,2024-04-08T15:14:49.207000,DissemDT,2024-04-08T15:14:49.207000,2024-04-08,2024-04-08T15:15:00,aligned,
ad7669f5-69bc-4bcd-8991-5717853088ea,RVNL,2024-04-08T13:30:45.07,2024-04-08T13:30:45.07,2024-04-08T13:30:45.070000,DissemDT,2024-04-08T13:30:45.070000,2024-04-08,2024-04-08T13:31:00,aligned,
14599e48-4976-4e6b-8efe-dbb0ec3b8f29,NYKAA,2024-04-07T21:47:05.157,2024-04-07T21:47:05.157,2024-04-07T21:47:05.157000,DissemDT,2024-04-07T21:47:05.157000,2024-04-08,2024-04-08T09:15:00,aligned,
77b1be55-7433-4d56-ab35-f3e85b7f9e87,HDFCBANK,2024-04-06T19:53:16.143,2024-04-06T19:53:16.143,2024-04-06T19:53:16.143000,DissemDT,2024-04-06T19:53:16.143000,2024-04-08,2024-04-08T09:15:00,aligned,
5d701c0a-ea84-46f2-b775-a6d4440dc9a1,RELIANCE,2024-04-05T18:45:05.487,2024-04-05T18:45:05.487,2024-04-05T18:45:05.487000,DissemDT,2024-04-05T18:45:05.487000,2024-04-08,2024-04-08T09:15:00,aligned,
6c4c1bc5-de83-4ac6-9e11-81516b9b670e,HAL,2024-04-05T16:36:52.02,2024-04-05T16:36:52.02,2024-04-05T16:36:52.020000,DissemDT,2024-04-05T16:36:52.020000,2024-04-08,2024-04-08T09:15:00,aligned,
1356042f-09a0-475e-9610-6293ea064b4a,HDFCBANK,2024-04-04T21:22:02.233,2024-04-04T21:22:02.233,2024-04-04T21:22:02.233000,DissemDT,2024-04-04T21:22:02.233000,2024-04-05,2024-04-05T09:15:00,aligned,
a7ac2be9-8c00-46e6-a680-9d531bd4231f,RELIANCE,2024-04-04T17:55:25.317,2024-04-04T17:55:25.317,2024-04-04T17:55:25.317000,DissemDT,2024-04-04T17:55:25.317000,2024-04-05,2024-04-05T09:15:00,aligned,
7180f3e7-3904-4132-a7cc-c478334d2323,RELIANCE,2024-04-04T16:24:19.837,2024-04-04T16:24:19.837,2024-04-04T16:24:19.837000,DissemDT,2024-04-04T16:24:19.837000,2024-04-05,2024-04-05T09:15:00,aligned,
b580fd6f-cb5a-402f-9fd5-8c4fc6e85497,HDFCBANK,2024-04-04T08:22:39.073,2024-04-04T08:22:39.073,2024-04-04T08:22:39.073000,DissemDT,2024-04-04T08:22:39.073000,2024-04-04,2024-04-04T09:15:00,aligned,
91868b00-b967-483d-af1e-2b2fd949d3fb,RELIANCE,2024-04-03T16:52:18.23,2024-04-03T16:52:18.23,2024-04-03T16:52:18.230000,DissemDT,2024-04-03T16:52:18.230000,2024-04-04,2024-04-04T09:15:00,aligned,
e1d1a831-4da3-456e-a8f0-59409cab2e7b,RELIANCE,2024-04-02T17:30:47.97,2024-04-02T17:30:47.97,2024-04-02T17:30:47.970000,DissemDT,2024-04-02T17:30:47.970000,2024-04-03,2024-04-03T09:15:00,aligned,
2b33535e-b0eb-4466-ab54-4de1b8dc1007,HDFCBANK,2024-04-01T20:45:37.23,2024-04-01T20:45:37.23,2024-04-01T20:45:37.230000,DissemDT,2024-04-01T20:45:37.230000,2024-04-02,2024-04-02T09:15:00,aligned,
5dedeac6-81b5-431f-a1ce-7dadbae7a713,RELIANCE,2024-04-01T19:59:50.57,2024-04-01T19:59:50.57,2024-04-01T19:59:50.570000,DissemDT,2024-04-01T19:59:50.570000,2024-04-02,2024-04-02T09:15:00,aligned,
4a528b65-c77b-4441-9f54-7ce07d238f54,RVNL,2024-04-01T18:37:34.38,2024-04-01T18:37:34.38,2024-04-01T18:37:34.380000,DissemDT,2024-04-01T18:37:34.380000,2024-04-02,2024-04-02T09:15:00,aligned,
c1fa018c-dcc0-4d54-8360-ebf40f0f58be,HDFCBANK,2024-04-01T17:35:54.723,2024-04-01T17:35:54.723,2024-04-01T17:35:54.723000,DissemDT,2024-04-01T17:35:54.723000,2024-04-02,2024-04-02T09:15:00,aligned,
4e3d52d1-5a68-423f-be15-7a1e279ba0fa,HDFCBANK,2024-04-01T16:28:38.97,2024-04-01T16:28:38.97,2024-04-01T16:28:38.970000,DissemDT,2024-04-01T16:28:38.970000,2024-04-02,2024-04-02T09:15:00,aligned,
e82a08a9-0793-437d-8fbd-4522fe95d4d3,HAL,2024-04-01T12:56:59.413,2024-04-01T12:56:59.413,2024-04-01T12:56:59.413000,DissemDT,2024-04-01T12:56:59.413000,2024-04-01,2024-04-01T12:57:00,aligned,
f914c14b-04eb-4b50-ada0-5a6fae9bda5b,RELIANCE,2024-04-01T12:48:12.937,2024-04-01T12:48:12.937,2024-04-01T12:48:12.937000,DissemDT,2024-04-01T12:48:12.937000,2024-04-01,2024-04-01T12:49:00,aligned,
4857f3a8-a49c-47c6-b8a4-6ce232b9bdde,HAL,2024-04-01T11:59:17.443,2024-04-01T11:59:17.443,2024-04-01T11:59:17.443000,DissemDT,2024-04-01T11:59:17.443000,2024-04-01,2024-04-01T12:00:00,aligned,
650054ea-b450-4596-8b56-75d176d188d9,RELIANCE,2024-03-30T21:06:06.54,2024-03-30T21:06:06.54,2024-03-30T21:06:06.540000,DissemDT,2024-03-30T21:06:06.540000,2024-04-01,2024-04-01T09:15:00,aligned,
3d3d64c1-c0c7-4e4d-bae1-aa3c9b3e4536,HDFCBANK,2024-03-30T19:08:36.21,2024-03-30T19:08:36.21,2024-03-30T19:08:36.210000,DissemDT,2024-03-30T19:08:36.210000,2024-04-01,2024-04-01T09:15:00,aligned,
c5feda1a-c6ec-4984-8f17-cb8686cd9380,RELIANCE,2024-03-28T21:24:35.85,2024-03-28T21:24:35.85,2024-03-28T21:24:35.850000,DissemDT,2024-03-28T21:24:35.850000,2024-04-01,2024-04-01T09:15:00,aligned,
f0d398ce-6774-432a-8d25-5ff4ad14e2ae,HDFCBANK,2024-03-28T21:23:49.39,2024-03-28T21:23:49.39,2024-03-28T21:23:49.390000,DissemDT,2024-03-28T21:23:49.390000,2024-04-01,2024-04-01T09:15:00,aligned,
805a7910-7a2a-49d8-ac7f-7b93541522ba,RVNL,2024-03-28T19:19:46.1,2024-03-28T19:19:46.1,2024-03-28T19:19:46.100000,DissemDT,2024-03-28T19:19:46.100000,2024-04-01,2024-04-01T09:15:00,aligned,
15e5adbe-ad24-4584-b104-dca19eae6e95,RELIANCE,2024-03-28T18:37:31.503,2024-03-28T18:37:31.503,2024-03-28T18:37:31.503000,DissemDT,2024-03-28T18:37:31.503000,2024-04-01,2024-04-01T09:15:00,aligned,
efa0b08f-a875-4f23-87aa-651050b169ab,RVNL,2024-03-28T18:23:25.99,2024-03-28T18:23:25.99,2024-03-28T18:23:25.990000,DissemDT,2024-03-28T18:23:25.990000,2024-04-01,2024-04-01T09:15:00,aligned,
47e421e4-cfda-44b1-aee9-bd2c74e03190,HAL,2024-03-28T17:35:42.003,2024-03-28T17:35:42.003,2024-03-28T17:35:42.003000,DissemDT,2024-03-28T17:35:42.003000,2024-04-01,2024-04-01T09:15:00,aligned,
e641d39f-f2b9-4bd1-a172-5e1ab75311ad,RVNL,2024-03-28T16:22:35.89,2024-03-28T16:22:35.89,2024-03-28T16:22:35.890000,DissemDT,2024-03-28T16:22:35.890000,2024-04-01,2024-04-01T09:15:00,aligned,
8901b81a-a202-4bed-8e3f-0d804ea8d70a,HAL,2024-03-28T12:04:36.16,2024-03-28T12:04:36.16,2024-03-28T12:04:36.160000,DissemDT,2024-03-28T12:04:36.160000,2024-03-28,2024-03-28T12:05:00,aligned,
20d63e5a-6da1-41d3-b8ca-2272e5803a13,HAL,2024-03-28T12:02:32.177,2024-03-28T12:02:32.177,2024-03-28T12:02:32.177000,DissemDT,2024-03-28T12:02:32.177000,2024-03-28,2024-03-28T12:03:00,aligned,
e0a0cdb2-a4df-4e59-ab3f-6e73ab99c9b1,RELIANCE,2024-03-28T01:18:51.96,2024-03-28T01:18:51.96,2024-03-28T01:18:51.960000,DissemDT,2024-03-28T01:18:51.960000,2024-03-28,2024-03-28T09:15:00,aligned,
6343ec68-65e2-468b-860b-8f2129b27c8b,RELIANCE,2024-03-27T17:45:12.29,2024-03-27T17:45:12.29,2024-03-27T17:45:12.290000,DissemDT,2024-03-27T17:45:12.290000,2024-03-28,2024-03-28T09:15:00,aligned,
e694bdef-316f-4473-a7f4-86ab5c2544b9,HDFCBANK,2024-03-27T11:06:20.427,2024-03-27T11:06:20.427,2024-03-27T11:06:20.427000,DissemDT,2024-03-27T11:06:20.427000,2024-03-27,2024-03-27T11:07:00,aligned,
3efc428e-b6bc-4e09-a9cd-3f173cbf7d9a,RVNL,2024-03-26T18:22:39.937,2024-03-26T18:22:39.937,2024-03-26T18:22:39.937000,DissemDT,2024-03-26T18:22:39.937000,2024-03-27,2024-03-27T09:15:00,aligned,
a684a574-4f92-4545-9851-6d56d8f2e4ed,RELIANCE,2024-03-26T17:55:53.447,2024-03-26T17:55:53.447,2024-03-26T17:55:53.447000,DissemDT,2024-03-26T17:55:53.447000,2024-03-27,2024-03-27T09:15:00,aligned,
d4f86533-8beb-4858-b655-01b6aea726bf,HDFCBANK,2024-03-26T14:08:14.25,2024-03-26T14:08:14.25,2024-03-26T14:08:14.250000,DissemDT,2024-03-26T14:08:14.250000,2024-03-26,2024-03-26T14:09:00,aligned,
66cbfc62-f50d-4dec-aeed-5fe3e28af179,HAL,2024-03-25T14:37:58.517,2024-03-25T14:37:58.517,2024-03-25T14:37:58.517000,DissemDT,2024-03-25T14:37:58.517000,2024-03-26,2024-03-26T09:15:00,aligned,
e7e6c750-8a2e-484c-a156-2c2590341a2f,RELIANCE,2024-03-22T21:51:09.587,2024-03-22T21:51:09.587,2024-03-22T21:51:09.587000,DissemDT,2024-03-22T21:51:09.587000,2024-03-26,2024-03-26T09:15:00,aligned,
fd5747e3-2af9-4065-a269-63464d2ad323,RVNL,2024-03-22T21:22:05.477,2024-03-22T21:22:05.477,2024-03-22T21:22:05.477000,DissemDT,2024-03-22T21:22:05.477000,2024-03-26,2024-03-26T09:15:00,aligned,
07a91b20-5965-4f81-916c-9c7eee3b69b9,RELIANCE,2024-03-22T19:04:48.143,2024-03-22T19:04:48.143,2024-03-22T19:04:48.143000,DissemDT,2024-03-22T19:04:48.143000,2024-03-26,2024-03-26T09:15:00,aligned,
98f25a40-7052-42b4-9102-72041a6119c7,HAL,2024-03-22T17:40:26.457,2024-03-22T17:40:26.457,2024-03-22T17:40:26.457000,DissemDT,2024-03-22T17:40:26.457000,2024-03-26,2024-03-26T09:15:00,aligned,
8b19539b-1b2b-46d8-98e3-2cdf44d85e2e,RELIANCE,2024-03-21T17:52:06.59,2024-03-21T17:52:06.59,2024-03-21T17:52:06.590000,DissemDT,2024-03-21T17:52:06.590000,2024-03-22,2024-03-22T09:15:00,aligned,
d17953d9-dda9-40c8-9e25-7c61e3317c22,NYKAA,2024-03-21T10:59:06.47,2024-03-21T10:59:06.467,2024-03-21T10:59:06.470000,DissemDT,2024-03-21T10:59:06.470000,2024-03-21,2024-03-21T11:00:00,aligned,
8eebf58a-cfdf-4e9b-809c-0b742f75eb42,RVNL,2024-03-21T10:40:21.483,2024-03-21T10:40:21.483,2024-03-21T10:40:21.483000,DissemDT,2024-03-21T10:40:21.483000,2024-03-21,2024-03-21T10:41:00,aligned,
4926ca19-13aa-4375-b402-64dc6cca12a5,HDFCBANK,2024-03-20T22:57:31.783,2024-03-20T22:57:31.783,2024-03-20T22:57:31.783000,DissemDT,2024-03-20T22:57:31.783000,2024-03-21,2024-03-21T09:15:00,aligned,
b3fc35e4-5965-4434-859d-3b311b1a9d3e,HDFCBANK,2024-03-20T18:20:10.71,2024-03-20T18:20:10.71,2024-03-20T18:20:10.710000,DissemDT,2024-03-20T18:20:10.710000,2024-03-21,2024-03-21T09:15:00,aligned,
c2910f60-4df5-4b4a-ac70-98fc46d2508f,RELIANCE,2024-03-20T17:40:28.463,2024-03-20T17:40:28.463,2024-03-20T17:40:28.463000,DissemDT,2024-03-20T17:40:28.463000,2024-03-21,2024-03-21T09:15:00,aligned,
0f60283a-5558-4cff-baed-47033c29e4ac,HDFCBANK,2024-03-20T13:39:13.613,2024-03-20T13:39:13.613,2024-03-20T13:39:13.613000,DissemDT,2024-03-20T13:39:13.613000,2024-03-20,2024-03-20T13:40:00,aligned,
7ff52839-d8ab-43eb-90b0-8c612e31710e,HAL,2024-03-20T10:24:19.05,2024-03-20T10:24:19.05,2024-03-20T10:24:19.050000,DissemDT,2024-03-20T10:24:19.050000,2024-03-20,2024-03-20T10:25:00,aligned,
8158d797-99e6-4334-ad7d-bebccfacf0d6,HDFCBANK,2024-03-20T00:11:55.893,2024-03-20T00:11:55.893,2024-03-20T00:11:55.893000,DissemDT,2024-03-20T00:11:55.893000,2024-03-20,2024-03-20T09:15:00,aligned,
20fe46d4-0e94-43bf-aeeb-e87c249fd1d0,HDFCBANK,2024-03-19T20:27:47.16,2024-03-19T20:27:47.16,2024-03-19T20:27:47.160000,DissemDT,2024-03-19T20:27:47.160000,2024-03-20,2024-03-20T09:15:00,aligned,
91d16136-19c9-468b-ad6e-4706a3438519,HDFCBANK,2024-03-19T20:07:27.92,2024-03-19T20:07:27.92,2024-03-19T20:07:27.920000,DissemDT,2024-03-19T20:07:27.920000,2024-03-20,2024-03-20T09:15:00,aligned,
cdd2e3e6-20f7-45f6-8dc4-30b4c2bc4f17,RELIANCE,2024-03-19T18:01:27.25,2024-03-19T18:01:27.25,2024-03-19T18:01:27.250000,DissemDT,2024-03-19T18:01:27.250000,2024-03-20,2024-03-20T09:15:00,aligned,
8b8f5f40-3b94-45b5-bf81-83a44876d1c2,HDFCBANK,2024-03-19T17:04:46.013,2024-03-19T17:04:46.013,2024-03-19T17:04:46.013000,DissemDT,2024-03-19T17:04:46.013000,2024-03-20,2024-03-20T09:15:00,aligned,
dde2f9a4-0ca4-470b-bf01-63d2c2bd561e,RELIANCE,2024-03-19T16:38:18.89,2024-03-19T16:38:18.89,2024-03-19T16:38:18.890000,DissemDT,2024-03-19T16:38:18.890000,2024-03-20,2024-03-20T09:15:00,aligned,
4a3b86f0-08af-4c9c-9c53-488b2b3a5312,HDFCBANK,2024-03-18T22:09:32.463,2024-03-18T22:09:32.463,2024-03-18T22:09:32.463000,DissemDT,2024-03-18T22:09:32.463000,2024-03-19,2024-03-19T09:15:00,aligned,
3d337cc7-cab2-4d93-9fdc-4270e3e27503,HDFCBANK,2024-03-18T17:31:50.617,2024-03-18T17:31:50.617,2024-03-18T17:31:50.617000,DissemDT,2024-03-18T17:31:50.617000,2024-03-19,2024-03-19T09:15:00,aligned,
b3d0d4b6-c239-43bb-aa73-3c7f25412dcb,HAL,2024-03-15T18:59:18.47,2024-03-15T18:59:18.47,2024-03-15T18:59:18.470000,DissemDT,2024-03-15T18:59:18.470000,2024-03-18,2024-03-18T09:15:00,aligned,
9d79fbbf-170b-4990-941d-07d062123d51,RELIANCE,2024-03-15T18:51:37.687,2024-03-15T18:51:37.687,2024-03-15T18:51:37.687000,DissemDT,2024-03-15T18:51:37.687000,2024-03-18,2024-03-18T09:15:00,aligned,
7dc49cf4-442f-402d-99d8-9c7e2e0e9e02,RVNL,2024-03-15T18:08:00.877,2024-03-15T18:08:00.877,2024-03-15T18:08:00.877000,DissemDT,2024-03-15T18:08:00.877000,2024-03-18,2024-03-18T09:15:00,aligned,
333fcc45-208e-4a63-95f4-8366accb3efa,HDFCBANK,2024-03-15T15:54:19.84,2024-03-15T15:54:19.84,2024-03-15T15:54:19.840000,DissemDT,2024-03-15T15:54:19.840000,2024-03-18,2024-03-18T09:15:00,aligned,
bd19bd85-6d34-4f9c-9eab-3f03fddce63a,NYKAA,2024-03-15T11:58:18.753,2024-03-15T11:58:18.753,2024-03-15T11:58:18.753000,DissemDT,2024-03-15T11:58:18.753000,2024-03-15,2024-03-15T11:59:00,aligned,
f4b8a830-4838-408f-b8d8-6c2e8026d7d9,RELIANCE,2024-03-14T17:00:37.68,2024-03-14T17:00:37.68,2024-03-14T17:00:37.680000,DissemDT,2024-03-14T17:00:37.680000,2024-03-15,2024-03-15T09:15:00,aligned,
4329f35e-589e-41a0-8ec0-cc704862cb75,RVNL,2024-03-14T13:45:42.9,2024-03-14T13:45:42.9,2024-03-14T13:45:42.900000,DissemDT,2024-03-14T13:45:42.900000,2024-03-14,2024-03-14T13:46:00,aligned,
1e6e11da-ebd7-49b7-ada7-ee4d16b0e8da,HAL,2024-03-14T09:08:50.41,2024-03-14T09:08:50.41,2024-03-14T09:08:50.410000,DissemDT,2024-03-14T09:08:50.410000,2024-03-14,2024-03-14T09:15:00,aligned,
33a8aa08-8ac5-462f-b9a0-17d5d3994cc4,RELIANCE,2024-03-14T02:08:15.64,2024-03-14T02:08:15.64,2024-03-14T02:08:15.640000,DissemDT,2024-03-14T02:08:15.640000,2024-03-14,2024-03-14T09:15:00,aligned,
fce69abe-76e8-4adf-b4c9-757e6519431e,HDFCBANK,2024-03-13T20:50:39.817,2024-03-13T20:50:39.817,2024-03-13T20:50:39.817000,DissemDT,2024-03-13T20:50:39.817000,2024-03-14,2024-03-14T09:15:00,aligned,
0dc72ffe-e6dd-449f-b0bb-b6bf7f4ce7b0,RELIANCE,2024-03-13T17:20:44.577,2024-03-13T17:20:44.577,2024-03-13T17:20:44.577000,DissemDT,2024-03-13T17:20:44.577000,2024-03-14,2024-03-14T09:15:00,aligned,
44dd4730-236c-447c-a5c9-04c42e4eb60b,RVNL,2024-03-13T16:56:25.49,2024-03-13T16:56:25.49,2024-03-13T16:56:25.490000,DissemDT,2024-03-13T16:56:25.490000,2024-03-14,2024-03-14T09:15:00,aligned,
a72bae68-39bc-43b5-bafd-d66a18f73e75,RVNL,2024-03-13T13:08:50.193,2024-03-13T13:08:50.193,2024-03-13T13:08:50.193000,DissemDT,2024-03-13T13:08:50.193000,2024-03-13,2024-03-13T13:09:00,aligned,
9070832b-aa21-49df-8cae-6d07f62fccf1,RELIANCE,2024-03-12T22:45:05.983,2024-03-12T22:45:05.983,2024-03-12T22:45:05.983000,DissemDT,2024-03-12T22:45:05.983000,2024-03-13,2024-03-13T09:15:00,aligned,
5bf84d06-40d8-4611-95c2-27fb466c6270,RELIANCE,2024-03-12T19:48:54.387,2024-03-12T19:48:54.387,2024-03-12T19:48:54.387000,DissemDT,2024-03-12T19:48:54.387000,2024-03-13,2024-03-13T09:15:00,aligned,
e0876544-e16d-4c5b-af72-0dc3f8a48e66,RELIANCE,2024-03-12T17:14:32.28,2024-03-12T17:14:32.28,2024-03-12T17:14:32.280000,DissemDT,2024-03-12T17:14:32.280000,2024-03-13,2024-03-13T09:15:00,aligned,
acaf49b7-32e2-48c8-963a-e3acbb766e9e,RELIANCE,2024-03-12T17:06:09.463,2024-03-12T17:06:09.463,2024-03-12T17:06:09.463000,DissemDT,2024-03-12T17:06:09.463000,2024-03-13,2024-03-13T09:15:00,aligned,
2c22d1cf-19bd-4268-a4ba-ecc535bcfb46,RVNL,2024-03-12T13:22:57.67,2024-03-12T13:22:57.67,2024-03-12T13:22:57.670000,DissemDT,2024-03-12T13:22:57.670000,2024-03-12,2024-03-12T13:23:00,aligned,
3ad47515-10db-4c29-a249-f1eafcdb3eca,NYKAA,2024-03-12T13:06:24.143,2024-03-12T13:06:24.143,2024-03-12T13:06:24.143000,DissemDT,2024-03-12T13:06:24.143000,2024-03-12,2024-03-12T13:07:00,aligned,
b3c7c99f-091b-4433-b2ef-d222e25ba593,RVNL,2024-03-11T17:55:16.793,2024-03-11T17:55:16.793,2024-03-11T17:55:16.793000,DissemDT,2024-03-11T17:55:16.793000,2024-03-12,2024-03-12T09:15:00,aligned,
83040566-1393-4de0-b3bf-aedaea8df57a,HDFCBANK,2024-03-11T16:48:11.583,2024-03-11T16:48:11.583,2024-03-11T16:48:11.583000,DissemDT,2024-03-11T16:48:11.583000,2024-03-12,2024-03-12T09:15:00,aligned,
61180ab6-a1ad-4a2e-a3e6-eac4de54c179,RVNL,2024-03-11T16:37:26.927,2024-03-11T16:37:26.927,2024-03-11T16:37:26.927000,DissemDT,2024-03-11T16:37:26.927000,2024-03-12,2024-03-12T09:15:00,aligned,
420dcb12-886d-463e-86ae-65b5b5aa7dfd,RVNL,2024-03-09T20:39:38.527,2024-03-09T20:39:38.527,2024-03-09T20:39:38.527000,DissemDT,2024-03-09T20:39:38.527000,2024-03-11,2024-03-11T09:15:00,aligned,
f8453bcb-4512-4e5e-a041-ca24d34c39fb,HAL,2024-03-08T12:42:22.367,2024-03-08T12:42:22.367,2024-03-08T12:42:22.367000,DissemDT,2024-03-08T12:42:22.367000,2024-03-11,2024-03-11T09:15:00,aligned,
05878ff9-e9a0-431b-a48a-22add85d7700,HDFCBANK,2024-03-07T22:07:22.507,2024-03-07T22:07:22.507,2024-03-07T22:07:22.507000,DissemDT,2024-03-07T22:07:22.507000,2024-03-11,2024-03-11T09:15:00,aligned,
9205e442-efe4-496f-b567-507048916c6c,RELIANCE,2024-03-07T19:38:09.24,2024-03-07T19:38:09.24,2024-03-07T19:38:09.240000,DissemDT,2024-03-07T19:38:09.240000,2024-03-11,2024-03-11T09:15:00,aligned,
7f33ec73-da3f-41bf-a834-bd419976c47e,RVNL,2024-03-07T18:13:03.177,2024-03-07T18:13:03.177,2024-03-07T18:13:03.177000,DissemDT,2024-03-07T18:13:03.177000,2024-03-11,2024-03-11T09:15:00,aligned,
2bcec50c-c711-4572-b5a8-f9532b218e2c,RVNL,2024-03-07T18:11:12.79,2024-03-07T18:11:12.79,2024-03-07T18:11:12.790000,DissemDT,2024-03-07T18:11:12.790000,2024-03-11,2024-03-11T09:15:00,aligned,
48434bd6-761b-4945-b99d-70868c0cdd05,RVNL,2024-03-07T17:11:54.473,2024-03-07T17:11:54.473,2024-03-07T17:11:54.473000,DissemDT,2024-03-07T17:11:54.473000,2024-03-11,2024-03-11T09:15:00,aligned,
238647b4-69e0-409a-84b7-31f792e4a236,RELIANCE,2024-03-06T19:15:28.167,2024-03-06T19:15:28.167,2024-03-06T19:15:28.167000,DissemDT,2024-03-06T19:15:28.167000,2024-03-07,2024-03-07T09:15:00,aligned,
609fccad-7f84-4a35-a917-9299c6bf6273,RELIANCE,2024-03-06T18:25:54.347,2024-03-06T18:25:54.347,2024-03-06T18:25:54.347000,DissemDT,2024-03-06T18:25:54.347000,2024-03-07,2024-03-07T09:15:00,aligned,
dfd4f913-4cc0-4079-8483-fdb63592bc78,HDFCBANK,2024-03-06T18:22:50.773,2024-03-06T18:22:50.773,2024-03-06T18:22:50.773000,DissemDT,2024-03-06T18:22:50.773000,2024-03-07,2024-03-07T09:15:00,aligned,
eaeac558-1ba6-47a0-9cf0-418dbda5991d,RELIANCE,2024-03-06T18:16:21.85,2024-03-06T18:16:21.85,2024-03-06T18:16:21.850000,DissemDT,2024-03-06T18:16:21.850000,2024-03-07,2024-03-07T09:15:00,aligned,
94b9a688-01ff-44dd-b498-31398babf121,HDFCBANK,2024-03-06T17:37:28.167,2024-03-06T17:37:28.167,2024-03-06T17:37:28.167000,DissemDT,2024-03-06T17:37:28.167000,2024-03-07,2024-03-07T09:15:00,aligned,
dfdf073c-7f32-4a4b-9c15-e990b9fbb721,HAL,2024-03-06T16:37:11.427,2024-03-06T16:37:11.427,2024-03-06T16:37:11.427000,DissemDT,2024-03-06T16:37:11.427000,2024-03-07,2024-03-07T09:15:00,aligned,
b57bbfd5-e5bc-433f-8c79-642fdf4d1db5,HAL,2024-03-06T13:29:34.663,2024-03-06T13:29:34.663,2024-03-06T13:29:34.663000,DissemDT,2024-03-06T13:29:34.663000,2024-03-06,2024-03-06T13:30:00,aligned,
66ac898b-28dc-48b7-b130-7e62a02e0e7a,HDFCBANK,2024-03-05T19:55:56.543,2024-03-05T19:55:56.543,2024-03-05T19:55:56.543000,DissemDT,2024-03-05T19:55:56.543000,2024-03-06,2024-03-06T09:15:00,aligned,
2599c2ee-02ab-4e42-a61a-1accb7ef2aed,RELIANCE,2024-03-05T16:58:44.533,2024-03-05T16:58:44.533,2024-03-05T16:58:44.533000,DissemDT,2024-03-05T16:58:44.533000,2024-03-06,2024-03-06T09:15:00,aligned,
9225057c-d1f7-4bfc-9b04-aa0f5cef69bc,HDFCBANK,2024-03-04T15:04:00.12,2024-03-04T15:04:00.12,2024-03-04T15:04:00.120000,DissemDT,2024-03-04T15:04:00.120000,2024-03-04,2024-03-04T15:05:00,aligned,
28b9cb86-6cff-4fbe-9d7c-ef01b9e5baa7,NYKAA,2024-03-04T11:04:17.06,2024-03-04T11:04:17.06,2024-03-04T11:04:17.060000,DissemDT,2024-03-04T11:04:17.060000,2024-03-04,2024-03-04T11:05:00,aligned,
62d2af9e-0017-424a-b118-cd2e79fde344,HDFCBANK,2024-03-02T14:18:12.503,2024-03-02T14:18:12.503,2024-03-02T14:18:12.503000,DissemDT,2024-03-02T14:18:12.503000,2024-03-04,2024-03-04T09:15:00,aligned,
d8276642-f3c9-4493-9575-c8ab8a7282f0,NYKAA,2024-03-01T20:25:20.977,2024-03-01T20:25:20.977,2024-03-01T20:25:20.977000,DissemDT,2024-03-01T20:25:20.977000,2024-03-02,2024-03-02T09:15:00,aligned,
ff5f6b00-ef33-49ed-8436-6e277a8bc0d8,RELIANCE,2024-03-01T20:21:10.27,2024-03-01T20:21:10.27,2024-03-01T20:21:10.270000,DissemDT,2024-03-01T20:21:10.270000,2024-03-02,2024-03-02T09:15:00,aligned,
0ae9c444-5102-4fa0-8044-72948a2da078,HAL,2024-03-01T15:01:39.527,2024-03-01T15:01:39.523,2024-03-01T15:01:39.527000,DissemDT,2024-03-01T15:01:39.527000,2024-03-01,2024-03-01T15:02:00,aligned,
d166a701-2d1a-4e59-9ae6-dcdcdd90dac9,RELIANCE,2024-02-29T18:25:42.483,2024-02-29T18:25:42.483,2024-02-29T18:25:42.483000,DissemDT,2024-02-29T18:25:42.483000,2024-03-01,2024-03-01T09:15:00,aligned,
5c33245f-c908-43ad-8672-4458756152b7,RELIANCE,2024-02-29T18:16:25.58,2024-02-29T18:16:25.58,2024-02-29T18:16:25.580000,DissemDT,2024-02-29T18:16:25.580000,2024-03-01,2024-03-01T09:15:00,aligned,
893ae5a4-c36a-430e-aaad-81cae43ef21c,HDFCBANK,2024-02-29T18:02:43.67,2024-02-29T18:02:43.67,2024-02-29T18:02:43.670000,DissemDT,2024-02-29T18:02:43.670000,2024-03-01,2024-03-01T09:15:00,aligned,
1bf66cb6-17cd-4b2f-b582-3f3d2ed5a283,HDFCBANK,2024-02-28T21:30:42.33,2024-02-28T21:30:42.33,2024-02-28T21:30:42.330000,DissemDT,2024-02-28T21:30:42.330000,2024-02-29,2024-02-29T09:15:00,aligned,
7b3d940f-1358-4404-8c86-e0fbaa5af829,HDFCBANK,2024-02-28T20:58:34.64,2024-02-28T20:58:34.64,2024-02-28T20:58:34.640000,DissemDT,2024-02-28T20:58:34.640000,2024-02-29,2024-02-29T09:15:00,aligned,
cef547b3-4848-42ec-acdf-e1fcc61de6a3,HDFCBANK,2024-02-28T20:29:59.937,2024-02-28T20:29:59.937,2024-02-28T20:29:59.937000,DissemDT,2024-02-28T20:29:59.937000,2024-02-29,2024-02-29T09:15:00,aligned,
b83f9016-15fd-4d13-8799-5d0c8134a090,RELIANCE,2024-02-28T18:47:40.03,2024-02-28T18:47:40.03,2024-02-28T18:47:40.030000,DissemDT,2024-02-28T18:47:40.030000,2024-02-29,2024-02-29T09:15:00,aligned,
cd217e14-86b3-4c7a-bd50-834926dca883,RELIANCE,2024-02-28T18:45:27.537,2024-02-28T18:45:27.537,2024-02-28T18:45:27.537000,DissemDT,2024-02-28T18:45:27.537000,2024-02-29,2024-02-29T09:15:00,aligned,
485daf22-89c0-4acf-98d6-2b0352dbe253,RELIANCE,2024-02-28T17:21:10.59,2024-02-28T17:21:10.59,2024-02-28T17:21:10.590000,DissemDT,2024-02-28T17:21:10.590000,2024-02-29,2024-02-29T09:15:00,aligned,
5a4f4e09-d8d8-49c5-bd71-622f60946f3a,RELIANCE,2024-02-27T18:01:11.507,2024-02-27T18:01:11.507,2024-02-27T18:01:11.507000,DissemDT,2024-02-27T18:01:11.507000,2024-02-28,2024-02-28T09:15:00,aligned,
bad9dbb9-77d1-41b9-99c9-1635621badbe,HDFCBANK,2024-02-27T17:03:00.49,2024-02-27T17:03:00.49,2024-02-27T17:03:00.490000,DissemDT,2024-02-27T17:03:00.490000,2024-02-28,2024-02-28T09:15:00,aligned,
9519281f-cee3-461b-840e-b010a796c21e,RELIANCE,2024-02-27T11:07:28.03,2024-02-27T11:07:28.03,2024-02-27T11:07:28.030000,DissemDT,2024-02-27T11:07:28.030000,2024-02-27,2024-02-27T11:08:00,aligned,
78993aa2-a53f-45ae-9d5e-81b1d6170dc5,RELIANCE,2024-02-26T18:25:49.03,2024-02-26T18:25:49.03,2024-02-26T18:25:49.030000,DissemDT,2024-02-26T18:25:49.030000,2024-02-27,2024-02-27T09:15:00,aligned,
eb338ce1-bca9-4a19-9112-5f1190311505,HDFCBANK,2024-02-26T15:50:13.167,2024-02-26T15:50:13.167,2024-02-26T15:50:13.167000,DissemDT,2024-02-26T15:50:13.167000,2024-02-27,2024-02-27T09:15:00,aligned,
ea41bbac-e71e-4419-957d-8c0df612e229,HDFCBANK,2024-02-26T15:05:57.943,2024-02-26T15:05:57.943,2024-02-26T15:05:57.943000,DissemDT,2024-02-26T15:05:57.943000,2024-02-26,2024-02-26T15:06:00,aligned,
8798ec93-8e1d-4d55-8fd5-d82c2857146b,HDFCBANK,2024-02-25T16:03:14.78,2024-02-25T16:03:14.78,2024-02-25T16:03:14.780000,DissemDT,2024-02-25T16:03:14.780000,2024-02-26,2024-02-26T09:15:00,aligned,
8b107f38-b511-4de5-b872-878b0924dc9a,RELIANCE,2024-02-24T12:22:30.197,2024-02-24T12:22:30.197,2024-02-24T12:22:30.197000,DissemDT,2024-02-24T12:22:30.197000,2024-02-26,2024-02-26T09:15:00,aligned,
3f453f31-2332-4d5f-ba9e-65d3555e5af6,HDFCBANK,2024-02-23T22:59:57.88,2024-02-23T22:59:57.88,2024-02-23T22:59:57.880000,DissemDT,2024-02-23T22:59:57.880000,2024-02-26,2024-02-26T09:15:00,aligned,
6bc0f4f8-9385-4f7e-baed-8e2de2cc1d0c,RELIANCE,2024-02-23T18:15:41.717,2024-02-23T18:15:41.717,2024-02-23T18:15:41.717000,DissemDT,2024-02-23T18:15:41.717000,2024-02-26,2024-02-26T09:15:00,aligned,
d21d06e7-8038-49ee-ae99-31dfff3d2ebf,RVNL,2024-02-23T14:46:58.113,2024-02-23T14:46:58.113,2024-02-23T14:46:58.113000,DissemDT,2024-02-23T14:46:58.113000,2024-02-23,2024-02-23T14:47:00,aligned,
2559633b-075d-4ede-93be-c24cf4eb9336,HAL,2024-02-23T12:14:16.14,2024-02-23T12:14:16.14,2024-02-23T12:14:16.140000,DissemDT,2024-02-23T12:14:16.140000,2024-02-23,2024-02-23T12:15:00,aligned,
ea14ba12-5384-4a2e-8dd7-0daf8096ce73,HAL,2024-02-23T12:05:42.263,2024-02-23T12:05:42.263,2024-02-23T12:05:42.263000,DissemDT,2024-02-23T12:05:42.263000,2024-02-23,2024-02-23T12:06:00,aligned,
5747851c-e808-4ef0-9ef0-622e7d06b14b,RELIANCE,2024-02-22T18:02:57.857,2024-02-22T18:02:57.857,2024-02-22T18:02:57.857000,DissemDT,2024-02-22T18:02:57.857000,2024-02-23,2024-02-23T09:15:00,aligned,
94e62231-ffb1-48bc-ac65-113793dbfdd1,RVNL,2024-02-22T13:00:23.98,2024-02-22T13:00:23.98,2024-02-22T13:00:23.980000,DissemDT,2024-02-22T13:00:23.980000,2024-02-22,2024-02-22T13:01:00,aligned,
eba46e02-ec12-4189-ade0-3b8b17787b07,RELIANCE,2024-02-21T19:21:07.8,2024-02-21T19:21:07.8,2024-02-21T19:21:07.800000,DissemDT,2024-02-21T19:21:07.800000,2024-02-22,2024-02-22T09:15:00,aligned,
a3f02bfb-56e2-4e34-8bad-c86501f08c6a,RELIANCE,2024-02-21T19:11:21.873,2024-02-21T19:11:21.873,2024-02-21T19:11:21.873000,DissemDT,2024-02-21T19:11:21.873000,2024-02-22,2024-02-22T09:15:00,aligned,
48b9e09b-157a-4e05-9450-dad5ee65a0b2,HDFCBANK,2024-02-21T17:25:58.687,2024-02-21T17:25:58.687,2024-02-21T17:25:58.687000,DissemDT,2024-02-21T17:25:58.687000,2024-02-22,2024-02-22T09:15:00,aligned,
cef395db-f1fe-4049-8dde-9787b77b99ae,RELIANCE,2024-02-20T19:26:47.383,2024-02-20T19:26:47.383,2024-02-20T19:26:47.383000,DissemDT,2024-02-20T19:26:47.383000,2024-02-21,2024-02-21T09:15:00,aligned,
8b0d2532-9ec9-40b0-9542-74c34f8eb2a4,RELIANCE,2024-02-20T18:04:42.42,2024-02-20T18:04:42.42,2024-02-20T18:04:42.420000,DissemDT,2024-02-20T18:04:42.420000,2024-02-21,2024-02-21T09:15:00,aligned,
10aa229e-0924-4f48-bdf1-327c4d74838b,HDFCBANK,2024-02-20T14:39:12.793,2024-02-20T14:39:12.793,2024-02-20T14:39:12.793000,DissemDT,2024-02-20T14:39:12.793000,2024-02-20,2024-02-20T14:40:00,aligned,
e07adde1-ba42-44e1-bf35-45be3697eed8,HDFCBANK,2024-02-19T13:51:53.63,2024-02-19T13:51:53.63,2024-02-19T13:51:53.630000,DissemDT,2024-02-19T13:51:53.630000,2024-02-19,2024-02-19T13:52:00,aligned,
d67b0c7d-d4a8-4580-b87d-0e1e22f4a11c,RELIANCE,2024-02-16T18:51:51.7,2024-02-16T18:51:51.7,2024-02-16T18:51:51.700000,DissemDT,2024-02-16T18:51:51.700000,2024-02-19,2024-02-19T09:15:00,aligned,
4c96cbe8-fa32-4e49-a182-a2d61e4b5d36,NYKAA,2024-02-15T21:21:10.753,2024-02-15T21:21:10.753,2024-02-15T21:21:10.753000,DissemDT,2024-02-15T21:21:10.753000,2024-02-16,2024-02-16T09:15:00,aligned,
e495cc74-9b97-4e3c-aa22-b349eaaa7073,RELIANCE,2024-02-15T18:14:25.197,2024-02-15T18:14:25.197,2024-02-15T18:14:25.197000,DissemDT,2024-02-15T18:14:25.197000,2024-02-16,2024-02-16T09:15:00,aligned,
18e6cdbe-e526-435e-9cae-4c71054bcdef,HDFCBANK,2024-02-15T14:21:53.6,2024-02-15T14:21:53.6,2024-02-15T14:21:53.600000,DissemDT,2024-02-15T14:21:53.600000,2024-02-15,2024-02-15T14:22:00,aligned,
cce5ddaa-8685-422c-9733-5daedbf9938b,RELIANCE,2024-02-14T19:44:02.64,2024-02-14T19:44:02.64,2024-02-14T19:44:02.640000,DissemDT,2024-02-14T19:44:02.640000,2024-02-15,2024-02-15T09:15:00,aligned,
b349f456-fc20-4506-9a7f-2d8c8cfd5e5e,RELIANCE,2024-02-14T18:05:31.48,2024-02-14T18:05:31.48,2024-02-14T18:05:31.480000,DissemDT,2024-02-14T18:05:31.480000,2024-02-15,2024-02-15T09:15:00,aligned,
89d8e142-6860-4978-8981-08daecd57c76,RELIANCE,2024-02-14T16:52:25.423,2024-02-14T16:52:25.423,2024-02-14T16:52:25.423000,DissemDT,2024-02-14T16:52:25.423000,2024-02-15,2024-02-15T09:15:00,aligned,
033391a3-b970-4d99-9359-a1facf3ea98f,RELIANCE,2024-02-13T19:17:54.157,2024-02-13T19:17:54.157,2024-02-13T19:17:54.157000,DissemDT,2024-02-13T19:17:54.157000,2024-02-14,2024-02-14T09:15:00,aligned,
c0395aca-1b03-47cc-9219-9157ae9bea89,RELIANCE,2024-02-13T18:38:13.757,2024-02-13T18:38:13.757,2024-02-13T18:38:13.757000,DissemDT,2024-02-13T18:38:13.757000,2024-02-14,2024-02-14T09:15:00,aligned,
322b945c-138f-48df-a67f-ebf866bccfba,HDFCBANK,2024-02-13T17:25:42.143,2024-02-13T17:25:42.143,2024-02-13T17:25:42.143000,DissemDT,2024-02-13T17:25:42.143000,2024-02-14,2024-02-14T09:15:00,aligned,
908e8e1c-0df5-4943-aa44-1e4bb2704e1a,HAL,2024-02-13T17:22:38.503,2024-02-13T17:22:38.503,2024-02-13T17:22:38.503000,DissemDT,2024-02-13T17:22:38.503000,2024-02-14,2024-02-14T09:15:00,aligned,
b63e9bfc-12d2-4840-af28-aad94f34ab6c,HDFCBANK,2024-02-13T15:57:15.703,2024-02-13T15:57:15.703,2024-02-13T15:57:15.703000,DissemDT,2024-02-13T15:57:15.703000,2024-02-14,2024-02-14T09:15:00,aligned,
2d301405-c1d4-4722-a3b0-2c5165ca8cfd,RVNL,2024-02-13T15:33:35.477,2024-02-13T15:33:35.477,2024-02-13T15:33:35.477000,DissemDT,2024-02-13T15:33:35.477000,2024-02-14,2024-02-14T09:15:00,aligned,
8cad79ee-082c-4c9a-813b-f829cf81273a,NYKAA,2024-02-13T14:52:58.06,2024-02-13T14:52:58.06,2024-02-13T14:52:58.060000,DissemDT,2024-02-13T14:52:58.060000,2024-02-13,2024-02-13T14:53:00,aligned,
c7b2873e-7a85-40ae-b4c7-aac3a22ba2d1,HDFCBANK,2024-02-12T22:48:32.843,2024-02-12T22:48:32.843,2024-02-12T22:48:32.843000,DissemDT,2024-02-12T22:48:32.843000,2024-02-13,2024-02-13T09:15:00,aligned,
e35c2e52-522d-4ad2-a552-3e8b5c2c0216,HDFCBANK,2024-02-12T20:39:57.95,2024-02-12T20:39:57.95,2024-02-12T20:39:57.950000,DissemDT,2024-02-12T20:39:57.950000,2024-02-13,2024-02-13T09:15:00,aligned,
00ca5f96-e0b7-4af8-a6d5-e8e9480d9281,HDFCBANK,2024-02-12T16:35:24.987,2024-02-12T16:35:24.987,2024-02-12T16:35:24.987000,DissemDT,2024-02-12T16:35:24.987000,2024-02-13,2024-02-13T09:15:00,aligned,
68935d05-ba70-4682-aff4-0283f4b688c7,RVNL,2024-02-12T15:40:57.52,2024-02-12T15:40:57.52,2024-02-12T15:40:57.520000,DissemDT,2024-02-12T15:40:57.520000,2024-02-13,2024-02-13T09:15:00,aligned,
4356944a-0315-4c09-9796-a11b831d5376,HAL,2024-02-12T14:28:41.607,2024-02-12T14:28:41.607,2024-02-12T14:28:41.607000,DissemDT,2024-02-12T14:28:41.607000,2024-02-12,2024-02-12T14:29:00,aligned,
86dce48f-9b38-4dd0-9e02-57749021b871,HAL,2024-02-12T14:23:08.04,2024-02-12T14:23:08.04,2024-02-12T14:23:08.040000,DissemDT,2024-02-12T14:23:08.040000,2024-02-12,2024-02-12T14:24:00,aligned,
7ac7975a-d6fa-430f-86c7-5446fe76f5c8,HAL,2024-02-12T14:03:01.463,2024-02-12T14:03:01.463,2024-02-12T14:03:01.463000,DissemDT,2024-02-12T14:03:01.463000,2024-02-12,2024-02-12T14:04:00,aligned,
85bf1efa-9d51-4393-8f0f-00042b75a29a,RELIANCE,2024-02-09T19:54:23.197,2024-02-09T19:54:23.197,2024-02-09T19:54:23.197000,DissemDT,2024-02-09T19:54:23.197000,2024-02-12,2024-02-12T09:15:00,aligned,
381e5935-8fcb-4848-a34c-98afb89ae89a,RVNL,2024-02-09T17:16:44.077,2024-02-09T17:16:44.077,2024-02-09T17:16:44.077000,DissemDT,2024-02-09T17:16:44.077000,2024-02-12,2024-02-12T09:15:00,aligned,
33207926-7614-4e1a-8e05-23f60462171e,NYKAA,2024-02-09T17:05:02.253,2024-02-09T17:05:02.253,2024-02-09T17:05:02.253000,DissemDT,2024-02-09T17:05:02.253000,2024-02-12,2024-02-12T09:15:00,aligned,
77a335ba-d6a2-477b-80c5-05af9fca3a03,RVNL,2024-02-09T16:41:48.653,2024-02-09T16:41:48.653,2024-02-09T16:41:48.653000,DissemDT,2024-02-09T16:41:48.653000,2024-02-12,2024-02-12T09:15:00,aligned,
84df4263-df32-4937-9817-9b64fd63bc4a,NYKAA,2024-02-09T14:07:26.747,2024-02-09T14:07:26.747,2024-02-09T14:07:26.747000,DissemDT,2024-02-09T14:07:26.747000,2024-02-09,2024-02-09T14:08:00,aligned,
f2de1bfa-2b4f-45e2-b19c-1018e3717e26,RELIANCE,2024-02-08T19:13:31.64,2024-02-08T19:13:31.64,2024-02-08T19:13:31.640000,DissemDT,2024-02-08T19:13:31.640000,2024-02-09,2024-02-09T09:15:00,aligned,
8f282d5d-17fb-4a48-8be2-293fac5e26a3,RELIANCE,2024-02-08T19:10:18.57,2024-02-08T19:10:18.57,2024-02-08T19:10:18.570000,DissemDT,2024-02-08T19:10:18.570000,2024-02-09,2024-02-09T09:15:00,aligned,
de849505-46b3-4aa8-9f3b-531a8157e093,RELIANCE,2024-02-08T19:07:25.28,2024-02-08T19:07:25.28,2024-02-08T19:07:25.280000,DissemDT,2024-02-08T19:07:25.280000,2024-02-09,2024-02-09T09:15:00,aligned,
6181e8f2-b83c-461d-9bfd-13cfab302b18,RELIANCE,2024-02-08T19:01:18.817,2024-02-08T19:01:18.817,2024-02-08T19:01:18.817000,DissemDT,2024-02-08T19:01:18.817000,2024-02-09,2024-02-09T09:15:00,aligned,
8fc22142-deb7-4ad6-bca8-2728b12bbdb2,NYKAA,2024-02-08T17:41:44.037,2024-02-08T17:41:44.037,2024-02-08T17:41:44.037000,DissemDT,2024-02-08T17:41:44.037000,2024-02-09,2024-02-09T09:15:00,aligned,
a2ceeba5-6c95-4e6f-b784-6a99f488aa27,RELIANCE,2024-02-08T17:06:05.8,2024-02-08T17:06:05.8,2024-02-08T17:06:05.800000,DissemDT,2024-02-08T17:06:05.800000,2024-02-09,2024-02-09T09:15:00,aligned,
7b58974b-ef6a-4c83-87a8-4c0318568a78,RVNL,2024-02-08T16:32:24.46,2024-02-08T16:32:24.46,2024-02-08T16:32:24.460000,DissemDT,2024-02-08T16:32:24.460000,2024-02-09,2024-02-09T09:15:00,aligned,
c059949f-fcb3-4bb9-8072-7009faead401,RVNL,2024-02-08T16:27:31.537,2024-02-08T16:27:31.537,2024-02-08T16:27:31.537000,DissemDT,2024-02-08T16:27:31.537000,2024-02-09,2024-02-09T09:15:00,aligned,
b7d3b102-3b64-4c27-b0c1-614579ebc3aa,HDFCBANK,2024-02-08T15:19:27.63,2024-02-08T15:19:27.63,2024-02-08T15:19:27.630000,DissemDT,2024-02-08T15:19:27.630000,2024-02-08,2024-02-08T15:20:00,aligned,
e463c93f-1bd1-4b15-b58c-c98f5f9ae326,RELIANCE,2024-02-07T18:10:13.73,2024-02-07T18:10:13.73,2024-02-07T18:10:13.730000,DissemDT,2024-02-07T18:10:13.730000,2024-02-08,2024-02-08T09:15:00,aligned,
9b6157dc-b754-4475-b590-1599b1d4c043,NYKAA,2024-02-07T15:18:28.577,2024-02-07T15:18:28.577,2024-02-07T15:18:28.577000,DissemDT,2024-02-07T15:18:28.577000,2024-02-07,2024-02-07T15:19:00,aligned,
d504299a-bac6-4627-9d6c-e2ce9d09b25e,NYKAA,2024-02-07T10:40:37.047,2024-02-07T10:40:37.047,2024-02-07T10:40:37.047000,DissemDT,2024-02-07T10:40:37.047000,2024-02-07,2024-02-07T10:41:00,aligned,
aa85ecc1-f3ca-46d2-ba19-6cab9f1054c6,NYKAA,2024-02-06T22:34:21.813,2024-02-06T22:34:21.813,2024-02-06T22:34:21.813000,DissemDT,2024-02-06T22:34:21.813000,2024-02-07,2024-02-07T09:15:00,aligned,
8504fdfe-c0e5-4a8f-b6e4-baab531c99d2,HDFCBANK,2024-02-06T21:50:27.003,2024-02-06T21:50:27.003,2024-02-06T21:50:27.003000,DissemDT,2024-02-06T21:50:27.003000,2024-02-07,2024-02-07T09:15:00,aligned,
c82dfdd5-1697-4046-88e7-0811224ae5df,RELIANCE,2024-02-06T18:24:54.027,2024-02-06T18:24:54.027,2024-02-06T18:24:54.027000,DissemDT,2024-02-06T18:24:54.027000,2024-02-07,2024-02-07T09:15:00,aligned,
373a29f1-323a-4f02-a6de-9eb15eee66d0,RELIANCE,2024-02-06T18:17:54.487,2024-02-06T18:17:54.487,2024-02-06T18:17:54.487000,DissemDT,2024-02-06T18:17:54.487000,2024-02-07,2024-02-07T09:15:00,aligned,
ba52e3d9-19a4-454f-a742-93c15f32907d,NYKAA,2024-02-06T15:57:05.69,2024-02-06T15:57:05.69,2024-02-06T15:57:05.690000,DissemDT,2024-02-06T15:57:05.690000,2024-02-07,2024-02-07T09:15:00,aligned,
63715783-ab9a-4554-8fe8-f07454990f47,NYKAA,2024-02-06T15:47:00.123,2024-02-06T15:47:00.123,2024-02-06T15:47:00.123000,DissemDT,2024-02-06T15:47:00.123000,2024-02-07,2024-02-07T09:15:00,aligned,
fd7289b3-e957-47c3-a891-0ee12902f0e8,NYKAA,2024-02-06T15:33:43.243,2024-02-06T15:33:43.243,2024-02-06T15:33:43.243000,DissemDT,2024-02-06T15:33:43.243000,2024-02-07,2024-02-07T09:15:00,aligned,
ed02b8e8-2c61-4344-85e7-7668817d7f36,NYKAA,2024-02-06T15:30:12.647,2024-02-06T15:30:12.647,2024-02-06T15:30:12.647000,DissemDT,2024-02-06T15:30:12.647000,2024-02-07,2024-02-07T09:15:00,aligned,
ab085324-db58-45e2-8732-111cfdc9fa67,NYKAA,2024-02-06T15:19:20.583,2024-02-06T15:19:20.583,2024-02-06T15:19:20.583000,DissemDT,2024-02-06T15:19:20.583000,2024-02-06,2024-02-06T15:20:00,aligned,
87971910-d2d7-470f-9406-4765a6ca0a07,HDFCBANK,2024-02-06T09:06:17.4,2024-02-06T09:06:17.4,2024-02-06T09:06:17.400000,DissemDT,2024-02-06T09:06:17.400000,2024-02-06,2024-02-06T09:15:00,aligned,
b05ce641-6c64-42c0-a426-ca56ea5d68ca,HDFCBANK,2024-02-05T18:59:30.723,2024-02-05T18:59:30.723,2024-02-05T18:59:30.723000,DissemDT,2024-02-05T18:59:30.723000,2024-02-06,2024-02-06T09:15:00,aligned,
08c4fee8-f75b-40a7-992d-891053cae6b7,HAL,2024-02-05T17:10:36.863,2024-02-05T17:10:36.863,2024-02-05T17:10:36.863000,DissemDT,2024-02-05T17:10:36.863000,2024-02-06,2024-02-06T09:15:00,aligned,
c52056c2-e865-481a-9fc3-a3ee5a98a970,RVNL,2024-02-05T16:10:30.223,2024-02-05T16:10:30.223,2024-02-05T16:10:30.223000,DissemDT,2024-02-05T16:10:30.223000,2024-02-06,2024-02-06T09:15:00,aligned,
f970e8a9-ce48-4981-8979-b9f9d5cb98ba,HDFCBANK,2024-02-05T14:45:40.47,2024-02-05T14:45:40.47,2024-02-05T14:45:40.470000,DissemDT,2024-02-05T14:45:40.470000,2024-02-05,2024-02-05T14:46:00,aligned,
099cccdc-439c-44ab-b4bd-e3d51ff0e0ed,NYKAA,2024-02-05T11:56:32.473,2024-02-05T11:56:32.473,2024-02-05T11:56:32.473000,DissemDT,2024-02-05T11:56:32.473000,2024-02-05,2024-02-05T11:57:00,aligned,
8520c5ad-b781-454a-8fa6-0114ea91b501,HDFCBANK,2024-02-02T21:43:20.16,2024-02-02T21:43:20.16,2024-02-02T21:43:20.160000,DissemDT,2024-02-02T21:43:20.160000,2024-02-05,2024-02-05T09:15:00,aligned,
80ed80b2-f33c-4902-b0d4-a0b8c9dd7766,RVNL,2024-02-02T20:51:08.707,2024-02-02T20:51:08.707,2024-02-02T20:51:08.707000,DissemDT,2024-02-02T20:51:08.707000,2024-02-05,2024-02-05T09:15:00,aligned,
846fc195-1f3b-4495-a5f3-ff651f2241db,RELIANCE,2024-02-02T19:36:12.517,2024-02-02T19:36:12.517,2024-02-02T19:36:12.517000,DissemDT,2024-02-02T19:36:12.517000,2024-02-05,2024-02-05T09:15:00,aligned,
7f7c7fd8-edbb-43d4-9aeb-1d01a0c90fc2,RELIANCE,2024-02-02T17:44:36.003,2024-02-02T17:44:36.003,2024-02-02T17:44:36.003000,DissemDT,2024-02-02T17:44:36.003000,2024-02-05,2024-02-05T09:15:00,aligned,
13caeae2-8c0d-4e0e-8611-b82d8f89bb9a,RELIANCE,2024-02-01T18:14:28.417,2024-02-01T18:14:28.417,2024-02-01T18:14:28.417000,DissemDT,2024-02-01T18:14:28.417000,2024-02-02,2024-02-02T09:15:00,aligned,
9ae2cde6-0c89-4ea9-a39e-7bbd3c5adf5a,NYKAA,2024-02-01T15:30:19.697,2024-02-01T15:30:19.697,2024-02-01T15:30:19.697000,DissemDT,2024-02-01T15:30:19.697000,2024-02-02,2024-02-02T09:15:00,aligned,
d2a78992-0c11-4136-91f7-99884bbc5490,HAL,2024-02-01T09:14:21.697,2024-02-01T09:14:21.697,2024-02-01T09:14:21.697000,DissemDT,2024-02-01T09:14:21.697000,2024-02-01,2024-02-01T09:15:00,aligned,
2ea42db2-fd30-42f5-bf0b-f2b587403ea2,HAL,2024-02-01T09:02:32.033,2024-02-01T09:02:32.033,2024-02-01T09:02:32.033000,DissemDT,2024-02-01T09:02:32.033000,2024-02-01,2024-02-01T09:15:00,aligned,
081fa647-53ee-4768-b5f5-a6fd5bf91862,RELIANCE,2024-01-31T17:50:25.863,2024-01-31T17:50:25.863,2024-01-31T17:50:25.863000,DissemDT,2024-01-31T17:50:25.863000,2024-02-01,2024-02-01T09:15:00,aligned,
ba731f5d-8d66-4688-b37a-16e636324c81,HDFCBANK,2024-01-31T16:47:30.03,2024-01-31T16:47:30.03,2024-01-31T16:47:30.030000,DissemDT,2024-01-31T16:47:30.030000,2024-02-01,2024-02-01T09:15:00,aligned,
48c3a798-f2b0-402b-8f03-8f80fe41ca90,HDFCBANK,2024-01-31T12:20:09.32,2024-01-31T12:20:09.32,2024-01-31T12:20:09.320000,DissemDT,2024-01-31T12:20:09.320000,2024-01-31,2024-01-31T12:21:00,aligned,
68a03107-c0d9-4038-93ae-aacbb34b9741,HAL,2024-01-31T10:10:23.18,2024-01-31T10:10:23.18,2024-01-31T10:10:23.180000,DissemDT,2024-01-31T10:10:23.180000,2024-01-31,2024-01-31T10:11:00,aligned,
790bebe7-f1dd-4928-bd8f-a9fd55a4aaee,HDFCBANK,2024-01-30T20:51:38.51,2024-01-30T20:51:38.51,2024-01-30T20:51:38.510000,DissemDT,2024-01-30T20:51:38.510000,2024-01-31,2024-01-31T09:15:00,aligned,
41e56a08-454f-4db1-901b-29c6fed224f9,RELIANCE,2024-01-30T17:13:37.89,2024-01-30T17:13:37.89,2024-01-30T17:13:37.890000,DissemDT,2024-01-30T17:13:37.890000,2024-01-31,2024-01-31T09:15:00,aligned,
ee678c26-cc02-4606-afb7-8b643f12b805,RELIANCE,2024-01-30T16:54:41.9,2024-01-30T16:54:41.9,2024-01-30T16:54:41.900000,DissemDT,2024-01-30T16:54:41.900000,2024-01-31,2024-01-31T09:15:00,aligned,
8b630967-d577-4361-b3df-4e1151e2d7cf,RELIANCE,2024-01-30T11:22:02.983,2024-01-30T11:22:02.983,2024-01-30T11:22:02.983000,DissemDT,2024-01-30T11:22:02.983000,2024-01-30,2024-01-30T11:23:00,aligned,
957364d0-8224-45ad-adf9-e0344bffea34,RELIANCE,2024-01-29T18:58:31.867,2024-01-29T18:58:31.867,2024-01-29T18:58:31.867000,DissemDT,2024-01-29T18:58:31.867000,2024-01-30,2024-01-30T09:15:00,aligned,
1fb6dc13-8133-459f-9a9c-cda3a4242e1f,NYKAA,2024-01-29T18:22:47.45,2024-01-29T18:22:47.45,2024-01-29T18:22:47.450000,DissemDT,2024-01-29T18:22:47.450000,2024-01-30,2024-01-30T09:15:00,aligned,
e754c5e1-4a87-467a-9a91-b7759b7bd9ba,HDFCBANK,2024-01-29T15:26:16.52,2024-01-29T15:26:16.52,2024-01-29T15:26:16.520000,DissemDT,2024-01-29T15:26:16.520000,2024-01-29,2024-01-29T15:27:00,aligned,
7fe66a1e-dd66-4d47-999e-721fc001f330,HDFCBANK,2024-01-25T20:41:25.227,2024-01-25T20:41:25.227,2024-01-25T20:41:25.227000,DissemDT,2024-01-25T20:41:25.227000,2024-01-29,2024-01-29T09:15:00,aligned,
fc3cc13f-2169-4eb9-b3b1-91eb13928acf,RELIANCE,2024-01-25T20:22:37.17,2024-01-25T20:22:37.17,2024-01-25T20:22:37.170000,DissemDT,2024-01-25T20:22:37.170000,2024-01-29,2024-01-29T09:15:00,aligned,
c0a18aee-c902-4821-b462-94fe3a25526f,RVNL,2024-01-25T14:23:40.22,2024-01-25T14:23:40.22,2024-01-25T14:23:40.220000,DissemDT,2024-01-25T14:23:40.220000,2024-01-25,2024-01-25T14:24:00,aligned,
f57568d7-0e6c-4b0e-a4d3-94c00e6d2316,NYKAA,2024-01-25T11:29:33.117,2024-01-25T11:29:33.117,2024-01-25T11:29:33.117000,DissemDT,2024-01-25T11:29:33.117000,2024-01-25,2024-01-25T11:30:00,aligned,
0400e97e-8e23-4411-b2b6-79ed318af562,RELIANCE,2024-01-24T18:47:52.31,2024-01-24T18:47:52.31,2024-01-24T18:47:52.310000,DissemDT,2024-01-24T18:47:52.310000,2024-01-25,2024-01-25T09:15:00,aligned,
ec73e2bd-7ce2-4cd6-8d5f-3772cc005cde,RELIANCE,2024-01-24T18:12:38.597,2024-01-24T18:12:38.597,2024-01-24T18:12:38.597000,DissemDT,2024-01-24T18:12:38.597000,2024-01-25,2024-01-25T09:15:00,aligned,
3e85d410-c493-4f00-bb3c-b8a3a756f602,HDFCBANK,2024-01-24T13:45:28.077,2024-01-24T13:45:28.077,2024-01-24T13:45:28.077000,DissemDT,2024-01-24T13:45:28.077000,2024-01-24,2024-01-24T13:46:00,aligned,
27654448-b9d2-4f2f-b28b-f95a32e569a1,HDFCBANK,2024-01-23T23:12:43.23,2024-01-23T23:12:43.23,2024-01-23T23:12:43.230000,DissemDT,2024-01-23T23:12:43.230000,2024-01-24,2024-01-24T09:15:00,aligned,
086774f7-0755-4648-b6e7-83fff5673beb,RELIANCE,2024-01-23T19:03:03.16,2024-01-23T19:03:03.16,2024-01-23T19:03:03.160000,DissemDT,2024-01-23T19:03:03.160000,2024-01-24,2024-01-24T09:15:00,aligned,
b9a32068-998d-4dc3-9ba0-3175b02198b4,HDFCBANK,2024-01-23T13:08:52.19,2024-01-23T13:08:52.19,2024-01-23T13:08:52.190000,DissemDT,2024-01-23T13:08:52.190000,2024-01-23,2024-01-23T13:09:00,aligned,
4c45fdd5-6eb1-4303-b409-35b8626e9a31,HDFCBANK,2024-01-23T12:54:25.287,2024-01-23T12:54:25.287,2024-01-23T12:54:25.287000,DissemDT,2024-01-23T12:54:25.287000,2024-01-23,2024-01-23T12:55:00,aligned,
ebb35dc7-09a9-4fc9-8f7b-0e755cd4d337,HDFCBANK,2024-01-23T12:49:47.58,2024-01-23T12:49:47.58,2024-01-23T12:49:47.580000,DissemDT,2024-01-23T12:49:47.580000,2024-01-23,2024-01-23T12:50:00,aligned,
0fa38dbd-42c5-426d-b3c7-9c99d492784b,RELIANCE,2024-01-20T08:13:30.86,2024-01-20T08:13:30.86,2024-01-20T08:13:30.860000,DissemDT,2024-01-20T08:13:30.860000,2024-01-20,2024-01-20T09:15:00,aligned,
c2784f11-c1ad-43b2-ba5b-67a3f3b51eb3,RELIANCE,2024-01-20T08:09:10.823,2024-01-20T08:09:10.823,2024-01-20T08:09:10.823000,DissemDT,2024-01-20T08:09:10.823000,2024-01-20,2024-01-20T09:15:00,aligned,
80c9ac11-2ba8-49d6-a0a6-f679931a3936,RELIANCE,2024-01-19T21:28:44.85,2024-01-19T21:28:44.85,2024-01-19T21:28:44.850000,DissemDT,2024-01-19T21:28:44.850000,2024-01-20,2024-01-20T09:15:00,aligned,
67c14c47-221e-40f7-aeaa-593239b2201b,HDFCBANK,2024-01-19T20:48:03.977,2024-01-19T20:48:03.977,2024-01-19T20:48:03.977000,DissemDT,2024-01-19T20:48:03.977000,2024-01-20,2024-01-20T09:15:00,aligned,
39d4ca57-74d4-4634-b474-182a9ec7616c,RELIANCE,2024-01-19T20:25:54.733,2024-01-19T20:25:54.733,2024-01-19T20:25:54.733000,DissemDT,2024-01-19T20:25:54.733000,2024-01-20,2024-01-20T09:15:00,aligned,
b347046f-7988-4628-93ec-fdf9d43ea6f6,RELIANCE,2024-01-19T19:36:46.753,2024-01-19T19:36:46.753,2024-01-19T19:36:46.753000,DissemDT,2024-01-19T19:36:46.753000,2024-01-20,2024-01-20T09:15:00,aligned,
313d1fcf-681b-4088-98d3-d4226d0c1850,RELIANCE,2024-01-19T18:23:17.49,2024-01-19T18:23:17.49,2024-01-19T18:23:17.490000,DissemDT,2024-01-19T18:23:17.490000,2024-01-20,2024-01-20T09:15:00,aligned,
9214959c-ab51-421f-8252-3b3a4c5969f1,RELIANCE,2024-01-19T18:18:33.873,2024-01-19T18:18:33.873,2024-01-19T18:18:33.873000,DissemDT,2024-01-19T18:18:33.873000,2024-01-20,2024-01-20T09:15:00,aligned,
f27ad174-4094-4951-ae11-c3283c28c6fa,RELIANCE,2024-01-19T18:14:04.777,2024-01-19T18:14:04.777,2024-01-19T18:14:04.777000,DissemDT,2024-01-19T18:14:04.777000,2024-01-20,2024-01-20T09:15:00,aligned,
d3d40d78-341a-42f1-b430-219b2a2b8c7a,HDFCBANK,2024-01-19T16:00:58.013,2024-01-19T16:00:58.013,2024-01-19T16:00:58.013000,DissemDT,2024-01-19T16:00:58.013000,2024-01-20,2024-01-20T09:15:00,aligned,
c28a486f-a352-4cac-94af-dddc170f22bd,RELIANCE,2024-01-18T18:09:14.97,2024-01-18T18:09:14.97,2024-01-18T18:09:14.970000,DissemDT,2024-01-18T18:09:14.970000,2024-01-19,2024-01-19T09:15:00,aligned,
a1a76afb-879f-44f6-b3be-6d413f61a69a,RELIANCE,2024-01-17T18:20:23.91,2024-01-17T18:20:23.91,2024-01-17T18:20:23.910000,DissemDT,2024-01-17T18:20:23.910000,2024-01-18,2024-01-18T09:15:00,aligned,
6010155a-a004-4b42-b093-9ac5ccccc9f0,HDFCBANK,2024-01-16T22:20:33.903,2024-01-16T22:20:33.903,2024-01-16T22:20:33.903000,DissemDT,2024-01-16T22:20:33.903000,2024-01-17,2024-01-17T09:15:00,aligned,
fed50c9b-491f-4fb1-b8c4-7ecfe3b0d03e,RELIANCE,2024-01-16T19:57:30.19,2024-01-16T19:57:30.19,2024-01-16T19:57:30.190000,DissemDT,2024-01-16T19:57:30.190000,2024-01-17,2024-01-17T09:15:00,aligned,
c7d32c36-4977-47c9-b81a-cac3e872231f,RELIANCE,2024-01-16T19:46:48.36,2024-01-16T19:46:48.36,2024-01-16T19:46:48.360000,DissemDT,2024-01-16T19:46:48.360000,2024-01-17,2024-01-17T09:15:00,aligned,
e013263c-dc91-48f6-87e4-ba7f207cfe0e,RVNL,2024-01-16T17:15:07.48,2024-01-16T17:15:07.48,2024-01-16T17:15:07.480000,DissemDT,2024-01-16T17:15:07.480000,2024-01-17,2024-01-17T09:15:00,aligned,
7db57808-29ff-40ab-8f48-2b4b8855cbc2,RVNL,2024-01-16T17:05:28.483,2024-01-16T17:05:28.483,2024-01-16T17:05:28.483000,DissemDT,2024-01-16T17:05:28.483000,2024-01-17,2024-01-17T09:15:00,aligned,
0220f7ac-faa5-4b34-9940-5281bdad6912,HDFCBANK,2024-01-16T16:01:24.063,2024-01-16T16:01:24.063,2024-01-16T16:01:24.063000,DissemDT,2024-01-16T16:01:24.063000,2024-01-17,2024-01-17T09:15:00,aligned,
74d41429-2eaa-48b4-b0af-03616f1d4334,HDFCBANK,2024-01-16T15:53:09.723,2024-01-16T15:53:09.723,2024-01-16T15:53:09.723000,DissemDT,2024-01-16T15:53:09.723000,2024-01-17,2024-01-17T09:15:00,aligned,
55c4c87c-02c4-4eb0-98c3-7053bd0c7cd9,RVNL,2024-01-15T18:04:33.833,2024-01-15T18:04:33.833,2024-01-15T18:04:33.833000,DissemDT,2024-01-15T18:04:33.833000,2024-01-16,2024-01-16T09:15:00,aligned,
bde2a3d6-3f19-4428-9b95-d2b6e909b8f9,HDFCBANK,2024-01-15T14:02:02.147,2024-01-15T14:02:02.147,2024-01-15T14:02:02.147000,DissemDT,2024-01-15T14:02:02.147000,2024-01-15,2024-01-15T14:03:00,aligned,
df7dd70f-6c84-4bd6-8a47-9b114b642844,RELIANCE,2024-01-15T08:42:43.52,2024-01-15T08:42:43.52,2024-01-15T08:42:43.520000,DissemDT,2024-01-15T08:42:43.520000,2024-01-15,2024-01-15T09:15:00,aligned,
952200b8-8996-4d46-b42e-6ec6b68bc286,RELIANCE,2024-01-14T11:22:21.39,2024-01-14T11:22:21.39,2024-01-14T11:22:21.390000,DissemDT,2024-01-14T11:22:21.390000,2024-01-15,2024-01-15T09:15:00,aligned,
f961102b-e6f0-42b3-8332-723ee9e98f85,RELIANCE,2024-01-12T19:41:07.733,2024-01-12T19:41:07.733,2024-01-12T19:41:07.733000,DissemDT,2024-01-12T19:41:07.733000,2024-01-15,2024-01-15T09:15:00,aligned,
8ee28b16-7c23-4014-8200-f48f1627fcbf,RVNL,2024-01-12T18:28:17.587,2024-01-12T18:28:17.587,2024-01-12T18:28:17.587000,DissemDT,2024-01-12T18:28:17.587000,2024-01-15,2024-01-15T09:15:00,aligned,
4256cda5-9f19-4fe0-bef4-3ad500821037,RVNL,2024-01-12T18:18:49.67,2024-01-12T18:18:49.67,2024-01-12T18:18:49.670000,DissemDT,2024-01-12T18:18:49.670000,2024-01-15,2024-01-15T09:15:00,aligned,
99f275c1-d014-4e54-956f-cca37d624bf6,RELIANCE,2024-01-12T17:15:12.107,2024-01-12T17:15:12.107,2024-01-12T17:15:12.107000,DissemDT,2024-01-12T17:15:12.107000,2024-01-15,2024-01-15T09:15:00,aligned,
f5ef0a32-8af8-4db7-9b57-95b377e106fb,RELIANCE,2024-01-11T19:18:07.89,2024-01-11T19:18:07.89,2024-01-11T19:18:07.890000,DissemDT,2024-01-11T19:18:07.890000,2024-01-12,2024-01-12T09:15:00,aligned,
72dd56cb-aca1-42c7-aa3d-4125ed258c99,HDFCBANK,2024-01-11T16:13:23.55,2024-01-11T16:13:23.55,2024-01-11T16:13:23.550000,DissemDT,2024-01-11T16:13:23.550000,2024-01-12,2024-01-12T09:15:00,aligned,
7cf82df1-ea46-4968-99bc-1baa2569b865,HDFCBANK,2024-01-11T14:52:48.163,2024-01-11T14:52:48.163,2024-01-11T14:52:48.163000,DissemDT,2024-01-11T14:52:48.163000,2024-01-11,2024-01-11T14:53:00,aligned,
52f576ff-b639-4e7d-8a39-41639070d88d,HDFCBANK,2024-01-11T14:40:54.927,2024-01-11T14:40:54.927,2024-01-11T14:40:54.927000,DissemDT,2024-01-11T14:40:54.927000,2024-01-11,2024-01-11T14:41:00,aligned,
43968dc0-08db-443a-88bd-f76dd2791c30,RELIANCE,2024-01-10T19:18:31.567,2024-01-10T19:18:31.567,2024-01-10T19:18:31.567000,DissemDT,2024-01-10T19:18:31.567000,2024-01-11,2024-01-11T09:15:00,aligned,
5dd98343-31aa-4523-976f-674307e32792,HAL,2024-01-10T16:33:17.763,2024-01-10T16:33:17.763,2024-01-10T16:33:17.763000,DissemDT,2024-01-10T16:33:17.763000,2024-01-11,2024-01-11T09:15:00,aligned,
7fed6d6b-a861-4763-a902-da2f0e3203a2,RELIANCE,2024-01-09T19:45:23.13,2024-01-09T19:45:23.13,2024-01-09T19:45:23.130000,DissemDT,2024-01-09T19:45:23.130000,2024-01-10,2024-01-10T09:15:00,aligned,
6b269e24-8f4b-4d63-8b99-0af7da461c05,RELIANCE,2024-01-09T19:33:29.287,2024-01-09T19:33:29.287,2024-01-09T19:33:29.287000,DissemDT,2024-01-09T19:33:29.287000,2024-01-10,2024-01-10T09:15:00,aligned,
0bea3dc0-dfb0-4c3f-b603-0b99103418de,HDFCBANK,2024-01-09T16:54:27.477,2024-01-09T16:54:27.477,2024-01-09T16:54:27.477000,DissemDT,2024-01-09T16:54:27.477000,2024-01-10,2024-01-10T09:15:00,aligned,
57c57be7-022f-4331-ab18-32df5f901472,RVNL,2024-01-09T11:45:09.96,2024-01-09T11:45:09.96,2024-01-09T11:45:09.960000,DissemDT,2024-01-09T11:45:09.960000,2024-01-09,2024-01-09T11:46:00,aligned,
955db990-1bd8-4e31-adb1-661bbf1ee260,NYKAA,2024-01-09T10:51:36.17,2024-01-09T10:51:36.17,2024-01-09T10:51:36.170000,DissemDT,2024-01-09T10:51:36.170000,2024-01-09,2024-01-09T10:52:00,aligned,
72596236-4aec-4b8f-ad8a-cd6f42404a1f,HDFCBANK,2024-01-08T14:01:45.833,2024-01-08T14:01:45.833,2024-01-08T14:01:45.833000,DissemDT,2024-01-08T14:01:45.833000,2024-01-08,2024-01-08T14:02:00,aligned,
10215de6-eb60-4fa4-ae81-a115f0cddfe8,NYKAA,2024-01-07T21:47:40.543,2024-01-07T21:47:40.543,2024-01-07T21:47:40.543000,DissemDT,2024-01-07T21:47:40.543000,2024-01-08,2024-01-08T09:15:00,aligned,
40155626-a0a7-4ef2-bdb8-f233b4a61a37,RELIANCE,2024-01-05T21:04:41.133,2024-01-05T21:04:41.133,2024-01-05T21:04:41.133000,DissemDT,2024-01-05T21:04:41.133000,2024-01-08,2024-01-08T09:15:00,aligned,
955f97d0-a96d-4244-8e7c-1100d996dbb9,HDFCBANK,2024-01-05T09:04:46.787,2024-01-05T09:04:46.787,2024-01-05T09:04:46.787000,DissemDT,2024-01-05T09:04:46.787000,2024-01-05,2024-01-05T09:15:00,aligned,
b1248bf7-756d-4d3d-b7f6-0269a5824edd,RELIANCE,2024-01-03T18:45:05.753,2024-01-03T18:45:05.753,2024-01-03T18:45:05.753000,DissemDT,2024-01-03T18:45:05.753000,2024-01-04,2024-01-04T09:15:00,aligned,
e2608dcb-e3eb-446a-bd17-e7f9d59e786e,RVNL,2024-01-03T17:39:07.04,2024-01-03T17:39:07.04,2024-01-03T17:39:07.040000,DissemDT,2024-01-03T17:39:07.040000,2024-01-04,2024-01-04T09:15:00,aligned,
d5442699-3010-454d-b58f-3b0947f8067b,HDFCBANK,2024-01-03T11:41:52.06,2024-01-03T11:41:52.06,2024-01-03T11:41:52.060000,DissemDT,2024-01-03T11:41:52.060000,2024-01-03,2024-01-03T11:42:00,aligned,
c81f54e6-eb06-4ea7-9097-3e2e1783bc7c,RELIANCE,2024-01-02T19:30:51.25,2024-01-02T19:30:51.25,2024-01-02T19:30:51.250000,DissemDT,2024-01-02T19:30:51.250000,2024-01-03,2024-01-03T09:15:00,aligned,
17b62bb4-9e30-456e-ab4a-3a1c9fdee99f,RELIANCE,2024-01-02T19:16:40.137,2024-01-02T19:16:40.137,2024-01-02T19:16:40.137000,DissemDT,2024-01-02T19:16:40.137000,2024-01-03,2024-01-03T09:15:00,aligned,
ceeb3aea-66d0-4dfb-b431-6a22c505e13c,RVNL,2024-01-02T18:38:29.667,2024-01-02T18:38:29.667,2024-01-02T18:38:29.667000,DissemDT,2024-01-02T18:38:29.667000,2024-01-03,2024-01-03T09:15:00,aligned,
b8f6a8c8-e4af-4065-845f-e6f575761b18,RVNL,2024-01-02T16:17:40.723,2024-01-02T16:17:40.723,2024-01-02T16:17:40.723000,DissemDT,2024-01-02T16:17:40.723000,2024-01-03,2024-01-03T09:15:00,aligned,
53617d17-7b85-4eda-a847-81d0a94c9fa6,HDFCBANK,2024-01-02T15:57:35.867,2024-01-02T15:57:35.867,2024-01-02T15:57:35.867000,DissemDT,2024-01-02T15:57:35.867000,2024-01-03,2024-01-03T09:15:00,aligned,
82f6eb90-6359-462d-b184-b5e902bb76b8,RELIANCE,2024-01-02T13:26:18.33,2024-01-02T13:26:18.33,2024-01-02T13:26:18.330000,DissemDT,2024-01-02T13:26:18.330000,2024-01-02,2024-01-02T13:27:00,aligned,
57c3123b-0810-46c1-af0f-92f65256fe23,RELIANCE,2023-12-31T19:23:31.227,2023-12-31T19:23:31.227,2023-12-31T19:23:31.227000,DissemDT,2023-12-31T19:23:31.227000,2024-01-01,2024-01-01T09:15:00,aligned,
9e3fce71-0c27-4ba0-865a-4c50f13e70db,HDFCBANK,2023-12-31T17:21:44.713,2023-12-31T17:21:44.713,2023-12-31T17:21:44.713000,DissemDT,2023-12-31T17:21:44.713000,2024-01-01,2024-01-01T09:15:00,aligned,
08d7312b-1169-42f2-948a-0c5157707a4e,RELIANCE,2023-12-29T23:14:32.913,2023-12-29T23:14:32.913,2023-12-29T23:14:32.913000,DissemDT,2023-12-29T23:14:32.913000,2024-01-01,2024-01-01T09:15:00,aligned,
9194d3e0-276a-4b55-a80b-f5a90ccfe1c1,HDFCBANK,2023-12-29T19:59:45.843,2023-12-29T19:59:45.843,2023-12-29T19:59:45.843000,DissemDT,2023-12-29T19:59:45.843000,2024-01-01,2024-01-01T09:15:00,aligned,
578b9ea5-2de9-4137-96d6-c38c0604cd31,RELIANCE,2023-12-29T18:09:37.01,2023-12-29T18:09:37.01,2023-12-29T18:09:37.010000,DissemDT,2023-12-29T18:09:37.010000,2024-01-01,2024-01-01T09:15:00,aligned,
04e768f3-3140-4daa-a3d7-1df5d8694f9c,RELIANCE,2023-12-29T16:39:33.517,2023-12-29T16:39:33.517,2023-12-29T16:39:33.517000,DissemDT,2023-12-29T16:39:33.517000,2024-01-01,2024-01-01T09:15:00,aligned,
5f2817bd-9387-48fc-ab26-a2a19d9ee080,RELIANCE,2023-12-28T18:40:11.45,2023-12-28T18:40:11.45,2023-12-28T18:40:11.450000,DissemDT,2023-12-28T18:40:11.450000,2023-12-29,2023-12-29T09:15:00,aligned,
c0a70bbf-d183-4e84-8d4f-8b74303c93d5,RVNL,2023-12-28T15:38:37.837,2023-12-28T15:38:37.837,2023-12-28T15:38:37.837000,DissemDT,2023-12-28T15:38:37.837000,2023-12-29,2023-12-29T09:15:00,aligned,
e2fa5d84-f36d-4edd-b2a5-e3ec04f096f7,HAL,2023-12-28T11:11:19.263,2023-12-28T11:11:19.263,2023-12-28T11:11:19.263000,DissemDT,2023-12-28T11:11:19.263000,2023-12-28,2023-12-28T11:12:00,aligned,
2280341e-6b4e-450a-86cd-1bc0f1e03d00,HAL,2023-12-28T09:50:15.987,2023-12-28T09:50:15.987,2023-12-28T09:50:15.987000,DissemDT,2023-12-28T09:50:15.987000,2023-12-28,2023-12-28T09:51:00,aligned,
1ee45227-68ce-466f-aacf-4d81d9801aaa,HDFCBANK,2023-12-28T09:30:12.063,2023-12-28T09:30:12.063,2023-12-28T09:30:12.063000,DissemDT,2023-12-28T09:30:12.063000,2023-12-28,2023-12-28T09:31:00,aligned,
5319b99b-73cc-4338-85c1-7a6567764dda,HDFCBANK,2023-12-27T21:02:58.05,2023-12-27T21:02:58.05,2023-12-27T21:02:58.050000,DissemDT,2023-12-27T21:02:58.050000,2023-12-28,2023-12-28T09:15:00,aligned,
6e071169-97a5-4a17-b181-59c3bb9ed623,RELIANCE,2023-12-27T17:56:13.787,2023-12-27T17:56:13.787,2023-12-27T17:56:13.787000,DissemDT,2023-12-27T17:56:13.787000,2023-12-28,2023-12-28T09:15:00,aligned,
ea49cc3a-fd23-4c60-beae-c512dcb5c188,HDFCBANK,2023-12-27T13:04:59.263,2023-12-27T13:04:59.263,2023-12-27T13:04:59.263000,DissemDT,2023-12-27T13:04:59.263000,2023-12-27,2023-12-27T13:05:00,aligned,
4050bc18-5e20-413a-a907-ceb27fe97bf4,HDFCBANK,2023-12-26T16:20:11.557,2023-12-26T16:20:11.557,2023-12-26T16:20:11.557000,DissemDT,2023-12-26T16:20:11.557000,2023-12-27,2023-12-27T09:15:00,aligned,
15e64776-6f42-4a94-9d3f-66ca8319f87c,HDFCBANK,2023-12-26T15:44:25.1,2023-12-26T15:44:25.1,2023-12-26T15:44:25.100000,DissemDT,2023-12-26T15:44:25.100000,2023-12-27,2023-12-27T09:15:00,aligned,
9be48772-7b0b-4a5b-b6b1-29b488d3dafd,NYKAA,2023-12-21T14:36:08.563,2023-12-21T14:36:08.563,2023-12-21T14:36:08.563000,DissemDT,2023-12-21T14:36:08.563000,2023-12-21,2023-12-21T14:37:00,aligned,
d1770dec-9095-4a41-b751-d39c1fbfdea3,HDFCBANK,2023-12-20T13:26:57.22,2023-12-20T13:26:57.22,2023-12-20T13:26:57.220000,DissemDT,2023-12-20T13:26:57.220000,2023-12-20,2023-12-20T13:27:00,aligned,
368af3fc-d8f4-4448-b37d-a00de45ae37a,HDFCBANK,2023-12-20T12:33:44.967,2023-12-20T12:33:44.967,2023-12-20T12:33:44.967000,DissemDT,2023-12-20T12:33:44.967000,2023-12-20,2023-12-20T12:34:00,aligned,
42e30922-10b7-494e-8493-485bbc8ae56b,RVNL,2023-12-19T16:43:43.227,2023-12-19T16:43:43.227,2023-12-19T16:43:43.227000,DissemDT,2023-12-19T16:43:43.227000,2023-12-20,2023-12-20T09:15:00,aligned,
2c2afef6-b59a-436d-aef7-d94c60d6c234,HDFCBANK,2023-12-19T14:43:42.153,2023-12-19T14:43:42.153,2023-12-19T14:43:42.153000,DissemDT,2023-12-19T14:43:42.153000,2023-12-19,2023-12-19T14:44:00,aligned,
f161d286-326a-44ad-88f9-9be2e1e23ed4,HDFCBANK,2023-12-18T20:35:22.277,2023-12-18T20:35:22.277,2023-12-18T20:35:22.277000,DissemDT,2023-12-18T20:35:22.277000,2023-12-19,2023-12-19T09:15:00,aligned,
5a0bf584-66fa-425c-83e2-e76440cafc05,HDFCBANK,2023-12-18T15:19:17.007,2023-12-18T15:19:17.007,2023-12-18T15:19:17.007000,DissemDT,2023-12-18T15:19:17.007000,2023-12-18,2023-12-18T15:20:00,aligned,
639cb3bc-1585-40e0-9a09-69f5e519c023,NYKAA,2023-12-18T15:00:20.82,2023-12-18T15:00:20.82,2023-12-18T15:00:20.820000,DissemDT,2023-12-18T15:00:20.820000,2023-12-18,2023-12-18T15:01:00,aligned,
9aea0ed2-1334-4c0a-9bcc-b6a5033108f0,RELIANCE,2023-12-17T14:37:48.987,2023-12-17T14:37:48.987,2023-12-17T14:37:48.987000,DissemDT,2023-12-17T14:37:48.987000,2023-12-18,2023-12-18T09:15:00,aligned,
ad50ab53-fdb9-4004-929c-61013dfa9ebf,RELIANCE,2023-12-15T15:52:14.64,2023-12-15T15:52:14.64,2023-12-15T15:52:14.640000,DissemDT,2023-12-15T15:52:14.640000,2023-12-18,2023-12-18T09:15:00,aligned,
14da6f2c-d7ff-42bd-9042-aba14d7be942,RELIANCE,2023-12-14T23:22:21.383,2023-12-14T23:22:21.383,2023-12-14T23:22:21.383000,DissemDT,2023-12-14T23:22:21.383000,2023-12-15,2023-12-15T09:15:00,aligned,
96ef4de7-58df-454f-8bf1-e8e8444ed68b,HDFCBANK,2023-12-13T19:08:17.65,2023-12-13T19:08:17.65,2023-12-13T19:08:17.650000,DissemDT,2023-12-13T19:08:17.650000,2023-12-14,2023-12-14T09:15:00,aligned,
a64f5118-bc36-4bea-a695-54b35e90f1da,RELIANCE,2023-12-13T18:30:54.13,2023-12-13T18:30:54.13,2023-12-13T18:30:54.130000,DissemDT,2023-12-13T18:30:54.130000,2023-12-14,2023-12-14T09:15:00,aligned,
4a43f38d-5869-4875-abb3-d8e8f7e54d24,RELIANCE,2023-12-13T18:27:51.713,2023-12-13T18:27:51.713,2023-12-13T18:27:51.713000,DissemDT,2023-12-13T18:27:51.713000,2023-12-14,2023-12-14T09:15:00,aligned,
d01c7c52-1afb-460f-9801-24d327d099f8,RELIANCE,2023-12-12T21:53:34.697,2023-12-12T21:53:34.697,2023-12-12T21:53:34.697000,DissemDT,2023-12-12T21:53:34.697000,2023-12-13,2023-12-13T09:15:00,aligned,
e0c214b5-1763-43bd-8e4f-e67043b910a2,RVNL,2023-12-12T18:30:10,2023-12-12T18:30:10,2023-12-12T18:30:10,DissemDT,2023-12-12T18:30:10,2023-12-13,2023-12-13T09:15:00,aligned,
4ce0c4f4-256f-4168-8d95-5d204b67c441,RELIANCE,2023-12-12T18:16:37.77,2023-12-12T18:16:37.77,2023-12-12T18:16:37.770000,DissemDT,2023-12-12T18:16:37.770000,2023-12-13,2023-12-13T09:15:00,aligned,
564ad08d-8ff9-4840-916f-3da1fc8e851c,HDFCBANK,2023-12-12T16:00:09.983,2023-12-12T16:00:09.983,2023-12-12T16:00:09.983000,DissemDT,2023-12-12T16:00:09.983000,2023-12-13,2023-12-13T09:15:00,aligned,
49cdef48-70fc-4b7b-bee8-c8d567e328d6,HDFCBANK,2023-12-11T17:58:59.013,2023-12-11T17:58:59.013,2023-12-11T17:58:59.013000,DissemDT,2023-12-11T17:58:59.013000,2023-12-12,2023-12-12T09:15:00,aligned,
64088fb5-3775-4527-919c-b0febd87725c,HDFCBANK,2023-12-11T17:45:53.63,2023-12-11T17:45:53.63,2023-12-11T17:45:53.630000,DissemDT,2023-12-11T17:45:53.630000,2023-12-12,2023-12-12T09:15:00,aligned,
95641774-d3c6-4c08-96a9-e3aaa8801e11,RVNL,2023-12-11T17:45:09.053,2023-12-11T17:45:09.053,2023-12-11T17:45:09.053000,DissemDT,2023-12-11T17:45:09.053000,2023-12-12,2023-12-12T09:15:00,aligned,
b1e4c60b-4b0a-4d5e-86fc-386bc0162310,HAL,2023-12-11T14:27:28.523,2023-12-11T14:27:28.523,2023-12-11T14:27:28.523000,DissemDT,2023-12-11T14:27:28.523000,2023-12-11,2023-12-11T14:28:00,aligned,
ebbd3270-d21f-4728-a0d4-65719e658c67,RELIANCE,2023-12-08T19:41:51.01,2023-12-08T19:41:51.01,2023-12-08T19:41:51.010000,DissemDT,2023-12-08T19:41:51.010000,2023-12-11,2023-12-11T09:15:00,aligned,
77b77c9d-0da8-471c-9c6c-1399928368fb,RELIANCE,2023-12-07T18:45:18.963,2023-12-07T18:45:18.963,2023-12-07T18:45:18.963000,DissemDT,2023-12-07T18:45:18.963000,2023-12-08,2023-12-08T09:15:00,aligned,
052e0799-18d5-4c0b-84ec-a1bf4dbb122d,RELIANCE,2023-12-07T17:54:29.243,2023-12-07T17:54:29.243,2023-12-07T17:54:29.243000,DissemDT,2023-12-07T17:54:29.243000,2023-12-08,2023-12-08T09:15:00,aligned,
0a6edf9e-79f8-4202-9371-ae8ad90571da,RELIANCE,2023-12-06T17:35:50.553,2023-12-06T17:35:50.553,2023-12-06T17:35:50.553000,DissemDT,2023-12-06T17:35:50.553000,2023-12-07,2023-12-07T09:15:00,aligned,
7cd1604d-18c4-4579-b6e1-9da8e9edf704,HDFCBANK,2023-12-05T18:53:38.13,2023-12-05T18:53:38.13,2023-12-05T18:53:38.130000,DissemDT,2023-12-05T18:53:38.130000,2023-12-06,2023-12-06T09:15:00,aligned,
f07f05bc-89dc-4e33-85cc-37e87105dc7c,RELIANCE,2023-12-05T18:28:16.063,2023-12-05T18:28:16.063,2023-12-05T18:28:16.063000,DissemDT,2023-12-05T18:28:16.063000,2023-12-06,2023-12-06T09:15:00,aligned,
072e1afe-73be-421c-9def-8f5096c355fc,HDFCBANK,2023-12-05T16:37:52.47,2023-12-05T16:37:52.47,2023-12-05T16:37:52.470000,DissemDT,2023-12-05T16:37:52.470000,2023-12-06,2023-12-06T09:15:00,aligned,
b759cdd7-0b8c-40c0-8768-39ee9bde88c5,RELIANCE,2023-12-04T18:18:41.22,2023-12-04T18:18:41.22,2023-12-04T18:18:41.220000,DissemDT,2023-12-04T18:18:41.220000,2023-12-05,2023-12-05T09:15:00,aligned,
d0f6a759-bb9c-46fc-8aa8-c3b48f206bbd,RVNL,2023-12-04T17:08:15.157,2023-12-04T17:08:15.157,2023-12-04T17:08:15.157000,DissemDT,2023-12-04T17:08:15.157000,2023-12-05,2023-12-05T09:15:00,aligned,
0095e811-ec6f-46b7-8095-a19523d568dd,HDFCBANK,2023-12-04T16:36:30.937,2023-12-04T16:36:30.937,2023-12-04T16:36:30.937000,DissemDT,2023-12-04T16:36:30.937000,2023-12-05,2023-12-05T09:15:00,aligned,
6122040a-91ea-4ab9-9ec3-1cdf8e2ead42,NYKAA,2023-12-02T09:28:06.063,2023-12-02T09:28:06.063,2023-12-02T09:28:06.063000,DissemDT,2023-12-02T09:28:06.063000,2023-12-04,2023-12-04T09:15:00,aligned,
b5d2c0a9-67af-4067-bfba-8e6551aa373f,NYKAA,2023-12-02T09:26:46.317,2023-12-02T09:26:46.317,2023-12-02T09:26:46.317000,DissemDT,2023-12-02T09:26:46.317000,2023-12-04,2023-12-04T09:15:00,aligned,
c9749021-e715-47db-aa91-4bb8e2a8165e,RELIANCE,2023-12-01T17:17:39.233,2023-12-01T17:17:39.233,2023-12-01T17:17:39.233000,DissemDT,2023-12-01T17:17:39.233000,2023-12-04,2023-12-04T09:15:00,aligned,
dbe68038-f858-4468-a73e-d116687aec0b,RELIANCE,2023-12-01T16:48:52.4,2023-12-01T16:48:52.4,2023-12-01T16:48:52.400000,DissemDT,2023-12-01T16:48:52.400000,2023-12-04,2023-12-04T09:15:00,aligned,
901aa4dc-72c6-4585-9462-218c5d5e89e2,HDFCBANK,2023-12-01T14:09:44.913,2023-12-01T14:09:44.913,2023-12-01T14:09:44.913000,DissemDT,2023-12-01T14:09:44.913000,2023-12-01,2023-12-01T14:10:00,aligned,
933061f3-30f1-4753-bc9f-d3d4bf684ace,RELIANCE,2023-11-30T18:53:26.78,2023-11-30T18:53:26.78,2023-11-30T18:53:26.780000,DissemDT,2023-11-30T18:53:26.780000,2023-12-01,2023-12-01T09:15:00,aligned,
2f900f64-9070-491b-a305-4930602ecbd1,RELIANCE,2023-11-30T17:53:42.167,2023-11-30T17:53:42.167,2023-11-30T17:53:42.167000,DissemDT,2023-11-30T17:53:42.167000,2023-12-01,2023-12-01T09:15:00,aligned,
6d32e8a4-1945-4e68-93a0-1dda8d2730b4,HDFCBANK,2023-11-30T17:50:07.653,2023-11-30T17:50:07.653,2023-11-30T17:50:07.653000,DissemDT,2023-11-30T17:50:07.653000,2023-12-01,2023-12-01T09:15:00,aligned,
e7535904-adec-4ab2-b989-06e2d6ce00e8,HAL,2023-11-30T16:58:49.09,2023-11-30T16:58:49.09,2023-11-30T16:58:49.090000,DissemDT,2023-11-30T16:58:49.090000,2023-12-01,2023-12-01T09:15:00,aligned,
cbbee29d-0280-478d-953a-e20900129adb,RELIANCE,2023-11-29T18:46:18.98,2023-11-29T18:46:18.98,2023-11-29T18:46:18.980000,DissemDT,2023-11-29T18:46:18.980000,2023-11-30,2023-11-30T09:15:00,aligned,
4a5f612e-dc59-4b9d-9a70-e295662762f9,NYKAA,2023-11-29T17:21:51.33,2023-11-29T17:21:51.33,2023-11-29T17:21:51.330000,DissemDT,2023-11-29T17:21:51.330000,2023-11-30,2023-11-30T09:15:00,aligned,
657fdc5b-c6d4-4ab7-97d6-bb27d6a2f2c4,HDFCBANK,2023-11-29T16:28:47.567,2023-11-29T16:28:47.567,2023-11-29T16:28:47.567000,DissemDT,2023-11-29T16:28:47.567000,2023-11-30,2023-11-30T09:15:00,aligned,
8114d16d-54a0-4877-b772-bd7b7f5497e3,RELIANCE,2023-11-28T18:21:05.663,2023-11-28T18:21:05.663,2023-11-28T18:21:05.663000,DissemDT,2023-11-28T18:21:05.663000,2023-11-29,2023-11-29T09:15:00,aligned,
3d2f35ef-3246-4587-9184-d2dd79995c6e,HDFCBANK,2023-11-28T14:15:51.59,2023-11-28T14:15:51.59,2023-11-28T14:15:51.590000,DissemDT,2023-11-28T14:15:51.590000,2023-11-28,2023-11-28T14:16:00,aligned,
5734c6f3-1a17-477c-bbff-b2211a0da9a2,HDFCBANK,2023-11-27T17:45:12.343,2023-11-27T17:45:12.343,2023-11-27T17:45:12.343000,DissemDT,2023-11-27T17:45:12.343000,2023-11-28,2023-11-28T09:15:00,aligned,
4cbfcb1a-31df-4423-81a7-1d68961c1305,HAL,2023-11-27T15:48:19.053,2023-11-27T15:48:19.053,2023-11-27T15:48:19.053000,DissemDT,2023-11-27T15:48:19.053000,2023-11-28,2023-11-28T09:15:00,aligned,
dc85d2cc-a09f-456d-8cc6-c58af0938191,HDFCBANK,2023-11-27T09:05:51.487,2023-11-27T09:05:51.487,2023-11-27T09:05:51.487000,DissemDT,2023-11-27T09:05:51.487000,2023-11-28,2023-11-28T09:15:00,aligned,
8b91de01-dad6-4ed1-8e1c-f6fc0e86d3a6,NYKAA,2023-11-24T18:06:22.93,2023-11-24T18:06:22.93,2023-11-24T18:06:22.930000,DissemDT,2023-11-24T18:06:22.930000,2023-11-28,2023-11-28T09:15:00,aligned,
1a606923-fffe-4a67-8950-69c013a742cf,RELIANCE,2023-11-24T17:05:58.357,2023-11-24T17:05:58.357,2023-11-24T17:05:58.357000,DissemDT,2023-11-24T17:05:58.357000,2023-11-28,2023-11-28T09:15:00,aligned,
b750d772-6c81-4290-8f3b-bd10f6dda7cd,HDFCBANK,2023-11-23T22:57:19.453,2023-11-23T22:57:19.453,2023-11-23T22:57:19.453000,DissemDT,2023-11-23T22:57:19.453000,2023-11-24,2023-11-24T09:15:00,aligned,
e1733a5a-36c1-4d99-8614-967f99d90c64,RVNL,2023-11-23T18:03:25.64,2023-11-23T18:03:25.64,2023-11-23T18:03:25.640000,DissemDT,2023-11-23T18:03:25.640000,2023-11-24,2023-11-24T09:15:00,aligned,
635db99d-b482-4996-9540-38c608fe2166,RELIANCE,2023-11-23T17:36:25.263,2023-11-23T17:36:25.263,2023-11-23T17:36:25.263000,DissemDT,2023-11-23T17:36:25.263000,2023-11-24,2023-11-24T09:15:00,aligned,
36c3a940-faab-4632-b619-850d148d4b5a,HAL,2023-11-23T09:59:47.98,2023-11-23T09:59:47.98,2023-11-23T09:59:47.980000,DissemDT,2023-11-23T09:59:47.980000,2023-11-23,2023-11-23T10:00:00,aligned,
e2ae1150-f3de-4e06-ab85-a187e6f2f540,RELIANCE,2023-11-22T18:28:58.33,2023-11-22T18:28:58.33,2023-11-22T18:28:58.330000,DissemDT,2023-11-22T18:28:58.330000,2023-11-23,2023-11-23T09:15:00,aligned,
f7a56b57-912a-431b-9fa3-3072a557cbd9,RELIANCE,2023-11-22T18:21:52.697,2023-11-22T18:21:52.697,2023-11-22T18:21:52.697000,DissemDT,2023-11-22T18:21:52.697000,2023-11-23,2023-11-23T09:15:00,aligned,
1fa39171-2855-4961-865c-0a0f1d6779f0,RELIANCE,2023-11-22T18:11:01.8,2023-11-22T18:11:01.8,2023-11-22T18:11:01.800000,DissemDT,2023-11-22T18:11:01.800000,2023-11-23,2023-11-23T09:15:00,aligned,
f479d5ab-8d05-4942-a909-299c14e8c174,HDFCBANK,2023-11-22T16:51:31.707,2023-11-22T16:51:31.707,2023-11-22T16:51:31.707000,DissemDT,2023-11-22T16:51:31.707000,2023-11-23,2023-11-23T09:15:00,aligned,
351e8015-1782-4c63-92a8-d9b19d81fb81,RELIANCE,2023-11-21T20:20:23.21,2023-11-21T20:20:23.21,2023-11-21T20:20:23.210000,DissemDT,2023-11-21T20:20:23.210000,2023-11-22,2023-11-22T09:15:00,aligned,
24193673-7f96-469b-a338-747f391aa650,RELIANCE,2023-11-21T20:09:13.02,2023-11-21T20:09:13.02,2023-11-21T20:09:13.020000,DissemDT,2023-11-21T20:09:13.020000,2023-11-22,2023-11-22T09:15:00,aligned,
4172006c-7226-4f86-a925-acc6881fd74d,RELIANCE,2023-11-21T19:58:03.863,2023-11-21T19:58:03.863,2023-11-21T19:58:03.863000,DissemDT,2023-11-21T19:58:03.863000,2023-11-22,2023-11-22T09:15:00,aligned,
a8170c00-bce0-4841-b952-5744125a5589,HDFCBANK,2023-11-21T19:57:47.94,2023-11-21T19:57:47.94,2023-11-21T19:57:47.940000,DissemDT,2023-11-21T19:57:47.940000,2023-11-22,2023-11-22T09:15:00,aligned,
10ed62f0-1b26-4e15-94c7-c2034d32bfc8,RELIANCE,2023-11-21T19:25:41.323,2023-11-21T19:25:41.323,2023-11-21T19:25:41.323000,DissemDT,2023-11-21T19:25:41.323000,2023-11-22,2023-11-22T09:15:00,aligned,
b2d4f7d3-863d-4b73-89ee-9b5e61703dbb,RELIANCE,2023-11-17T18:45:27.493,2023-11-17T18:45:27.493,2023-11-17T18:45:27.493000,DissemDT,2023-11-17T18:45:27.493000,2023-11-20,2023-11-20T09:15:00,aligned,
c6eea57e-c12c-4348-a88d-d42c42c6e863,RELIANCE,2023-11-17T17:44:05.9,2023-11-17T17:44:05.9,2023-11-17T17:44:05.900000,DissemDT,2023-11-17T17:44:05.900000,2023-11-20,2023-11-20T09:15:00,aligned,
7210fc3f-e4f3-4a80-bada-fc6094483c4c,RELIANCE,2023-11-16T20:36:00.273,2023-11-16T20:36:00.273,2023-11-16T20:36:00.273000,DissemDT,2023-11-16T20:36:00.273000,2023-11-17,2023-11-17T09:15:00,aligned,
39e7e3cd-852e-4733-9edd-771538d3137f,RELIANCE,2023-11-16T20:30:42.58,2023-11-16T20:30:42.58,2023-11-16T20:30:42.580000,DissemDT,2023-11-16T20:30:42.580000,2023-11-17,2023-11-17T09:15:00,aligned,
6e9db955-77af-4b0b-855a-5a53a67e44b6,RELIANCE,2023-11-16T20:27:54.16,2023-11-16T20:27:54.16,2023-11-16T20:27:54.160000,DissemDT,2023-11-16T20:27:54.160000,2023-11-17,2023-11-17T09:15:00,aligned,
3c29489d-3bce-4086-bb4d-fb189e12be90,RELIANCE,2023-11-16T20:22:37.437,2023-11-16T20:22:37.437,2023-11-16T20:22:37.437000,DissemDT,2023-11-16T20:22:37.437000,2023-11-17,2023-11-17T09:15:00,aligned,
bdeea4b8-81e1-478d-8763-c06635023378,RVNL,2023-11-16T18:34:07.22,2023-11-16T18:34:07.22,2023-11-16T18:34:07.220000,DissemDT,2023-11-16T18:34:07.220000,2023-11-17,2023-11-17T09:15:00,aligned,
70a94121-65a9-4109-9406-bc28afffbcb3,HDFCBANK,2023-11-16T17:49:38.573,2023-11-16T17:49:38.573,2023-11-16T17:49:38.573000,DissemDT,2023-11-16T17:49:38.573000,2023-11-17,2023-11-17T09:15:00,aligned,
2eab471c-96ce-40b0-96e3-bbab201d03bb,RELIANCE,2023-11-16T17:28:23.567,2023-11-16T17:28:23.567,2023-11-16T17:28:23.567000,DissemDT,2023-11-16T17:28:23.567000,2023-11-17,2023-11-17T09:15:00,aligned,
651f2f66-8cbe-4ab4-aa7d-5c9113191519,NYKAA,2023-11-16T11:44:02.6,2023-11-16T11:44:02.6,2023-11-16T11:44:02.600000,DissemDT,2023-11-16T11:44:02.600000,2023-11-16,2023-11-16T11:45:00,aligned,
e4446626-26fd-4ba5-8e4a-6ac09163820b,RVNL,2023-11-15T16:52:26.203,2023-11-15T16:52:26.203,2023-11-15T16:52:26.203000,DissemDT,2023-11-15T16:52:26.203000,2023-11-16,2023-11-16T09:15:00,aligned,
fd3f5f9c-6b2b-4a90-8d72-24b559941b87,HDFCBANK,2023-11-15T13:36:46.047,2023-11-15T13:36:46.047,2023-11-15T13:36:46.047000,DissemDT,2023-11-15T13:36:46.047000,2023-11-15,2023-11-15T13:37:00,aligned,
bf7b21f7-0865-42be-8deb-d8a1b27c101e,RELIANCE,2023-11-14T17:47:49.213,2023-11-14T17:47:49.213,2023-11-14T17:47:49.213000,DissemDT,2023-11-14T17:47:49.213000,2023-11-15,2023-11-15T09:15:00,aligned,
17a35d07-3d60-438c-9031-5f57fd54609a,RELIANCE,2023-11-14T17:37:24.783,2023-11-14T17:37:24.783,2023-11-14T17:37:24.783000,DissemDT,2023-11-14T17:37:24.783000,2023-11-15,2023-11-15T09:15:00,aligned,
f19fe818-04e3-43b2-9f2b-82ab1841e826,RVNL,2023-11-13T18:17:47.483,2023-11-13T18:17:47.483,2023-11-13T18:17:47.483000,DissemDT,2023-11-13T18:17:47.483000,2023-11-15,2023-11-15T09:15:00,aligned,
bdc0a135-2e59-4ea4-8e55-175212a7c297,RVNL,2023-11-13T17:32:11.81,2023-11-13T17:32:11.81,2023-11-13T17:32:11.810000,DissemDT,2023-11-13T17:32:11.810000,2023-11-15,2023-11-15T09:15:00,aligned,
b76e861d-54e4-46bc-bffc-952a39fbc030,HDFCBANK,2023-11-13T14:55:09.867,2023-11-13T14:55:09.867,2023-11-13T14:55:09.867000,DissemDT,2023-11-13T14:55:09.867000,2023-11-13,2023-11-13T14:56:00,aligned,
5a561793-35e6-4e8c-b36a-f25b5af4e098,HDFCBANK,2023-11-10T20:23:42.803,2023-11-10T20:23:42.803,2023-11-10T20:23:42.803000,DissemDT,2023-11-10T20:23:42.803000,2023-11-12,2023-11-12T18:15:00,aligned,
62b8fb06-a8a8-479f-b844-2c3dd62ac2bb,RELIANCE,2023-11-10T17:20:18.573,2023-11-10T17:20:18.573,2023-11-10T17:20:18.573000,DissemDT,2023-11-10T17:20:18.573000,2023-11-12,2023-11-12T18:15:00,aligned,
360c21db-7d7a-47c9-b571-48627e956385,RVNL,2023-11-10T16:38:38.36,2023-11-10T16:38:38.36,2023-11-10T16:38:38.360000,DissemDT,2023-11-10T16:38:38.360000,2023-11-12,2023-11-12T18:15:00,aligned,
5a1efe2c-ecb7-43ef-ac40-2523d16e49b4,RVNL,2023-11-10T16:28:20.05,2023-11-10T16:28:20.05,2023-11-10T16:28:20.050000,DissemDT,2023-11-10T16:28:20.050000,2023-11-12,2023-11-12T18:15:00,aligned,
04d4f6fc-f7c9-4811-a62b-f7aa40d38d03,HAL,2023-11-10T13:50:21.3,2023-11-10T13:50:21.3,2023-11-10T13:50:21.300000,DissemDT,2023-11-10T13:50:21.300000,2023-11-10,2023-11-10T13:51:00,aligned,
b7bd1e81-32db-4939-9eab-ad81290c9f08,RELIANCE,2023-11-10T13:25:28.747,2023-11-10T13:25:28.747,2023-11-10T13:25:28.747000,DissemDT,2023-11-10T13:25:28.747000,2023-11-10,2023-11-10T13:26:00,aligned,
4557c05b-ac36-41c2-b2b5-e6dbc54fc655,NYKAA,2023-11-10T13:11:02.25,2023-11-10T13:11:02.25,2023-11-10T13:11:02.250000,DissemDT,2023-11-10T13:11:02.250000,2023-11-10,2023-11-10T13:12:00,aligned,
6f15a038-24d4-4efb-b8ef-3e1d6d4faa31,HAL,2023-11-10T10:12:45.103,2023-11-10T10:12:45.103,2023-11-10T10:12:45.103000,DissemDT,2023-11-10T10:12:45.103000,2023-11-10,2023-11-10T10:13:00,aligned,
41a20279-c2a4-4a74-800e-ffb556ff9ebf,RELIANCE,2023-11-09T22:42:10.61,2023-11-09T22:42:10.61,2023-11-09T22:42:10.610000,DissemDT,2023-11-09T22:42:10.610000,2023-11-10,2023-11-10T09:15:00,aligned,
27bbc942-74b6-4bcf-a227-ee05b24f777d,RELIANCE,2023-11-09T22:37:07.027,2023-11-09T22:37:07.027,2023-11-09T22:37:07.027000,DissemDT,2023-11-09T22:37:07.027000,2023-11-10,2023-11-10T09:15:00,aligned,
21980921-9473-4641-8707-704ceb6a9dee,RVNL,2023-11-09T18:35:05.107,2023-11-09T18:35:05.107,2023-11-09T18:35:05.107000,DissemDT,2023-11-09T18:35:05.107000,2023-11-10,2023-11-10T09:15:00,aligned,
f08090ce-6199-4ca0-a9f7-dc31de3365a2,RELIANCE,2023-11-09T18:19:22.007,2023-11-09T18:19:22.007,2023-11-09T18:19:22.007000,DissemDT,2023-11-09T18:19:22.007000,2023-11-10,2023-11-10T09:15:00,aligned,
86b17fd6-f5e1-42d6-90ef-38aa0dc682aa,RVNL,2023-11-09T18:14:22.19,2023-11-09T18:14:22.19,2023-11-09T18:14:22.190000,DissemDT,2023-11-09T18:14:22.190000,2023-11-10,2023-11-10T09:15:00,aligned,
8c62e621-47b6-420e-917c-2c7a9c5abd24,RVNL,2023-11-09T16:41:01.89,2023-11-09T16:41:01.89,2023-11-09T16:41:01.890000,DissemDT,2023-11-09T16:41:01.890000,2023-11-10,2023-11-10T09:15:00,aligned,
eab44fb7-0346-4414-b532-0b3560b1690f,RVNL,2023-11-09T16:37:31.887,2023-11-09T16:37:31.887,2023-11-09T16:37:31.887000,DissemDT,2023-11-09T16:37:31.887000,2023-11-10,2023-11-10T09:15:00,aligned,
3c3abc47-790c-4a71-97fd-83543a5b898c,HAL,2023-11-09T16:09:03.94,2023-11-09T16:09:03.94,2023-11-09T16:09:03.940000,DissemDT,2023-11-09T16:09:03.940000,2023-11-10,2023-11-10T09:15:00,aligned,
2b5ef2d0-10cc-4f00-ba61-cbc1af902b22,HDFCBANK,2023-11-09T09:08:55.29,2023-11-09T09:08:55.29,2023-11-09T09:08:55.290000,DissemDT,2023-11-09T09:08:55.290000,2023-11-09,2023-11-09T09:15:00,aligned,
e6de7011-545d-4b88-ade4-4488d8b3c465,NYKAA,2023-11-08T19:25:51.96,2023-11-08T19:25:51.96,2023-11-08T19:25:51.960000,DissemDT,2023-11-08T19:25:51.960000,2023-11-09,2023-11-09T09:15:00,aligned,
e62db9a5-e40b-4e65-b9bf-b6057ed85bfc,RELIANCE,2023-11-08T18:13:34.47,2023-11-08T18:13:34.47,2023-11-08T18:13:34.470000,DissemDT,2023-11-08T18:13:34.470000,2023-11-09,2023-11-09T09:15:00,aligned,
55d37389-cfc8-4e37-95c2-27925e173f9a,NYKAA,2023-11-08T17:24:02.61,2023-11-08T17:24:02.61,2023-11-08T17:24:02.610000,DissemDT,2023-11-08T17:24:02.610000,2023-11-09,2023-11-09T09:15:00,aligned,
ccdd7351-25c2-4766-a298-8ec05d3e9d01,NYKAA,2023-11-08T17:19:23.523,2023-11-08T17:19:23.523,2023-11-08T17:19:23.523000,DissemDT,2023-11-08T17:19:23.523000,2023-11-09,2023-11-09T09:15:00,aligned,
079c47a6-beeb-417a-9920-c3099a79642c,RELIANCE,2023-11-07T18:10:53.28,2023-11-07T18:10:53.28,2023-11-07T18:10:53.280000,DissemDT,2023-11-07T18:10:53.280000,2023-11-08,2023-11-08T09:15:00,aligned,
9f41cd76-7282-4c29-bf67-c75733431f14,RELIANCE,2023-11-07T17:59:52.45,2023-11-07T17:59:52.45,2023-11-07T17:59:52.450000,DissemDT,2023-11-07T17:59:52.450000,2023-11-08,2023-11-08T09:15:00,aligned,
debcd039-7637-49e6-8442-cb9771d72104,NYKAA,2023-11-07T17:12:32.513,2023-11-07T17:12:32.513,2023-11-07T17:12:32.513000,DissemDT,2023-11-07T17:12:32.513000,2023-11-08,2023-11-08T09:15:00,aligned,
f0da13ff-7e11-4895-9d2d-53478fb392f3,HDFCBANK,2023-11-07T14:40:22.357,2023-11-07T14:40:22.357,2023-11-07T14:40:22.357000,DissemDT,2023-11-07T14:40:22.357000,2023-11-07,2023-11-07T14:41:00,aligned,
6614cab1-58e6-4cdb-b346-9e89dbfdcb2c,NYKAA,2023-11-06T21:23:04.65,2023-11-06T21:23:04.65,2023-11-06T21:23:04.650000,DissemDT,2023-11-06T21:23:04.650000,2023-11-07,2023-11-07T09:15:00,aligned,
de50afaf-1547-4f08-8333-9ba75e5d39ac,RELIANCE,2023-11-06T21:22:34.443,2023-11-06T21:22:34.443,2023-11-06T21:22:34.443000,DissemDT,2023-11-06T21:22:34.443000,2023-11-07,2023-11-07T09:15:00,aligned,
e425ee75-9b06-4138-9050-b3d9af3713d9,NYKAA,2023-11-06T18:21:29.153,2023-11-06T18:21:29.153,2023-11-06T18:21:29.153000,DissemDT,2023-11-06T18:21:29.153000,2023-11-07,2023-11-07T09:15:00,aligned,
b0e1a326-05bd-472d-8fa7-97f8bf228ec4,NYKAA,2023-11-06T16:38:42.357,2023-11-06T16:38:42.357,2023-11-06T16:38:42.357000,DissemDT,2023-11-06T16:38:42.357000,2023-11-07,2023-11-07T09:15:00,aligned,
77cdafd0-fef3-4f52-a52a-48ec1d4cb31e,NYKAA,2023-11-06T16:01:34.503,2023-11-06T16:01:34.503,2023-11-06T16:01:34.503000,DissemDT,2023-11-06T16:01:34.503000,2023-11-07,2023-11-07T09:15:00,aligned,
328e8608-9457-4a22-a751-f6b22b837977,NYKAA,2023-11-06T15:52:58.72,2023-11-06T15:52:58.72,2023-11-06T15:52:58.720000,DissemDT,2023-11-06T15:52:58.720000,2023-11-07,2023-11-07T09:15:00,aligned,
bae5d637-a841-41d6-befd-351c80a38e8a,NYKAA,2023-11-06T15:43:38.993,2023-11-06T15:43:38.993,2023-11-06T15:43:38.993000,DissemDT,2023-11-06T15:43:38.993000,2023-11-07,2023-11-07T09:15:00,aligned,
9babb943-60b7-4327-a8ba-1cdad63a2d65,NYKAA,2023-11-06T15:40:54.333,2023-11-06T15:40:54.333,2023-11-06T15:40:54.333000,DissemDT,2023-11-06T15:40:54.333000,2023-11-07,2023-11-07T09:15:00,aligned,
b159428f-a77e-4275-aa96-25cae151d46d,HDFCBANK,2023-11-06T15:01:58.63,2023-11-06T15:01:58.63,2023-11-06T15:01:58.630000,DissemDT,2023-11-06T15:01:58.630000,2023-11-06,2023-11-06T15:02:00,aligned,
d3f22574-da99-4245-9d6b-09d9772a08ac,RELIANCE,2023-11-04T15:57:30.507,2023-11-04T15:57:30.507,2023-11-04T15:57:30.507000,DissemDT,2023-11-04T15:57:30.507000,2023-11-06,2023-11-06T09:15:00,aligned,
45012ba5-61a8-4426-8512-e8844af52d23,RELIANCE,2023-11-03T19:30:50.627,2023-11-03T19:30:50.627,2023-11-03T19:30:50.627000,DissemDT,2023-11-03T19:30:50.627000,2023-11-06,2023-11-06T09:15:00,aligned,
45b55d09-5dd8-424b-903d-5a309b3906f4,RELIANCE,2023-11-03T16:22:41.56,2023-11-03T16:22:41.56,2023-11-03T16:22:41.560000,DissemDT,2023-11-03T16:22:41.560000,2023-11-06,2023-11-06T09:15:00,aligned,
6b24dfaa-a6b3-48ae-bcd9-11d42f71b09f,RELIANCE,2023-11-02T20:05:48.71,2023-11-02T20:05:48.71,2023-11-02T20:05:48.710000,DissemDT,2023-11-02T20:05:48.710000,2023-11-03,2023-11-03T09:15:00,aligned,
6fcf04f6-9019-4e66-815e-fd3332408433,RELIANCE,2023-11-02T18:50:31.82,2023-11-02T18:50:31.82,2023-11-02T18:50:31.820000,DissemDT,2023-11-02T18:50:31.820000,2023-11-03,2023-11-03T09:15:00,aligned,
e2abee9e-a23d-4773-b330-c77518e376b5,NYKAA,2023-11-01T20:20:11.377,2023-11-01T20:20:11.377,2023-11-01T20:20:11.377000,DissemDT,2023-11-01T20:20:11.377000,2023-11-02,2023-11-02T09:15:00,aligned,
c6d41f4d-5f28-412c-95bd-120b9989bb03,RELIANCE,2023-11-01T18:49:50.177,2023-11-01T18:49:50.177,2023-11-01T18:49:50.177000,DissemDT,2023-11-01T18:49:50.177000,2023-11-02,2023-11-02T09:15:00,aligned,
0777e30b-65a7-4e3e-899f-c57e1c4ba4c2,RELIANCE,2023-11-01T18:33:30.583,2023-11-01T18:33:30.583,2023-11-01T18:33:30.583000,DissemDT,2023-11-01T18:33:30.583000,2023-11-02,2023-11-02T09:15:00,aligned,
404401e9-d102-4d1d-b4ef-19bd23d55e2a,RVNL,2023-11-01T17:13:30.08,2023-11-01T17:13:30.08,2023-11-01T17:13:30.080000,DissemDT,2023-11-01T17:13:30.080000,2023-11-02,2023-11-02T09:15:00,aligned,
b3d37c75-576a-4d75-9900-281aa2a3fd9e,HDFCBANK,2023-11-01T17:11:24.65,2023-11-01T17:11:24.65,2023-11-01T17:11:24.650000,DissemDT,2023-11-01T17:11:24.650000,2023-11-02,2023-11-02T09:15:00,aligned,
480690ac-cb2c-41a6-a516-d59b4f25acb3,HDFCBANK,2023-11-01T16:23:34.62,2023-11-01T16:23:34.62,2023-11-01T16:23:34.620000,DissemDT,2023-11-01T16:23:34.620000,2023-11-02,2023-11-02T09:15:00,aligned,
4c6a74c5-d31d-4639-8bd8-851dd4d15296,RVNL,2023-11-01T14:39:32.85,2023-11-01T14:39:32.85,2023-11-01T14:39:32.850000,DissemDT,2023-11-01T14:39:32.850000,2023-11-01,2023-11-01T14:40:00,aligned,
bd14017e-5d97-47be-825c-7720d87905fa,NYKAA,2023-11-01T14:05:37.453,2023-11-01T14:05:37.453,2023-11-01T14:05:37.453000,DissemDT,2023-11-01T14:05:37.453000,2023-11-01,2023-11-01T14:06:00,aligned,
21e15dbb-628c-4aa6-a951-8e6df591121b,RELIANCE,2023-10-31T19:01:45.5,2023-10-31T19:01:45.5,2023-10-31T19:01:45.500000,DissemDT,2023-10-31T19:01:45.500000,2023-11-01,2023-11-01T09:15:00,aligned,
0857063c-351e-4bb8-b6ed-47de80971fb9,RELIANCE,2023-10-31T18:52:59.073,2023-10-31T18:52:59.073,2023-10-31T18:52:59.073000,DissemDT,2023-10-31T18:52:59.073000,2023-11-01,2023-11-01T09:15:00,aligned,
96641a64-8c49-4042-9016-5c7447c6bb5e,HAL,2023-10-31T09:24:14.387,2023-10-31T09:24:14.387,2023-10-31T09:24:14.387000,DissemDT,2023-10-31T09:24:14.387000,2023-10-31,2023-10-31T09:25:00,aligned,
40496a47-69ca-4f47-8b75-d5288a439d19,HDFCBANK,2023-10-30T21:05:19.643,2023-10-30T21:05:19.643,2023-10-30T21:05:19.643000,DissemDT,2023-10-30T21:05:19.643000,2023-10-31,2023-10-31T09:15:00,aligned,
fd752aff-5f92-4184-8009-b69a2e875e7d,RELIANCE,2023-10-28T11:08:23.777,2023-10-28T11:08:23.777,2023-10-28T11:08:23.777000,DissemDT,2023-10-28T11:08:23.777000,2023-10-30,2023-10-30T09:15:00,aligned,
b17586da-2bfd-48ea-926f-77ea4468197d,RELIANCE,2023-10-28T10:59:51.06,2023-10-28T10:59:51.06,2023-10-28T10:59:51.060000,DissemDT,2023-10-28T10:59:51.060000,2023-10-30,2023-10-30T09:15:00,aligned,
ff2c394f-7604-4e3b-89ec-610c5e1f7def,RELIANCE,2023-10-27T21:19:06.817,2023-10-27T21:19:06.817,2023-10-27T21:19:06.817000,DissemDT,2023-10-27T21:19:06.817000,2023-10-30,2023-10-30T09:15:00,aligned,
6cf11ecb-a44f-405b-8b29-eb49d2a26a3d,RELIANCE,2023-10-27T21:09:18.933,2023-10-27T21:09:18.933,2023-10-27T21:09:18.933000,DissemDT,2023-10-27T21:09:18.933000,2023-10-30,2023-10-30T09:15:00,aligned,
20cdac9a-a910-45a5-96a2-406489e0378a,RELIANCE,2023-10-27T19:32:10.73,2023-10-27T19:32:10.73,2023-10-27T19:32:10.730000,DissemDT,2023-10-27T19:32:10.730000,2023-10-30,2023-10-30T09:15:00,aligned,
8cc778a3-04c7-43ba-a87c-7533113e97aa,RELIANCE,2023-10-27T19:23:39.37,2023-10-27T19:23:39.37,2023-10-27T19:23:39.370000,DissemDT,2023-10-27T19:23:39.370000,2023-10-30,2023-10-30T09:15:00,aligned,
c61f38f0-2e0c-4315-b0e2-c4e9695279e3,RELIANCE,2023-10-27T17:53:59.847,2023-10-27T17:53:59.847,2023-10-27T17:53:59.847000,DissemDT,2023-10-27T17:53:59.847000,2023-10-30,2023-10-30T09:15:00,aligned,
82ce30a9-78dc-4438-b20e-20a7751a10ed,RVNL,2023-10-27T16:09:08.833,2023-10-27T16:09:08.833,2023-10-27T16:09:08.833000,DissemDT,2023-10-27T16:09:08.833000,2023-10-30,2023-10-30T09:15:00,aligned,
366f88cd-337a-4d61-8a2a-7f69d2234fa2,HAL,2023-10-27T15:31:20.277,2023-10-27T15:31:20.277,2023-10-27T15:31:20.277000,DissemDT,2023-10-27T15:31:20.277000,2023-10-30,2023-10-30T09:15:00,aligned,
db63d489-f01c-4838-9bbc-e095bd8b5a26,RELIANCE,2023-10-27T11:34:11.657,2023-10-27T11:34:11.657,2023-10-27T11:34:11.657000,DissemDT,2023-10-27T11:34:11.657000,2023-10-27,2023-10-27T11:35:00,aligned,
9dc1e454-eef0-4fe3-8dc1-53fb13d54d15,RELIANCE,2023-10-26T19:10:24.867,2023-10-26T19:10:24.867,2023-10-26T19:10:24.867000,DissemDT,2023-10-26T19:10:24.867000,2023-10-27,2023-10-27T09:15:00,aligned,
7d417911-eea5-4b40-a0bf-7c9a469db6b3,HAL,2023-10-26T17:15:55.253,2023-10-26T17:15:55.253,2023-10-26T17:15:55.253000,DissemDT,2023-10-26T17:15:55.253000,2023-10-27,2023-10-27T09:15:00,aligned,
db3436e5-6741-45a4-a216-288c4817369d,NYKAA,2023-10-26T15:19:52.63,2023-10-26T15:19:52.63,2023-10-26T15:19:52.630000,DissemDT,2023-10-26T15:19:52.630000,2023-10-26,2023-10-26T15:20:00,aligned,
5ce0c811-7939-4f01-a9c3-673f2a85e17d,HDFCBANK,2023-10-25T23:12:33.973,2023-10-25T23:12:33.973,2023-10-25T23:12:33.973000,DissemDT,2023-10-25T23:12:33.973000,2023-10-26,2023-10-26T09:15:00,aligned,
861c54ea-82fa-4799-8091-07f6e441df20,HDFCBANK,2023-10-25T21:24:53.227,2023-10-25T21:24:53.227,2023-10-25T21:24:53.227000,DissemDT,2023-10-25T21:24:53.227000,2023-10-26,2023-10-26T09:15:00,aligned,
41936ef0-75a9-4c07-89f0-3579fec68272,RELIANCE,2023-10-25T19:42:46.873,2023-10-25T19:42:46.873,2023-10-25T19:42:46.873000,DissemDT,2023-10-25T19:42:46.873000,2023-10-26,2023-10-26T09:15:00,aligned,
539334d5-5e75-4f6a-89be-15cd9cb4785b,HDFCBANK,2023-10-25T18:08:15.02,2023-10-25T18:08:15.02,2023-10-25T18:08:15.020000,DissemDT,2023-10-25T18:08:15.020000,2023-10-26,2023-10-26T09:15:00,aligned,
a81b64f5-b37e-47e6-9c6c-b5b9d8adfdbd,HDFCBANK,2023-10-25T14:41:26.88,2023-10-25T14:41:26.88,2023-10-25T14:41:26.880000,DissemDT,2023-10-25T14:41:26.880000,2023-10-25,2023-10-25T14:42:00,aligned,
193bce00-95fe-4014-bb6b-98cd9e09f697,RELIANCE,2023-10-23T18:49:34.077,2023-10-23T18:49:34.077,2023-10-23T18:49:34.077000,DissemDT,2023-10-23T18:49:34.077000,2023-10-25,2023-10-25T09:15:00,aligned,
da5e631c-4d09-4512-9cd8-889c2c9f39f4,HDFCBANK,2023-10-23T14:55:21.093,2023-10-23T14:55:21.093,2023-10-23T14:55:21.093000,DissemDT,2023-10-23T14:55:21.093000,2023-10-23,2023-10-23T14:56:00,aligned,
310ae001-1d5f-47d2-8b12-09494eac81f5,HDFCBANK,2023-10-21T22:04:34.487,2023-10-21T22:04:34.487,2023-10-21T22:04:34.487000,DissemDT,2023-10-21T22:04:34.487000,2023-10-23,2023-10-23T09:15:00,aligned,
0d96bf16-b2c1-440e-bf98-b85286af4a45,RELIANCE,2023-10-20T19:41:07.927,2023-10-20T19:41:07.927,2023-10-20T19:41:07.927000,DissemDT,2023-10-20T19:41:07.927000,2023-10-23,2023-10-23T09:15:00,aligned,
f05ef203-0d48-4602-9a7a-0749694e455d,RELIANCE,2023-10-20T18:34:22.49,2023-10-20T18:34:22.49,2023-10-20T18:34:22.490000,DissemDT,2023-10-20T18:34:22.490000,2023-10-23,2023-10-23T09:15:00,aligned,
6e9434a7-f031-4c88-9dac-efe7a4aa7d4a,RELIANCE,2023-10-20T18:14:24.897,2023-10-20T18:14:24.897,2023-10-20T18:14:24.897000,DissemDT,2023-10-20T18:14:24.897000,2023-10-23,2023-10-23T09:15:00,aligned,
1fea11c0-5bdc-4f36-874d-07ab69076c1b,RELIANCE,2023-10-19T20:19:56.113,2023-10-19T20:19:56.113,2023-10-19T20:19:56.113000,DissemDT,2023-10-19T20:19:56.113000,2023-10-20,2023-10-20T09:15:00,aligned,
8e8b5e18-f507-416b-8c57-c0ceff1ea7d2,HDFCBANK,2023-10-19T18:42:58.11,2023-10-19T18:42:58.11,2023-10-19T18:42:58.110000,DissemDT,2023-10-19T18:42:58.110000,2023-10-20,2023-10-20T09:15:00,aligned,
fefc0f0d-07a2-4605-afae-f1c7f7840ff9,RVNL,2023-10-19T16:54:45.527,2023-10-19T16:54:45.527,2023-10-19T16:54:45.527000,DissemDT,2023-10-19T16:54:45.527000,2023-10-20,2023-10-20T09:15:00,aligned,
c33c75ec-7edc-450f-a794-f1108ee50189,RVNL,2023-10-19T16:45:17.907,2023-10-19T16:45:17.907,2023-10-19T16:45:17.907000,DissemDT,2023-10-19T16:45:17.907000,2023-10-20,2023-10-20T09:15:00,aligned,
a19dd731-6484-4a2e-b0b5-072a26c81e25,RELIANCE,2023-10-18T20:01:30.95,2023-10-18T20:01:30.95,2023-10-18T20:01:30.950000,DissemDT,2023-10-18T20:01:30.950000,2023-10-19,2023-10-19T09:15:00,aligned,
3d985d93-ac19-4c09-b202-412f0ac92bf2,HDFCBANK,2023-10-18T16:46:58.92,2023-10-18T16:46:58.92,2023-10-18T16:46:58.920000,DissemDT,2023-10-18T16:46:58.920000,2023-10-19,2023-10-19T09:15:00,aligned,
b234311b-f007-4562-9c02-68566f41e028,RELIANCE,2023-10-17T20:05:11.92,2023-10-17T20:05:11.92,2023-10-17T20:05:11.920000,DissemDT,2023-10-17T20:05:11.920000,2023-10-18,2023-10-18T09:15:00,aligned,
ba14a9c7-b4e1-4067-9ece-44c2284b72f0,RELIANCE,2023-10-17T19:57:09.903,2023-10-17T19:57:09.903,2023-10-17T19:57:09.903000,DissemDT,2023-10-17T19:57:09.903000,2023-10-18,2023-10-18T09:15:00,aligned,
815129a1-89c4-4b72-8522-b307bc5e8673,HDFCBANK,2023-10-17T18:01:35.333,2023-10-17T18:01:35.333,2023-10-17T18:01:35.333000,DissemDT,2023-10-17T18:01:35.333000,2023-10-18,2023-10-18T09:15:00,aligned,
d9ce9187-3b98-49f2-9700-a6386a57d51d,HDFCBANK,2023-10-16T22:52:07.47,2023-10-16T22:52:07.47,2023-10-16T22:52:07.470000,DissemDT,2023-10-16T22:52:07.470000,2023-10-17,2023-10-17T09:15:00,aligned,
9611c660-6417-40c8-adaf-ee9dc7879a36,HDFCBANK,2023-10-16T17:28:06.69,2023-10-16T17:28:06.69,2023-10-16T17:28:06.690000,DissemDT,2023-10-16T17:28:06.690000,2023-10-17,2023-10-17T09:15:00,aligned,
4b8aefd8-cab6-4ac2-9e15-92ad511b865d,HDFCBANK,2023-10-16T17:03:01.167,2023-10-16T17:03:01.167,2023-10-16T17:03:01.167000,DissemDT,2023-10-16T17:03:01.167000,2023-10-17,2023-10-17T09:15:00,aligned,
da98968f-a0f0-44ab-be74-ad09867d040d,HDFCBANK,2023-10-16T16:06:47.443,2023-10-16T16:06:47.443,2023-10-16T16:06:47.443000,DissemDT,2023-10-16T16:06:47.443000,2023-10-17,2023-10-17T09:15:00,aligned,
cc7d8146-478a-49aa-961d-5087ec17e7e8,HDFCBANK,2023-10-16T15:51:12.96,2023-10-16T15:51:12.96,2023-10-16T15:51:12.960000,DissemDT,2023-10-16T15:51:12.960000,2023-10-17,2023-10-17T09:15:00,aligned,
63ffafe4-9463-4c10-9e5b-e90c43cb1a06,HDFCBANK,2023-10-16T12:48:02.557,2023-10-16T12:48:02.557,2023-10-16T12:48:02.557000,DissemDT,2023-10-16T12:48:02.557000,2023-10-16,2023-10-16T12:49:00,aligned,
5ea0de61-5ded-42af-8a1b-3fde4db781bf,HDFCBANK,2023-10-15T18:58:50.387,2023-10-15T18:58:50.387,2023-10-15T18:58:50.387000,DissemDT,2023-10-15T18:58:50.387000,2023-10-16,2023-10-16T09:15:00,aligned,
01932435-b0ae-4d2d-924f-b98d8aef6cfe,RELIANCE,2023-10-13T23:07:57.053,2023-10-13T23:07:57.053,2023-10-13T23:07:57.053000,DissemDT,2023-10-13T23:07:57.053000,2023-10-16,2023-10-16T09:15:00,aligned,
4c0bf9c0-019b-4928-89f2-c924ac64e554,RELIANCE,2023-10-13T19:29:24.983,2023-10-13T19:29:24.983,2023-10-13T19:29:24.983000,DissemDT,2023-10-13T19:29:24.983000,2023-10-16,2023-10-16T09:15:00,aligned,
dcaf5163-c4ed-4ef7-9675-f2457a45a231,RVNL,2023-10-13T15:42:32.84,2023-10-13T15:42:32.84,2023-10-13T15:42:32.840000,DissemDT,2023-10-13T15:42:32.840000,2023-10-16,2023-10-16T09:15:00,aligned,
f10ff82a-3eb4-49c0-9d1f-ec7b803bbf75,HDFCBANK,2023-10-13T15:23:06.04,2023-10-13T15:23:06.04,2023-10-13T15:23:06.040000,DissemDT,2023-10-13T15:23:06.040000,2023-10-13,2023-10-13T15:24:00,aligned,
e8ea5135-8147-480e-be09-f7fed6dfa10b,NYKAA,2023-10-13T12:40:31.407,2023-10-13T12:40:31.407,2023-10-13T12:40:31.407000,DissemDT,2023-10-13T12:40:31.407000,2023-10-13,2023-10-13T12:41:00,aligned,
9c3e0404-15dc-4c7a-83b6-d48c72178974,HAL,2023-10-13T09:17:22.817,2023-10-13T09:17:22.817,2023-10-13T09:17:22.817000,DissemDT,2023-10-13T09:17:22.817000,2023-10-13,2023-10-13T09:18:00,aligned,
1aac8d3f-c036-40a1-ab63-fa3bf0aa0ba7,RELIANCE,2023-10-12T18:51:21.44,2023-10-12T18:51:21.44,2023-10-12T18:51:21.440000,DissemDT,2023-10-12T18:51:21.440000,2023-10-13,2023-10-13T09:15:00,aligned,
495d7545-7f40-4618-8b47-30acddc258c0,RELIANCE,2023-10-11T19:30:28.697,2023-10-11T19:30:28.697,2023-10-11T19:30:28.697000,DissemDT,2023-10-11T19:30:28.697000,2023-10-12,2023-10-12T09:15:00,aligned,
c1e4d0d9-4f3f-4077-b2ae-021e07015619,RVNL,2023-10-11T17:47:22.643,2023-10-11T17:47:22.643,2023-10-11T17:47:22.643000,DissemDT,2023-10-11T17:47:22.643000,2023-10-12,2023-10-12T09:15:00,aligned,
0046382e-b5b6-44d0-b1ca-db1c9e43b94e,RELIANCE,2023-10-10T18:17:44.633,2023-10-10T18:17:44.633,2023-10-10T18:17:44.633000,DissemDT,2023-10-10T18:17:44.633000,2023-10-11,2023-10-11T09:15:00,aligned,
3d9a7e81-b4dc-42df-bd0d-e7aec5544624,HDFCBANK,2023-10-10T17:33:11.183,2023-10-10T17:33:11.183,2023-10-10T17:33:11.183000,DissemDT,2023-10-10T17:33:11.183000,2023-10-11,2023-10-11T09:15:00,aligned,
081aa7c9-3148-4151-acef-a6fb2acca179,NYKAA,2023-10-10T13:28:50.19,2023-10-10T13:28:50.19,2023-10-10T13:28:50.190000,DissemDT,2023-10-10T13:28:50.190000,2023-10-10,2023-10-10T13:29:00,aligned,
96a22c87-4426-44b1-9a4a-86ff868f712a,RELIANCE,2023-10-09T22:04:47.6,2023-10-09T22:04:47.6,2023-10-09T22:04:47.600000,DissemDT,2023-10-09T22:04:47.600000,2023-10-10,2023-10-10T09:15:00,aligned,
c5b08b66-7bf0-4c94-b836-160b00f8c70c,RELIANCE,2023-10-09T19:31:50.717,2023-10-09T19:31:50.717,2023-10-09T19:31:50.717000,DissemDT,2023-10-09T19:31:50.717000,2023-10-10,2023-10-10T09:15:00,aligned,
eae8bfa2-413a-4760-b8f9-2d600b9c0e0d,HDFCBANK,2023-10-09T13:54:56.407,2023-10-09T13:54:56.407,2023-10-09T13:54:56.407000,DissemDT,2023-10-09T13:54:56.407000,2023-10-09,2023-10-09T13:55:00,aligned,
88e824ee-0362-4cb4-a86a-83e3404cb891,RVNL,2023-10-07T19:52:23.577,2023-10-07T19:52:23.577,2023-10-07T19:52:23.577000,DissemDT,2023-10-07T19:52:23.577000,2023-10-09,2023-10-09T09:15:00,aligned,
cff98624-1e88-4461-a322-5212fb5d408b,RVNL,2023-10-07T19:39:31.287,2023-10-07T19:39:31.287,2023-10-07T19:39:31.287000,DissemDT,2023-10-07T19:39:31.287000,2023-10-09,2023-10-09T09:15:00,aligned,
ae25423c-f87d-424b-8a9b-34681f992143,RELIANCE,2023-10-06T21:03:06.277,2023-10-06T21:03:06.277,2023-10-06T21:03:06.277000,DissemDT,2023-10-06T21:03:06.277000,2023-10-09,2023-10-09T09:15:00,aligned,
bfc38eee-0471-4c52-80c3-331e02a8c350,RELIANCE,2023-10-06T19:41:36.783,2023-10-06T19:41:36.783,2023-10-06T19:41:36.783000,DissemDT,2023-10-06T19:41:36.783000,2023-10-09,2023-10-09T09:15:00,aligned,
92e7a49e-186f-442f-a7dd-84bd1574fd38,HDFCBANK,2023-10-06T14:53:42.43,2023-10-06T14:53:42.43,2023-10-06T14:53:42.430000,DissemDT,2023-10-06T14:53:42.430000,2023-10-06,2023-10-06T14:54:00,aligned,
a1c1600e-6540-4b61-83df-108196e14198,NYKAA,2023-10-06T07:57:39.793,2023-10-06T07:57:39.793,2023-10-06T07:57:39.793000,DissemDT,2023-10-06T07:57:39.793000,2023-10-06,2023-10-06T09:15:00,aligned,
1360c7ec-62fa-4d72-8132-c240632d2fd0,RELIANCE,2023-10-05T20:21:05.98,2023-10-05T20:21:05.98,2023-10-05T20:21:05.980000,DissemDT,2023-10-05T20:21:05.980000,2023-10-06,2023-10-06T09:15:00,aligned,
3d5559e6-f4d4-42af-a4f3-1ab5537503de,NYKAA,2023-10-05T19:53:42.137,2023-10-05T19:53:42.137,2023-10-05T19:53:42.137000,DissemDT,2023-10-05T19:53:42.137000,2023-10-06,2023-10-06T09:15:00,aligned,
c9bc52aa-f8cb-425a-a0ce-98134355a0a7,RELIANCE,2023-10-04T18:51:30.8,2023-10-04T18:51:30.8,2023-10-04T18:51:30.800000,DissemDT,2023-10-04T18:51:30.800000,2023-10-05,2023-10-05T09:15:00,aligned,
9aad184a-7203-4aac-9335-d8af8c7b6557,HAL,2023-10-04T17:31:35.727,2023-10-04T17:31:35.723,2023-10-04T17:31:35.727000,DissemDT,2023-10-04T17:31:35.727000,2023-10-05,2023-10-05T09:15:00,aligned,
913af608-bbb9-46be-b080-e6c608effda3,RELIANCE,2023-10-04T15:00:25.993,2023-10-04T15:00:25.993,2023-10-04T15:00:25.993000,DissemDT,2023-10-04T15:00:25.993000,2023-10-04,2023-10-04T15:01:00,aligned,
b742e918-3f70-4fd3-9539-6c96a6fb81c5,HDFCBANK,2023-10-04T09:32:26.653,2023-10-04T09:32:26.653,2023-10-04T09:32:26.653000,DissemDT,2023-10-04T09:32:26.653000,2023-10-04,2023-10-04T09:33:00,aligned,
af205949-4de4-4507-a14b-86c30a4c0f7b,RELIANCE,2023-10-03T20:57:16.87,2023-10-03T20:57:16.87,2023-10-03T20:57:16.870000,DissemDT,2023-10-03T20:57:16.870000,2023-10-04,2023-10-04T09:15:00,aligned,
63b4fd49-6a38-45d6-abec-b29c32849828,RVNL,2023-10-03T17:54:17.89,2023-10-03T17:54:17.89,2023-10-03T17:54:17.890000,DissemDT,2023-10-03T17:54:17.890000,2023-10-04,2023-10-04T09:15:00,aligned,
477a2043-93c5-42d7-85e9-420559042b8f,RELIANCE,2023-09-29T19:57:56.58,2023-09-29T19:57:56.58,2023-09-29T19:57:56.580000,DissemDT,2023-09-29T19:57:56.580000,2023-10-03,2023-10-03T09:15:00,aligned,
210f5aab-3292-49eb-b3b7-866d606ed386,RELIANCE,2023-09-29T19:54:36.25,2023-09-29T19:54:36.25,2023-09-29T19:54:36.250000,DissemDT,2023-09-29T19:54:36.250000,2023-10-03,2023-10-03T09:15:00,aligned,
5f5cb69c-0add-4ec7-bbc1-4f79d82d21f3,NYKAA,2023-09-29T18:08:42.297,2023-09-29T18:08:42.297,2023-09-29T18:08:42.297000,DissemDT,2023-09-29T18:08:42.297000,2023-10-03,2023-10-03T09:15:00,aligned,
fc11c97a-6226-493b-83bc-030cbd374da9,RVNL,2023-09-29T17:53:56.343,2023-09-29T17:53:56.343,2023-09-29T17:53:56.343000,DissemDT,2023-09-29T17:53:56.343000,2023-10-03,2023-10-03T09:15:00,aligned,
d0720c17-1ef7-45d8-9086-84c1e5edc9ee,RVNL,2023-09-29T17:52:18.553,2023-09-29T17:52:18.553,2023-09-29T17:52:18.553000,DissemDT,2023-09-29T17:52:18.553000,2023-10-03,2023-10-03T09:15:00,aligned,
0cdba3e2-ff76-42e9-ae58-86cea1dcbeef,HDFCBANK,2023-09-29T16:31:40.523,2023-09-29T16:31:40.523,2023-09-29T16:31:40.523000,DissemDT,2023-09-29T16:31:40.523000,2023-10-03,2023-10-03T09:15:00,aligned,
f296b7cc-cf58-4dc1-a0a0-1d3f9a7f7033,RELIANCE,2023-09-28T19:44:25.54,2023-09-28T19:44:25.54,2023-09-28T19:44:25.540000,DissemDT,2023-09-28T19:44:25.540000,2023-09-29,2023-09-29T09:15:00,aligned,
37259a63-1a32-47cb-81f9-b8baf907866b,HAL,2023-09-28T15:33:33.123,2023-09-28T15:33:33.123,2023-09-28T15:33:33.123000,DissemDT,2023-09-28T15:33:33.123000,2023-09-29,2023-09-29T09:15:00,aligned,
05bffb6c-7370-4b4d-a023-148f6eafc2e1,HAL,2023-09-28T09:44:56.39,2023-09-28T09:44:56.39,2023-09-28T09:44:56.390000,DissemDT,2023-09-28T09:44:56.390000,2023-09-28,2023-09-28T09:45:00,aligned,
4d6f800c-bc9e-4ae4-bd0c-6b78dc657ee5,HDFCBANK,2023-09-27T20:41:23.577,2023-09-27T20:41:23.577,2023-09-27T20:41:23.577000,DissemDT,2023-09-27T20:41:23.577000,2023-09-28,2023-09-28T09:15:00,aligned,
3620b5d0-f2b3-4e9b-9744-fbce8417a161,RVNL,2023-09-27T19:13:15.553,2023-09-27T19:13:15.553,2023-09-27T19:13:15.553000,DissemDT,2023-09-27T19:13:15.553000,2023-09-28,2023-09-28T09:15:00,aligned,
eac15d8b-896d-4687-bf69-ab05739cc404,RVNL,2023-09-27T18:55:59.13,2023-09-27T18:55:59.13,2023-09-27T18:55:59.130000,DissemDT,2023-09-27T18:55:59.130000,2023-09-28,2023-09-28T09:15:00,aligned,
4ade4ff3-7976-4827-b09e-323045dcc2ac,RVNL,2023-09-27T18:20:55.587,2023-09-27T18:20:55.587,2023-09-27T18:20:55.587000,DissemDT,2023-09-27T18:20:55.587000,2023-09-28,2023-09-28T09:15:00,aligned,
198970bb-92aa-44f7-8840-f5d0a0b1054b,RELIANCE,2023-09-27T17:18:45,2023-09-27T17:18:45,2023-09-27T17:18:45,DissemDT,2023-09-27T17:18:45,2023-09-28,2023-09-28T09:15:00,aligned,
92589a25-5b21-4da1-98f3-3c03fbb03033,RVNL,2023-09-27T14:20:28.373,2023-09-27T14:20:28.373,2023-09-27T14:20:28.373000,DissemDT,2023-09-27T14:20:28.373000,2023-09-27,2023-09-27T14:21:00,aligned,
bde12ea9-f065-480f-b23e-424ae5248130,HAL,2023-09-27T11:39:34.073,2023-09-27T11:39:34.073,2023-09-27T11:39:34.073000,DissemDT,2023-09-27T11:39:34.073000,2023-09-27,2023-09-27T11:40:00,aligned,
14fc9b5c-df9d-46e5-895e-ba37fccbe35c,RELIANCE,2023-09-26T19:50:35.08,2023-09-26T19:50:35.08,2023-09-26T19:50:35.080000,DissemDT,2023-09-26T19:50:35.080000,2023-09-27,2023-09-27T09:15:00,aligned,
783101d3-a45f-4831-a09c-6dea2be0bb74,RELIANCE,2023-09-26T19:47:25.287,2023-09-26T19:47:25.287,2023-09-26T19:47:25.287000,DissemDT,2023-09-26T19:47:25.287000,2023-09-27,2023-09-27T09:15:00,aligned,
93ccb0c9-88c4-4e80-ae3c-b57c8fd2892c,RELIANCE,2023-09-26T19:17:16.733,2023-09-26T19:17:16.733,2023-09-26T19:17:16.733000,DissemDT,2023-09-26T19:17:16.733000,2023-09-27,2023-09-27T09:15:00,aligned,
0a08c9cc-7fef-4217-a85b-30967050c91b,RELIANCE,2023-09-26T19:09:42.133,2023-09-26T19:09:42.133,2023-09-26T19:09:42.133000,DissemDT,2023-09-26T19:09:42.133000,2023-09-27,2023-09-27T09:15:00,aligned,
82a5c19b-0a74-4db9-b3ac-8836b1fd9e17,HAL,2023-09-26T14:03:11.733,2023-09-26T14:03:11.733,2023-09-26T14:03:11.733000,DissemDT,2023-09-26T14:03:11.733000,2023-09-26,2023-09-26T14:04:00,aligned,
46a1adce-14e4-43f2-bdc5-0c67df59f1e0,RVNL,2023-09-26T13:46:37.737,2023-09-26T13:46:37.737,2023-09-26T13:46:37.737000,DissemDT,2023-09-26T13:46:37.737000,2023-09-26,2023-09-26T13:47:00,aligned,
a4f7c913-2322-4a21-b8ca-55b5962ea451,HDFCBANK,2023-09-25T19:04:33.34,2023-09-25T19:04:33.34,2023-09-25T19:04:33.340000,DissemDT,2023-09-25T19:04:33.340000,2023-09-26,2023-09-26T09:15:00,aligned,
6bc2db4a-af9d-4259-87a2-65f341f6c465,RELIANCE,2023-09-25T17:47:50.993,2023-09-25T17:47:50.993,2023-09-25T17:47:50.993000,DissemDT,2023-09-25T17:47:50.993000,2023-09-26,2023-09-26T09:15:00,aligned,
ef5d664d-6768-4398-9c18-0c4b3d246101,RELIANCE,2023-09-22T18:11:17.253,2023-09-22T18:11:17.253,2023-09-22T18:11:17.253000,DissemDT,2023-09-22T18:11:17.253000,2023-09-25,2023-09-25T09:15:00,aligned,
6359d5af-898c-49b8-8ef3-263412c6301f,RELIANCE,2023-09-22T17:53:03.563,2023-09-22T17:53:03.563,2023-09-22T17:53:03.563000,DissemDT,2023-09-22T17:53:03.563000,2023-09-25,2023-09-25T09:15:00,aligned,
0fc8c0e6-ea06-443c-b348-bd460df12bd6,HAL,2023-09-22T11:59:57.213,2023-09-22T11:59:57.213,2023-09-22T11:59:57.213000,DissemDT,2023-09-22T11:59:57.213000,2023-09-22,2023-09-22T12:00:00,aligned,
277f9727-c5a5-49ee-8f09-d5d1e9e15c89,HDFCBANK,2023-09-22T00:00:16.5,2023-09-22T00:00:16.5,2023-09-22T00:00:16.500000,DissemDT,2023-09-22T00:00:16.500000,2023-09-22,2023-09-22T09:15:00,aligned,
ef4633bc-642a-4686-aa5d-da8df32cc999,HDFCBANK,2023-09-21T21:38:14.037,2023-09-21T21:38:14.037,2023-09-21T21:38:14.037000,DissemDT,2023-09-21T21:38:14.037000,2023-09-22,2023-09-22T09:15:00,aligned,
8ebb2555-7249-449a-97f3-81331ff1654e,HDFCBANK,2023-09-21T21:31:07.02,2023-09-21T21:31:07.02,2023-09-21T21:31:07.020000,DissemDT,2023-09-21T21:31:07.020000,2023-09-22,2023-09-22T09:15:00,aligned,
223fc25d-4051-4f94-aece-35a7daff979b,RELIANCE,2023-09-21T19:01:46.477,2023-09-21T19:01:46.477,2023-09-21T19:01:46.477000,DissemDT,2023-09-21T19:01:46.477000,2023-09-22,2023-09-22T09:15:00,aligned,
8ae0d34f-6f7f-43cc-b008-5e66b4102817,RELIANCE,2023-09-21T18:55:21.74,2023-09-21T18:55:21.74,2023-09-21T18:55:21.740000,DissemDT,2023-09-21T18:55:21.740000,2023-09-22,2023-09-22T09:15:00,aligned,
65abe92e-4ed6-4ece-b791-cafe4f213515,RVNL,2023-09-21T18:24:26.49,2023-09-21T18:24:26.49,2023-09-21T18:24:26.490000,DissemDT,2023-09-21T18:24:26.490000,2023-09-22,2023-09-22T09:15:00,aligned,
4adae5ff-3c7d-455e-a29e-59b79aa56e81,HDFCBANK,2023-09-21T17:25:31.73,2023-09-21T17:25:31.73,2023-09-21T17:25:31.730000,DissemDT,2023-09-21T17:25:31.730000,2023-09-22,2023-09-22T09:15:00,aligned,
42bc7e97-0191-43fc-98c4-fd298609f18c,HDFCBANK,2023-09-21T17:06:15.273,2023-09-21T17:06:15.273,2023-09-21T17:06:15.273000,DissemDT,2023-09-21T17:06:15.273000,2023-09-22,2023-09-22T09:15:00,aligned,
085175c4-aceb-4fd4-810d-663ddcee531c,HDFCBANK,2023-09-20T16:58:19.447,2023-09-20T16:58:19.447,2023-09-20T16:58:19.447000,DissemDT,2023-09-20T16:58:19.447000,2023-09-21,2023-09-21T09:15:00,aligned,
d16591d6-70e6-45bc-b161-f741a0d547c4,HDFCBANK,2023-09-20T14:06:08.763,2023-09-20T14:06:08.763,2023-09-20T14:06:08.763000,DissemDT,2023-09-20T14:06:08.763000,2023-09-20,2023-09-20T14:07:00,aligned,
a0281c68-c447-4306-a8a8-75b79332ed2d,HDFCBANK,2023-09-19T16:38:50.803,2023-09-19T16:38:50.803,2023-09-19T16:38:50.803000,DissemDT,2023-09-19T16:38:50.803000,2023-09-20,2023-09-20T09:15:00,aligned,
1e73a65c-f88e-4622-9a06-b529ffcd5409,RELIANCE,2023-09-19T14:01:20.843,2023-09-19T14:01:20.843,2023-09-19T14:01:20.843000,DissemDT,2023-09-19T14:01:20.843000,2023-09-20,2023-09-20T09:15:00,aligned,
691c6eef-0629-4020-bf81-0bd89b809292,HDFCBANK,2023-09-18T20:28:18.203,2023-09-18T20:28:18.203,2023-09-18T20:28:18.203000,DissemDT,2023-09-18T20:28:18.203000,2023-09-20,2023-09-20T09:15:00,aligned,
ca098204-b595-4d84-8592-580e1a7683a7,HDFCBANK,2023-09-18T20:19:01.793,2023-09-18T20:19:01.793,2023-09-18T20:19:01.793000,DissemDT,2023-09-18T20:19:01.793000,2023-09-20,2023-09-20T09:15:00,aligned,
44a47ece-706b-47f6-baad-a348ec749dea,RELIANCE,2023-09-18T19:22:51.987,2023-09-18T19:22:51.987,2023-09-18T19:22:51.987000,DissemDT,2023-09-18T19:22:51.987000,2023-09-20,2023-09-20T09:15:00,aligned,
bd5994a3-2768-420b-913e-a7ee1faa4d0d,RELIANCE,2023-09-18T19:15:59.437,2023-09-18T19:15:59.437,2023-09-18T19:15:59.437000,DissemDT,2023-09-18T19:15:59.437000,2023-09-20,2023-09-20T09:15:00,aligned,
a23ae523-9280-4bd8-8b2a-f4cd9c11f839,NYKAA,2023-09-18T17:43:09.667,2023-09-18T17:43:09.667,2023-09-18T17:43:09.667000,DissemDT,2023-09-18T17:43:09.667000,2023-09-20,2023-09-20T09:15:00,aligned,
16490183-43ae-4694-ab04-531f23d70661,NYKAA,2023-09-18T17:26:19.323,2023-09-18T17:26:19.323,2023-09-18T17:26:19.323000,DissemDT,2023-09-18T17:26:19.323000,2023-09-20,2023-09-20T09:15:00,aligned,
915d0dd0-d902-442e-9c1f-bd3ca9515688,NYKAA,2023-09-18T16:43:26.133,2023-09-18T16:43:26.133,2023-09-18T16:43:26.133000,DissemDT,2023-09-18T16:43:26.133000,2023-09-20,2023-09-20T09:15:00,aligned,
07ec94f2-f5eb-4269-863c-4a860d5fe98b,NYKAA,2023-09-18T16:37:02.333,2023-09-18T16:37:02.333,2023-09-18T16:37:02.333000,DissemDT,2023-09-18T16:37:02.333000,2023-09-20,2023-09-20T09:15:00,aligned,
8b097537-01a7-467a-beb6-1f072dec6897,HDFCBANK,2023-09-18T15:51:15.7,2023-09-18T15:51:15.7,2023-09-18T15:51:15.700000,DissemDT,2023-09-18T15:51:15.700000,2023-09-20,2023-09-20T09:15:00,aligned,
b71f7255-e6da-4b7f-87d5-9fead20ca3e7,HDFCBANK,2023-09-18T14:07:52.2,2023-09-18T14:07:52.2,2023-09-18T14:07:52.200000,DissemDT,2023-09-18T14:07:52.200000,2023-09-18,2023-09-18T14:08:00,aligned,
7af18c47-aa4d-4047-b8b3-9292f4d67fbe,NYKAA,2023-09-18T13:51:19.83,2023-09-18T13:51:19.83,2023-09-18T13:51:19.830000,DissemDT,2023-09-18T13:51:19.830000,2023-09-18,2023-09-18T13:52:00,aligned,
f12b7247-cd90-48b0-af23-4ebeb3d29f0f,NYKAA,2023-09-18T09:18:47.897,2023-09-18T09:18:47.897,2023-09-18T09:18:47.897000,DissemDT,2023-09-18T09:18:47.897000,2023-09-18,2023-09-18T09:19:00,aligned,
487147a8-3e66-437f-9126-27b8d799836b,HDFCBANK,2023-09-16T17:15:49.943,2023-09-16T17:15:49.943,2023-09-16T17:15:49.943000,DissemDT,2023-09-16T17:15:49.943000,2023-09-18,2023-09-18T09:15:00,aligned,
ce20c0b7-129f-43d6-8abe-7538c05a2570,RELIANCE,2023-09-15T18:55:40.14,2023-09-15T18:55:40.14,2023-09-15T18:55:40.140000,DissemDT,2023-09-15T18:55:40.140000,2023-09-18,2023-09-18T09:15:00,aligned,
a9b41833-c759-4490-b839-c4f0f0b89aac,HAL,2023-09-15T17:22:38.493,2023-09-15T17:22:38.493,2023-09-15T17:22:38.493000,DissemDT,2023-09-15T17:22:38.493000,2023-09-18,2023-09-18T09:15:00,aligned,
4699e156-8ed3-437a-a370-23b4ca21c0fc,HDFCBANK,2023-09-15T15:34:43.72,2023-09-15T15:34:43.72,2023-09-15T15:34:43.720000,DissemDT,2023-09-15T15:34:43.720000,2023-09-18,2023-09-18T09:15:00,aligned,
b6b8f15a-9aa0-4618-89c6-001f6c03fc4b,RELIANCE,2023-09-14T22:48:21.107,2023-09-14T22:48:21.107,2023-09-14T22:48:21.107000,DissemDT,2023-09-14T22:48:21.107000,2023-09-15,2023-09-15T09:15:00,aligned,
ad7254a5-f0ef-4f97-80dd-fdbf78f61d82,RELIANCE,2023-09-14T22:36:08.013,2023-09-14T22:36:08.013,2023-09-14T22:36:08.013000,DissemDT,2023-09-14T22:36:08.013000,2023-09-15,2023-09-15T09:15:00,aligned,
eadb380b-955d-41dc-a012-81bc47521f3d,HDFCBANK,2023-09-14T21:39:16.16,2023-09-14T21:39:16.16,2023-09-14T21:39:16.160000,DissemDT,2023-09-14T21:39:16.160000,2023-09-15,2023-09-15T09:15:00,aligned,
60104303-c284-46d2-81a1-89c501eb92a3,RELIANCE,2023-09-14T18:50:01.547,2023-09-14T18:50:01.547,2023-09-14T18:50:01.547000,DissemDT,2023-09-14T18:50:01.547000,2023-09-15,2023-09-15T09:15:00,aligned,
45a43e2c-1cab-4688-9373-be76ed7e8568,HDFCBANK,2023-09-13T22:53:38.17,2023-09-13T22:53:38.17,2023-09-13T22:53:38.170000,DissemDT,2023-09-13T22:53:38.170000,2023-09-14,2023-09-14T09:15:00,aligned,
13706663-7a4f-4883-8d44-f0096ab12455,HDFCBANK,2023-09-13T21:54:36.417,2023-09-13T21:54:36.417,2023-09-13T21:54:36.417000,DissemDT,2023-09-13T21:54:36.417000,2023-09-14,2023-09-14T09:15:00,aligned,
88b92743-8b4e-4198-86a1-4d5012944157,HDFCBANK,2023-09-13T21:41:52.143,2023-09-13T21:41:52.143,2023-09-13T21:41:52.143000,DissemDT,2023-09-13T21:41:52.143000,2023-09-14,2023-09-14T09:15:00,aligned,
640c26c1-4241-4a71-bd76-74f3e73d05c4,RELIANCE,2023-09-13T18:58:32.957,2023-09-13T18:58:32.957,2023-09-13T18:58:32.957000,DissemDT,2023-09-13T18:58:32.957000,2023-09-14,2023-09-14T09:15:00,aligned,
5d3aaf13-dbb3-477f-85f4-523dd3bef090,RVNL,2023-09-13T13:09:35.787,2023-09-13T13:09:35.787,2023-09-13T13:09:35.787000,DissemDT,2023-09-13T13:09:35.787000,2023-09-13,2023-09-13T13:10:00,aligned,
1c6e148b-2e35-43e1-adba-c7fc2f786889,RELIANCE,2023-09-12T21:09:49.67,2023-09-12T21:09:49.67,2023-09-12T21:09:49.670000,DissemDT,2023-09-12T21:09:49.670000,2023-09-13,2023-09-13T09:15:00,aligned,
e11ced08-00ad-4d6c-81b8-04e4433a4289,RELIANCE,2023-09-12T19:16:05.867,2023-09-12T19:16:05.867,2023-09-12T19:16:05.867000,DissemDT,2023-09-12T19:16:05.867000,2023-09-13,2023-09-13T09:15:00,aligned,
7f854943-2b8a-4d5f-a4a7-4538081cd1d5,HAL,2023-09-12T14:31:50.297,2023-09-12T14:31:50.297,2023-09-12T14:31:50.297000,DissemDT,2023-09-12T14:31:50.297000,2023-09-12,2023-09-12T14:32:00,aligned,
c2fa3ca7-676a-4bdf-8471-da0f7d1baa56,RELIANCE,2023-09-11T19:58:57.09,2023-09-11T19:58:57.09,2023-09-11T19:58:57.090000,DissemDT,2023-09-11T19:58:57.090000,2023-09-12,2023-09-12T09:15:00,aligned,
1e6f59bb-a658-4e18-9e90-6579b5401044,RELIANCE,2023-09-11T18:50:22.327,2023-09-11T18:50:22.327,2023-09-11T18:50:22.327000,DissemDT,2023-09-11T18:50:22.327000,2023-09-12,2023-09-12T09:15:00,aligned,
0defb6e0-50fd-4240-ad5c-2edbd1e3c8a4,HDFCBANK,2023-09-08T20:26:43.97,2023-09-08T20:26:43.97,2023-09-08T20:26:43.970000,DissemDT,2023-09-08T20:26:43.970000,2023-09-11,2023-09-11T09:15:00,aligned,
d37dcb04-f3e0-4370-9ce9-fcb1c400d7dc,HDFCBANK,2023-09-08T20:07:18.17,2023-09-08T20:07:18.17,2023-09-08T20:07:18.170000,DissemDT,2023-09-08T20:07:18.170000,2023-09-11,2023-09-11T09:15:00,aligned,
1b05d9c3-22f2-4d1b-8b9f-0c6e54d94171,RELIANCE,2023-09-08T19:47:09.45,2023-09-08T19:47:09.45,2023-09-08T19:47:09.450000,DissemDT,2023-09-08T19:47:09.450000,2023-09-11,2023-09-11T09:15:00,aligned,
9785b7bd-3d43-498b-9334-cff13291b25f,RELIANCE,2023-09-08T18:22:40.803,2023-09-08T18:22:40.803,2023-09-08T18:22:40.803000,DissemDT,2023-09-08T18:22:40.803000,2023-09-11,2023-09-11T09:15:00,aligned,
8c91a1d6-74d0-491c-ba7d-7fcf3bd28b45,RELIANCE,2023-09-07T19:36:46.6,2023-09-07T19:36:46.6,2023-09-07T19:36:46.600000,DissemDT,2023-09-07T19:36:46.600000,2023-09-08,2023-09-08T09:15:00,aligned,
8765423a-9e7d-498e-8dd6-b8afd1213c9b,HDFCBANK,2023-09-07T18:11:24.773,2023-09-07T18:11:24.773,2023-09-07T18:11:24.773000,DissemDT,2023-09-07T18:11:24.773000,2023-09-08,2023-09-08T09:15:00,aligned,
bef324ac-281b-4148-99f6-2de5547568d1,RELIANCE,2023-09-06T19:57:07.827,2023-09-06T19:57:07.827,2023-09-06T19:57:07.827000,DissemDT,2023-09-06T19:57:07.827000,2023-09-07,2023-09-07T09:15:00,aligned,
22156391-c3f0-4bbf-98b7-72192f849923,RELIANCE,2023-09-06T18:46:07.553,2023-09-06T18:46:07.553,2023-09-06T18:46:07.553000,DissemDT,2023-09-06T18:46:07.553000,2023-09-07,2023-09-07T09:15:00,aligned,
728f7dd8-2f3b-4575-a280-e1c536c223f3,NYKAA,2023-09-06T15:50:43.983,2023-09-06T15:50:43.983,2023-09-06T15:50:43.983000,DissemDT,2023-09-06T15:50:43.983000,2023-09-07,2023-09-07T09:15:00,aligned,
47ca6e02-250f-4124-b53f-6acf938830f8,RELIANCE,2023-09-05T19:21:35.613,2023-09-05T19:21:35.613,2023-09-05T19:21:35.613000,DissemDT,2023-09-05T19:21:35.613000,2023-09-06,2023-09-06T09:15:00,aligned,
5ff06aba-ddc8-49b9-92aa-c62bec9c2604,RELIANCE,2023-09-05T19:18:40.33,2023-09-05T19:18:40.33,2023-09-05T19:18:40.330000,DissemDT,2023-09-05T19:18:40.330000,2023-09-06,2023-09-06T09:15:00,aligned,
1e43f13d-4941-43eb-9ecd-cebb97e5f318,NYKAA,2023-09-05T12:01:24.44,2023-09-05T12:01:24.44,2023-09-05T12:01:24.440000,DissemDT,2023-09-05T12:01:24.440000,2023-09-05,2023-09-05T12:02:00,aligned,
7261a3fd-e259-4266-9291-f8299bcb86a2,HDFCBANK,2023-09-04T18:52:32.017,2023-09-04T18:52:32.017,2023-09-04T18:52:32.017000,DissemDT,2023-09-04T18:52:32.017000,2023-09-05,2023-09-05T09:15:00,aligned,
f0e313a9-4e4e-4934-bd55-5f5b8d32f87a,HDFCBANK,2023-09-04T18:47:12.93,2023-09-04T18:47:12.93,2023-09-04T18:47:12.930000,DissemDT,2023-09-04T18:47:12.930000,2023-09-05,2023-09-05T09:15:00,aligned,
418eb79b-adcb-46b6-937f-49e9cc8fa99a,HDFCBANK,2023-09-04T18:19:56.45,2023-09-04T18:19:56.45,2023-09-04T18:19:56.450000,DissemDT,2023-09-04T18:19:56.450000,2023-09-05,2023-09-05T09:15:00,aligned,
d84886ac-b128-4566-a601-1f25a6b00f2d,RVNL,2023-09-04T17:58:42.867,2023-09-04T17:58:42.867,2023-09-04T17:58:42.867000,DissemDT,2023-09-04T17:58:42.867000,2023-09-05,2023-09-05T09:15:00,aligned,
c059d93b-7b22-4358-82b8-15b6906fc05c,RVNL,2023-09-03T12:03:47.423,2023-09-03T12:03:47.423,2023-09-03T12:03:47.423000,DissemDT,2023-09-03T12:03:47.423000,2023-09-04,2023-09-04T09:15:00,aligned,
889abac0-d38e-4632-a6a1-02e5821b9555,RVNL,2023-09-02T22:48:26.693,2023-09-02T22:48:26.693,2023-09-02T22:48:26.693000,DissemDT,2023-09-02T22:48:26.693000,2023-09-04,2023-09-04T09:15:00,aligned,
01397cc7-7c87-4a86-927f-6f7f8f79fab6,RVNL,2023-09-02T18:09:35.357,2023-09-02T18:09:35.357,2023-09-02T18:09:35.357000,DissemDT,2023-09-02T18:09:35.357000,2023-09-04,2023-09-04T09:15:00,aligned,
5f98da30-f506-42be-98ea-fbb3ef4d6693,RVNL,2023-09-02T18:07:28.057,2023-09-02T18:07:28.057,2023-09-02T18:07:28.057000,DissemDT,2023-09-02T18:07:28.057000,2023-09-04,2023-09-04T09:15:00,aligned,
8f7195b8-0491-4138-982b-adedcba341d8,RVNL,2023-09-02T17:18:04.79,2023-09-02T17:18:04.79,2023-09-02T17:18:04.790000,DissemDT,2023-09-02T17:18:04.790000,2023-09-04,2023-09-04T09:15:00,aligned,
84e811ff-b5a9-4dc8-86cc-9bf7dcca36e3,RVNL,2023-09-02T17:13:43.373,2023-09-02T17:13:43.373,2023-09-02T17:13:43.373000,DissemDT,2023-09-02T17:13:43.373000,2023-09-04,2023-09-04T09:15:00,aligned,
5798216c-9665-4974-98d7-656578ffac8c,NYKAA,2023-09-02T15:52:27.39,2023-09-02T15:52:27.39,2023-09-02T15:52:27.390000,DissemDT,2023-09-02T15:52:27.390000,2023-09-04,2023-09-04T09:15:00,aligned,
e4ab8af8-afe7-4c56-8482-afe95459f7bd,RVNL,2023-09-01T22:56:48,2023-09-01T22:56:48,2023-09-01T22:56:48,DissemDT,2023-09-01T22:56:48,2023-09-04,2023-09-04T09:15:00,aligned,
ff282da5-cb27-4d8c-aa3c-061b45b99031,RELIANCE,2023-09-01T19:43:32.123,2023-09-01T19:43:32.123,2023-09-01T19:43:32.123000,DissemDT,2023-09-01T19:43:32.123000,2023-09-04,2023-09-04T09:15:00,aligned,
ebc3cbb6-2b30-48e7-b918-4efad14db4a9,RELIANCE,2023-09-01T19:41:22.303,2023-09-01T19:41:22.303,2023-09-01T19:41:22.303000,DissemDT,2023-09-01T19:41:22.303000,2023-09-04,2023-09-04T09:15:00,aligned,
a04d2af4-2905-4def-a479-fc4aa04ab654,RELIANCE,2023-09-01T19:13:22.33,2023-09-01T19:13:22.33,2023-09-01T19:13:22.330000,DissemDT,2023-09-01T19:13:22.330000,2023-09-04,2023-09-04T09:15:00,aligned,
02f95dcd-6657-49c6-9f86-a69bdf9ca5e6,HAL,2023-09-01T17:09:24.247,2023-09-01T17:09:24.247,2023-09-01T17:09:24.247000,DissemDT,2023-09-01T17:09:24.247000,2023-09-04,2023-09-04T09:15:00,aligned,
e71b6c61-387e-45fd-a140-64bfee494ec3,HAL,2023-09-01T17:06:56.487,2023-09-01T17:06:56.487,2023-09-01T17:06:56.487000,DissemDT,2023-09-01T17:06:56.487000,2023-09-04,2023-09-04T09:15:00,aligned,
6e4f0ba2-3234-4376-99c8-779b8c494450,HAL,2023-09-01T17:02:53.89,2023-09-01T17:02:53.89,2023-09-01T17:02:53.890000,DissemDT,2023-09-01T17:02:53.890000,2023-09-04,2023-09-04T09:15:00,aligned,
1dc927a7-73bf-490f-be65-3a36e7119b6a,HAL,2023-09-01T17:01:27.883,2023-09-01T17:01:27.883,2023-09-01T17:01:27.883000,DissemDT,2023-09-01T17:01:27.883000,2023-09-04,2023-09-04T09:15:00,aligned,
31cec2fa-69f9-4098-961d-c9845b8917bd,HAL,2023-09-01T16:15:05.74,2023-09-01T16:15:05.74,2023-09-01T16:15:05.740000,DissemDT,2023-09-01T16:15:05.740000,2023-09-04,2023-09-04T09:15:00,aligned,
e86f532d-d208-410a-9733-4f9c88c6c1d3,NYKAA,2023-09-01T12:14:56.767,2023-09-01T12:14:56.767,2023-09-01T12:14:56.767000,DissemDT,2023-09-01T12:14:56.767000,2023-09-01,2023-09-01T12:15:00,aligned,
cceff84c-c394-483a-9ccb-dc53620308c5,RELIANCE,2023-08-31T23:04:26.08,2023-08-31T23:04:26.08,2023-08-31T23:04:26.080000,DissemDT,2023-08-31T23:04:26.080000,2023-09-01,2023-09-01T09:15:00,aligned,
b3783604-b13b-4671-87f8-ec9287280b70,RELIANCE,2023-08-31T21:57:42.567,2023-08-31T21:57:42.567,2023-08-31T21:57:42.567000,DissemDT,2023-08-31T21:57:42.567000,2023-09-01,2023-09-01T09:15:00,aligned,
3ea2a2f1-8eb2-4a27-93f4-c5c9a3ee66cb,NYKAA,2023-08-31T17:57:34.6,2023-08-31T17:57:34.6,2023-08-31T17:57:34.600000,DissemDT,2023-08-31T17:57:34.600000,2023-09-01,2023-09-01T09:15:00,aligned,
a68a35aa-c8cb-40f8-b6f7-a065af684a3b,HAL,2023-08-31T17:56:43.077,2023-08-31T17:56:43.077,2023-08-31T17:56:43.077000,DissemDT,2023-08-31T17:56:43.077000,2023-09-01,2023-09-01T09:15:00,aligned,
564b5937-692e-42a4-b0cd-b743a93cf9b7,RELIANCE,2023-08-30T19:52:10.02,2023-08-30T19:52:10.02,2023-08-30T19:52:10.020000,DissemDT,2023-08-30T19:52:10.020000,2023-08-31,2023-08-31T09:15:00,aligned,
b0a02879-a987-41f0-a33f-4de6b421033b,RVNL,2023-08-30T18:07:31.65,2023-08-30T18:07:31.65,2023-08-30T18:07:31.650000,DissemDT,2023-08-30T18:07:31.650000,2023-08-31,2023-08-31T09:15:00,aligned,
426754e4-72f3-44bc-b232-1cb0d06cb8ed,RVNL,2023-08-30T15:05:46.24,2023-08-30T15:05:46.24,2023-08-30T15:05:46.240000,DissemDT,2023-08-30T15:05:46.240000,2023-08-30,2023-08-30T15:06:00,aligned,
eac249e7-5266-4daa-8a09-f3570c923e50,RELIANCE,2023-08-29T21:54:25.523,2023-08-29T21:54:25.523,2023-08-29T21:54:25.523000,DissemDT,2023-08-29T21:54:25.523000,2023-08-30,2023-08-30T09:15:00,aligned,
12b2a9a0-8025-4a9d-ba92-2370b974b9ff,RELIANCE,2023-08-29T21:52:48.99,2023-08-29T21:52:48.99,2023-08-29T21:52:48.990000,DissemDT,2023-08-29T21:52:48.990000,2023-08-30,2023-08-30T09:15:00,aligned,
d22cad0b-6933-416b-8bb1-1fcaa2d48502,RELIANCE,2023-08-29T19:29:37.707,2023-08-29T19:29:37.707,2023-08-29T19:29:37.707000,DissemDT,2023-08-29T19:29:37.707000,2023-08-30,2023-08-30T09:15:00,aligned,
6f8af48c-82d6-4986-8f87-66507624c2fe,RELIANCE,2023-08-29T19:22:51.677,2023-08-29T19:22:51.677,2023-08-29T19:22:51.677000,DissemDT,2023-08-29T19:22:51.677000,2023-08-30,2023-08-30T09:15:00,aligned,
f7bbb262-4263-4633-a789-dfe0e0a2d0ee,HDFCBANK,2023-08-29T18:53:26.37,2023-08-29T18:53:26.37,2023-08-29T18:53:26.370000,DissemDT,2023-08-29T18:53:26.370000,2023-08-30,2023-08-30T09:15:00,aligned,
0a12dacb-a488-4931-9b31-059e6abb7eca,RVNL,2023-08-29T18:21:19.45,2023-08-29T18:21:19.45,2023-08-29T18:21:19.450000,DissemDT,2023-08-29T18:21:19.450000,2023-08-30,2023-08-30T09:15:00,aligned,
708941be-353d-4bc4-b275-ad0038379435,RVNL,2023-08-29T18:15:47.217,2023-08-29T18:15:47.217,2023-08-29T18:15:47.217000,DissemDT,2023-08-29T18:15:47.217000,2023-08-30,2023-08-30T09:15:00,aligned,
9c9fb42f-628f-4451-9474-2c88bc275db9,RVNL,2023-08-29T18:05:46.243,2023-08-29T18:05:46.243,2023-08-29T18:05:46.243000,DissemDT,2023-08-29T18:05:46.243000,2023-08-30,2023-08-30T09:15:00,aligned,
1608eb3e-0827-43f4-9782-7ad7f34fef83,NYKAA,2023-08-29T14:43:40.09,2023-08-29T14:43:40.09,2023-08-29T14:43:40.090000,DissemDT,2023-08-29T14:43:40.090000,2023-08-29,2023-08-29T14:44:00,aligned,
086c92f0-5c4c-4f40-88fd-8e8e217de8ea,HDFCBANK,2023-08-29T12:44:55.427,2023-08-29T12:44:55.427,2023-08-29T12:44:55.427000,DissemDT,2023-08-29T12:44:55.427000,2023-08-29,2023-08-29T12:45:00,aligned,
4ca8baf8-993e-449f-8556-26560c2039c8,RELIANCE,2023-08-28T23:47:41.397,2023-08-28T23:47:41.397,2023-08-28T23:47:41.397000,DissemDT,2023-08-28T23:47:41.397000,2023-08-29,2023-08-29T09:15:00,aligned,
4bf9ce1e-88c8-4172-b318-9548702a1efe,RELIANCE,2023-08-28T23:38:14.053,2023-08-28T23:38:14.053,2023-08-28T23:38:14.053000,DissemDT,2023-08-28T23:38:14.053000,2023-08-29,2023-08-29T09:15:00,aligned,
9eaa0636-906b-4441-9446-900dbe82dc06,RELIANCE,2023-08-28T23:33:17.867,2023-08-28T23:33:17.867,2023-08-28T23:33:17.867000,DissemDT,2023-08-28T23:33:17.867000,2023-08-29,2023-08-29T09:15:00,aligned,
5d789c9b-6590-4157-a9c4-2a661aeae2bd,HAL,2023-08-28T17:56:31.123,2023-08-28T17:56:31.123,2023-08-28T17:56:31.123000,DissemDT,2023-08-28T17:56:31.123000,2023-08-29,2023-08-29T09:15:00,aligned,
0212d7ac-9a4c-418b-8400-1bd32cc8784e,RELIANCE,2023-08-28T16:56:02.11,2023-08-28T16:56:02.11,2023-08-28T16:56:02.110000,DissemDT,2023-08-28T16:56:02.110000,2023-08-29,2023-08-29T09:15:00,aligned,
7d19f502-a8a3-44e3-8d81-f5818bf89742,RELIANCE,2023-08-28T16:04:19.343,2023-08-28T16:04:19.343,2023-08-28T16:04:19.343000,DissemDT,2023-08-28T16:04:19.343000,2023-08-29,2023-08-29T09:15:00,aligned,
8871db25-bfb6-45f7-8937-673f4533c6a9,RELIANCE,2023-08-28T14:08:09.48,2023-08-28T14:08:09.48,2023-08-28T14:08:09.480000,DissemDT,2023-08-28T14:08:09.480000,2023-08-28,2023-08-28T14:09:00,aligned,
bc2b33d3-eab8-4f87-a654-0965fea03556,RELIANCE,2023-08-28T14:07:09.46,2023-08-28T14:07:09.46,2023-08-28T14:07:09.460000,DissemDT,2023-08-28T14:07:09.460000,2023-08-28,2023-08-28T14:08:00,aligned,
8dd072a4-d79f-4b1e-8912-df3cab7fc7a2,HDFCBANK,2023-08-28T12:17:20.157,2023-08-28T12:17:20.157,2023-08-28T12:17:20.157000,DissemDT,2023-08-28T12:17:20.157000,2023-08-28,2023-08-28T12:18:00,aligned,
4b0559f7-96dd-4329-8ca5-b26d2a612ea8,HDFCBANK,2023-08-25T20:57:51.65,2023-08-25T20:57:51.65,2023-08-25T20:57:51.650000,DissemDT,2023-08-25T20:57:51.650000,2023-08-28,2023-08-28T09:15:00,aligned,
875807c3-f585-41b3-a411-5e0906ccf86e,RELIANCE,2023-08-25T19:42:05.717,2023-08-25T19:42:05.717,2023-08-25T19:42:05.717000,DissemDT,2023-08-25T19:42:05.717000,2023-08-28,2023-08-28T09:15:00,aligned,
f075ad2a-299d-49a0-8702-7e2d0a35b778,HDFCBANK,2023-08-25T17:09:41.82,2023-08-25T17:09:41.82,2023-08-25T17:09:41.820000,DissemDT,2023-08-25T17:09:41.820000,2023-08-28,2023-08-28T09:15:00,aligned,
5e4aba85-29de-410f-9fef-b78ddd7d6ee2,NYKAA,2023-08-25T12:55:20.85,2023-08-25T12:55:20.85,2023-08-25T12:55:20.850000,DissemDT,2023-08-25T12:55:20.850000,2023-08-25,2023-08-25T12:56:00,aligned,
d9fa6b62-37f4-4864-9278-202ecbddbb6c,RELIANCE,2023-08-24T20:53:21.857,2023-08-24T20:53:21.857,2023-08-24T20:53:21.857000,DissemDT,2023-08-24T20:53:21.857000,2023-08-25,2023-08-25T09:15:00,aligned,
b45908fd-4119-47a2-90fa-801237f2d639,RELIANCE,2023-08-24T20:45:22.41,2023-08-24T20:45:22.41,2023-08-24T20:45:22.410000,DissemDT,2023-08-24T20:45:22.410000,2023-08-25,2023-08-25T09:15:00,aligned,
9268dc9d-afeb-46b3-8282-c11641c26753,NYKAA,2023-08-24T15:06:57.593,2023-08-24T15:06:57.593,2023-08-24T15:06:57.593000,DissemDT,2023-08-24T15:06:57.593000,2023-08-24,2023-08-24T15:07:00,aligned,
2b616292-b9e1-4bd7-9024-a400ee899f4e,NYKAA,2023-08-24T14:02:42.95,2023-08-24T14:02:42.95,2023-08-24T14:02:42.950000,DissemDT,2023-08-24T14:02:42.950000,2023-08-24,2023-08-24T14:03:00,aligned,
070773f0-8be8-4fd4-b30e-233e663b0902,NYKAA,2023-08-24T13:53:50.01,2023-08-24T13:53:50.01,2023-08-24T13:53:50.010000,DissemDT,2023-08-24T13:53:50.010000,2023-08-24,2023-08-24T13:54:00,aligned,
b395e3e8-c491-4040-a1c4-b26f10ba3218,NYKAA,2023-08-24T12:10:08.9,2023-08-24T12:10:08.9,2023-08-24T12:10:08.900000,DissemDT,2023-08-24T12:10:08.900000,2023-08-24,2023-08-24T12:11:00,aligned,
b0efa15d-0abe-41b5-aa85-2c7a75abdb2a,RELIANCE,2023-08-23T19:23:35.44,2023-08-23T19:23:35.44,2023-08-23T19:23:35.440000,DissemDT,2023-08-23T19:23:35.440000,2023-08-24,2023-08-24T09:15:00,aligned,
c12e09e3-0f40-4f05-958e-eed602aa0b1f,HDFCBANK,2023-08-23T18:55:03.123,2023-08-23T18:55:03.123,2023-08-23T18:55:03.123000,DissemDT,2023-08-23T18:55:03.123000,2023-08-24,2023-08-24T09:15:00,aligned,
d833e701-87d8-4a3b-b3db-c9d97100d440,RVNL,2023-08-23T18:36:40.897,2023-08-23T18:36:40.897,2023-08-23T18:36:40.897000,DissemDT,2023-08-23T18:36:40.897000,2023-08-24,2023-08-24T09:15:00,aligned,
d9de7773-d48b-4140-904a-6f736773dc4c,HAL,2023-08-23T17:38:08.58,2023-08-23T17:38:08.58,2023-08-23T17:38:08.580000,DissemDT,2023-08-23T17:38:08.580000,2023-08-24,2023-08-24T09:15:00,aligned,
3bc3dde2-27d2-4f48-8c0a-a45fe2b19dff,HDFCBANK,2023-08-23T16:35:17.66,2023-08-23T16:35:17.66,2023-08-23T16:35:17.660000,DissemDT,2023-08-23T16:35:17.660000,2023-08-24,2023-08-24T09:15:00,aligned,
a4a68d8b-f08a-4c96-9273-877ec31dd72f,RELIANCE,2023-08-23T16:10:14.397,2023-08-23T16:10:14.397,2023-08-23T16:10:14.397000,DissemDT,2023-08-23T16:10:14.397000,2023-08-24,2023-08-24T09:15:00,aligned,
7aac853a-0418-48a9-822f-ee6beb394748,RELIANCE,2023-08-23T10:29:12.55,2023-08-23T10:29:12.55,2023-08-23T10:29:12.550000,DissemDT,2023-08-23T10:29:12.550000,2023-08-23,2023-08-23T10:30:00,aligned,
38535f2a-104a-47ed-8c32-1c966af12122,RELIANCE,2023-08-22T20:16:36.883,2023-08-22T20:16:36.883,2023-08-22T20:16:36.883000,DissemDT,2023-08-22T20:16:36.883000,2023-08-23,2023-08-23T09:15:00,aligned,
f65eb10d-724b-4b74-963a-b54ccc7a49dc,RELIANCE,2023-08-22T20:08:57.96,2023-08-22T20:08:57.96,2023-08-22T20:08:57.960000,DissemDT,2023-08-22T20:08:57.960000,2023-08-23,2023-08-23T09:15:00,aligned,
8dd6068c-176c-4fe7-aa17-cd60df7125b3,RELIANCE,2023-08-22T19:58:13.133,2023-08-22T19:58:13.133,2023-08-22T19:58:13.133000,DissemDT,2023-08-22T19:58:13.133000,2023-08-23,2023-08-23T09:15:00,aligned,
0e6a9da6-ac10-4061-af87-1809e8bfd4a5,RVNL,2023-08-22T17:38:07.087,2023-08-22T17:38:07.087,2023-08-22T17:38:07.087000,DissemDT,2023-08-22T17:38:07.087000,2023-08-23,2023-08-23T09:15:00,aligned,
3ec37b08-d06c-4b0e-a288-b3360a9cca47,HDFCBANK,2023-08-22T15:39:01.15,2023-08-22T15:39:01.15,2023-08-22T15:39:01.150000,DissemDT,2023-08-22T15:39:01.150000,2023-08-23,2023-08-23T09:15:00,aligned,
593fae8a-832d-493d-aa10-9e76debbe034,HDFCBANK,2023-08-21T21:05:27.31,2023-08-21T21:05:27.31,2023-08-21T21:05:27.310000,DissemDT,2023-08-21T21:05:27.310000,2023-08-22,2023-08-22T09:15:00,aligned,
596c1aa4-a879-472c-b864-dd4b52ca7c98,RVNL,2023-08-21T18:16:15.45,2023-08-21T18:16:15.45,2023-08-21T18:16:15.450000,DissemDT,2023-08-21T18:16:15.450000,2023-08-22,2023-08-22T09:15:00,aligned,
